year,economy,economycode,regionwb,pop_adult,wpid_random,wgt,female,age,educ,inc_q,emp_in,urbanicity,account_fin,account_mob,account,dig_account,borrowed,saved,receive_wages,receive_transfers,receive_pensions,receive_agriculture,merchantpay_dig,pay_utilities,domestic_remittances,anydigpayment,fin2,fin3,fin4,fin5,fin6,fin7,fin8,fin9a,fin9b,fin10,fin11_0,fin11_1,fin11_2,fin11a,fin11b,fin11c,fin11d,fin11e,fin11f,fin13_1,fin13a,fin13b,fin13c,fin13d,fin13e,fin13f,fin13f_1,fin14a,fin14b,fin14c,fin14d,fin14e,fin15,fin16,fin17a,fin17b,fin17c,fin17d,fin17e,fin17f,fin18,fin19,fin20,fin21,fin22a,fin22a_1,fin22b,fin22c,fin22d,fin22e,fin22f,fin22g,fin22h,fin23,fin24,fin24a,fin24b,fin24c,fin24d1,fin24d2,fin24d3,fin25e1,fin25e2,fin25e3,fin25e4,fin26a,fin26b,fin27,fh1,fin28,fh2,fin29,fh2a,fin30,fin31a,fin31b,fin31c,fin31d,fin32,fin33,fin34a,fin34b,fin34c,fin34d,fin35,fin36,fin36a,fin37,fin38,fin39a,fin39b,fin39c,fin39d,fin40,fin41,fin41a,fin42,fin43a,fin43b,fin43c,fin43d,fin44,fin45,internet_use,con1,con2a,con2b,con2c,con2d,con2e,con2f,con2g,con3,con4,con5,con6,con7,con8,con9,con10,con11,con12,con13,con14,con15,con16,con17,con18,con19,con20,con21,con22,con23,con24,con25,con26,con27,con28,con29,con30a,con30b,con30c,con30d,con30e,con30f,con30g,con30h,con31a,con31b,con31c,con31d,con31e,con31f,con31g,con31h,con32,fin46,fin47,fin48a,fin48b,fin48c,fin48d,fin48e,fin48f,fin49a,fin49b,fin49c,fin49d,fin49e,fin49f,fin50,fin51
2024,"Egypt, Arab Rep.",EGY,Middle East & North Africa (excluding high income),77385958,111274973,0.933698323,2,26,2,1,2,2,0,0,0,0,1,0,4,4,4,4,0,4,3,0,2,,,,,,,,,,2,2,1,2,1,2,2,2,1,,,,,,,,,,,,,,,,2,,2,,,,2,2,2,,2,,1,,1,2,1,,,,7,,1,2,,,,,,,,,,,2,,2,,2,2,,,,,2,,,,,,,,,2,2,,,,,,,,2,,,,,,4,1,1,,,,,,,,,,,,,,1,,2,1,,1,,1,1,1,1,2,2,,2,1,,1,2,,1,1,1,1,1,2,2,2,1,,,,,,,,,,1,2,,,,,,,,,,,,,,
2024,"Egypt, Arab Rep.",EGY,Middle East & North Africa (excluding high income),77385958,111305220,0.792093567,2,19,2,3,2,2,0,0,0,0,1,0,2,4,4,4,0,4,3,0,2,,,,,,,,,,2,2,1,2,2,1,1,2,1,,,,,,,,,,,,,,,,2,,2,,,,2,2,2,,2,,1,,1,2,2,,,,2,1,4,2,,,,,,,,,,,2,,2,,2,2,,,,,1,2,2,2,1,,,,,2,2,,,,,,,,2,,,,,,5,1,1,,,,,,,,,,,,,,1,,1,1,,2,,,2,1,1,2,2,,2,1,,1,1,3,,1,1,1,1,1,2,2,1,,,,,,,,,,1,2,,,,,,,,,,,,,,
2024,"Egypt, Arab Rep.",EGY,Middle East & North Africa (excluding high income),77385958,111322418,0.671279874,2,32,2,3,1,2,1,0,1,1,0,0,1,4,4,4,0,2,3,1,1,1,1,4,2,,1,1,2,2,,,,,,,,,,,,,,,,,,,,,,,,,2,,2,,,,2,2,2,,2,,2,,2,2,2,,,2,3,1,4,1,2,2,2,2,2,,4,2,2,,2,,2,,2,1,2,2,,1,1,2,1,2,,,2,2,,2,2,,,,,,,,2,,,,,,4,1,1,,,,,,,,,,,,,,1,,1,1,,1,,1,2,1,1,2,2,,1,1,,1,1,3,,1,1,1,2,1,2,2,1,,,,,,,,,,1,2,,,,,,,,,,,,,,
2024,"Egypt, Arab Rep.",EGY,Middle East & North Africa (excluding high income),77385958,111350816,0.27554242,2,33,2,2,1,2,0,0,0,0,1,0,4,4,4,4,0,4,3,0,2,,,,,,,,,,2,2,1,2,2,2,1,2,2,,,,,,,,,,,,,,,,2,,2,,,,2,2,2,,2,,1,,2,2,1,,,,2,1,2,2,,,,,,,,,,,2,,2,,2,2,,,,,2,,,,,,,,,2,2,,,,,,,,2,,,,,,4,1,1,,,,,,,,,,,,,,1,,1,2,,1,,1,2,2,,2,2,,2,1,,1,1,1,,1,1,1,2,1,2,2,2,,,,,,,,,,1,2,,,,,,,,,,,,,,
2024,"Egypt, Arab Rep.",EGY,Middle East & North Africa (excluding high income),77385958,111458594,0.597638371,1,47,1,4,1,1,1,0,1,0,1,0,4,4,4,4,0,2,2,0,1,2,1,2,2,,2,2,2,2,,,,,,,,,,,,,,,,,,,,,,,,,2,,2,,,,2,2,2,,2,,1,,2,2,1,,,,2,2,2,2,,,,2,2,,1,2,2,,2,,1,2,2,1,2,2,,1,2,,,,,,,,,2,2,,,,,,,,2,,,,,,3,0,1,,,,,,,,,,,,,,2,2,1,1,,1,,2,4,2,,2,2,,2,2,2,,,,,,,,,,,,,1,2,2,2,2,2,2,2,1,1,2,,,,,,,,,,,,,,
2024,"Egypt, Arab Rep.",EGY,Middle East & North Africa (excluding high income),77385958,111638902,2.383816069,1,16,1,3,2,2,0,0,0,0,0,0,4,4,4,4,0,2,3,0,2,,,,,,,,,,2,2,2,2,2,2,2,2,2,,,,,,,,,,,,,,,,2,,2,,,,2,2,2,,2,,2,,2,2,2,,,2,7,,4,2,,,,,,,,,,,2,,2,,2,1,2,2,,1,2,,,,,,,,,2,2,,,,,,,,2,,,,,,4,0,2,1,2,2,1,2,2,2,1,2,,,,1,,,,,,,,,,,,,,,,2,2,,,,,,,,,,,,,,,,,,,,,,2,,2,2,1,2,2,2,2,2,2,2,2,2,,
2024,"Egypt, Arab Rep.",EGY,Middle East & North Africa (excluding high income),77385958,111799611,1.292389748,1,52,1,3,1,2,0,0,0,0,1,0,2,4,4,4,0,2,3,0,2,,,,,,,,,,2,2,1,2,2,2,1,1,2,,,,,,,,,,,,,,,,2,,2,,,,2,2,2,,2,,2,,2,2,1,,,2,2,1,4,2,,,,,,,,,,,2,,2,,2,1,2,2,,1,1,2,2,2,1,,,,,2,2,,,,,,,,2,,,,,,3,0,2,1,2,2,1,2,2,1,1,1,1,1,2,,,,,,,,,,,,,,,,,2,2,,,,,,,,,,,,,,,,,,,,,,1,2,,,,,,,,,,,,,,
2024,"Egypt, Arab Rep.",EGY,Middle East & North Africa (excluding high income),77385958,111825172,0.728456547,1,22,2,5,2,2,0,0,0,0,0,0,4,4,4,4,0,2,3,0,2,,,,,,,,,,2,2,2,2,2,2,1,2,2,,,,,,,,,,,,,,,,2,,2,,,,2,2,2,,2,,2,,2,2,2,,,2,5,3,2,2,,,,,,,,,,,2,,2,,1,1,2,2,,1,2,,,,,,,,,2,2,,,,,,,,2,,,,,,4,1,1,,,,,,,,,,,,,,1,,2,1,,1,,1,1,1,1,2,2,,2,2,1,2,1,3,,2,2,1,1,2,2,2,2,,,,,,,,,,1,2,,,,,,,,,,,,,,
2024,"Egypt, Arab Rep.",EGY,Middle East & North Africa (excluding high income),77385958,111892501,1.952274018,2,34,1,3,1,1,0,0,0,0,1,0,2,4,4,4,0,2,3,0,2,,,,,,,,,,2,2,2,2,2,2,1,2,2,,,,,,,,,,,,,,,,2,,2,,,,2,2,2,,2,,1,,1,2,1,,,,7,,2,2,,,,,,,,,,,2,,2,,2,1,2,2,,1,1,2,2,2,1,,,,,2,2,,,,,,,,2,,,,,,4,1,1,,,,,,,,,,,,,,1,,1,1,,2,,,2,1,2,2,2,,2,1,,2,1,2,,2,2,1,2,2,2,2,2,,,,,,,,,,1,2,,,,,,,,,,,,,,
2024,"Egypt, Arab Rep.",EGY,Middle East & North Africa (excluding high income),77385958,111937665,0.577377087,1,42,2,4,2,2,1,0,1,0,1,0,4,1,4,4,0,4,3,1,2,,,,,,,,,,,,,,,,,,,,,,,,,,,,,,,,,,2,,2,,,,2,2,2,,2,,1,,2,2,1,,,,2,1,4,2,,,,,,,,,,,2,,2,,2,2,,,,,2,,,,,,,,,1,2,1,2,,,1,2,,2,,,,,,4,1,1,,,,,,,,,,,,,,1,,1,1,,1,,2,4,2,,2,1,2,2,1,,1,1,3,,1,1,1,1,2,2,2,2,,,,,,,,,,1,2,,,,,,,,,,,,,,
2024,"Egypt, Arab Rep.",EGY,Middle East & North Africa (excluding high income),77385958,112395001,1.197341498,2,20,2,1,1,2,1,1,1,1,1,1,2,4,4,4,1,4,3,1,1,2,2,4,4,2,2,2,1,2,,,,,,,,,,,,,,,,,,,,,,,,,2,1,2,2,1,1,,2,2,,2,2,1,,2,2,2,,,,3,1,1,2,,,,2,2,,3,2,1,3,2,,2,,2,2,,,,,1,1,2,2,1,,,,,2,2,,,,,,,,2,,,,,,5,1,1,,,,,,,,,,,,,,1,,2,1,,1,,1,4,1,1,2,2,,2,1,,1,2,,1,1,1,1,1,1,2,1,2,,,,,,,,,,1,2,,,,,,,,,,,,,,
2024,"Egypt, Arab Rep.",EGY,Middle East & North Africa (excluding high income),77385958,112403728,0.907312165,2,47,3,1,1,2,1,1,1,1,1,0,1,4,4,4,0,2,3,1,1,1,1,2,2,,2,1,1,2,,,,,,,,,,,,,,,,,,,,,,,,,2,2,2,,,,2,2,2,,2,2,1,,2,2,2,,,,2,1,1,2,,,,2,2,,4,2,1,2,2,,2,,2,1,2,2,,1,1,2,1,2,,,2,1,,2,2,,,,,,,,2,,,,,,4,1,1,,,,,,,,,,,,,,1,,1,1,,1,,1,3,1,1,2,1,2,2,1,,1,1,3,,1,2,1,1,2,2,2,2,,,,,,,,,,1,2,,,,,,,,,,,,,,
2024,"Egypt, Arab Rep.",EGY,Middle East & North Africa (excluding high income),77385958,112442359,1.761501729,2,69,1,5,1,2,1,0,1,1,0,0,4,4,4,4,0,1,3,1,1,1,2,3,3,2,1,1,2,2,,,,,,,,,,,,,,,,,,,,,,,,,2,,2,,,,2,2,2,,2,,2,,2,2,2,,,2,2,2,4,2,,,,2,2,,1,2,2,,2,,2,,2,1,1,2,,,2,,,,,,,,,2,2,,,,,,,,2,,,,,,3,1,1,,,,,,,,,,,,,,1,,1,1,,1,,1,3,2,,2,2,,2,1,,1,2,,1,2,2,1,1,2,2,2,2,,,,,,,,,,1,2,,,,,,,,,,,,,,
2024,"Egypt, Arab Rep.",EGY,Middle East & North Africa (excluding high income),77385958,112508335,0.75172106,1,15,2,3,2,1,0,0,0,0,0,0,4,4,4,4,0,4,3,0,2,,,,,,,,,,2,2,2,2,2,2,2,2,2,,,,,,,,,,,,,,,,2,,2,,,,2,2,2,,2,,2,,2,2,2,,,2,2,2,3,2,,,,,,,,,,,2,,2,,2,2,,,,,2,,,,,,,,,2,2,,,,,,,,2,,,,,,5,1,1,,,,,,,,,,,,,,1,,2,1,,1,,1,2,1,1,2,2,,2,1,,1,1,3,,1,1,1,2,1,2,2,2,,,,,,,,,,,,,,,,,,,,,,,,,
2024,"Egypt, Arab Rep.",EGY,Middle East & North Africa (excluding high income),77385958,112583369,0.326234571,1,52,2,4,2,2,0,0,0,0,1,0,4,4,4,4,0,2,2,0,2,,,,,,,,,,2,2,1,2,2,2,1,2,2,,,,,,,,,,,,,,,,2,,2,,,,2,2,2,,2,,1,,1,2,2,,,,2,1,5,2,,,,,,,,,,,2,,1,2,2,1,2,2,,1,2,,,,,,,,,2,2,,,,,,,,2,,,,,,3,0,2,1,1,2,2,2,2,1,7,1,1,2,2,,,,,,,,,,,,,,,,,2,2,,,,,,,,,,,,,,,,,,,,,,1,2,,,,,,,,,,,,,,
2024,"Egypt, Arab Rep.",EGY,Middle East & North Africa (excluding high income),77385958,112654553,0.277834183,2,62,2,2,1,2,1,0,1,0,1,0,4,1,1,4,0,2,2,1,1,2,1,4,2,,2,2,2,2,,,,,,,,,,,,,,,,,,,,,,,,,2,,2,,,,2,2,2,,2,,1,,2,2,2,,,,7,,3,2,,,,2,2,,4,2,2,,2,,1,2,2,1,2,2,,1,2,,,,,,,,,1,1,1,2,,,1,2,,2,,,,,,3,1,1,,,,,,,,,,,,,,1,,1,3,,2,,,3,2,,2,1,2,2,1,,1,2,,2,2,2,2,1,2,2,2,2,,,,,,,,,,1,2,,,,,,,,,,,,,,
2024,"Egypt, Arab Rep.",EGY,Middle East & North Africa (excluding high income),77385958,112694857,0.7800797,1,44,1,4,2,1,1,0,1,0,1,0,4,1,1,4,0,2,3,1,1,2,1,2,2,,2,2,2,2,,,,,,,,,,,,,,,,,,,,,,,,,2,,2,,,,2,2,2,,2,,2,,2,2,1,,,2,2,1,4,2,,,,2,2,,4,2,2,,2,,2,,2,1,2,2,,1,2,,,,,,,,,1,1,1,2,,,1,1,,2,,,,,,4,0,1,,,,,,,,,,,,,,2,2,1,1,,2,,,2,2,,2,2,,2,2,2,,,,,,,,,,,,,1,2,1,2,2,1,2,1,1,1,2,,,,,,,,,,,,,,
2024,"Egypt, Arab Rep.",EGY,Middle East & North Africa (excluding high income),77385958,112698973,2.889474023,2,27,1,4,1,1,1,0,1,0,1,1,1,4,4,4,0,2,2,1,2,2,1,4,3,1,1,2,2,2,,,,,,,,,,,,,,,,,,,,,,,,,2,,2,,,,1,2,2,,2,,1,,1,2,1,,,,5,2,2,2,,,,2,2,,4,2,2,,1,2,1,2,1,1,2,2,,1,1,2,1,2,,,2,1,,2,2,,,,,,,,2,,,,,,3,0,1,,,,,,,,,,,,,,2,2,2,1,,2,,,1,2,,2,2,,2,2,2,,,,,,,,,,,,,1,2,2,2,2,2,2,2,1,1,2,,,,,,,,,,,,,,
2024,"Egypt, Arab Rep.",EGY,Middle East & North Africa (excluding high income),77385958,112703245,0.714265205,2,33,2,1,2,2,1,0,1,0,1,0,4,1,4,4,0,2,3,1,1,2,1,2,2,,2,1,2,2,,,,,,,,,,,,,,,,,,,,,,,,,2,,2,,,,2,2,2,,2,,1,,1,2,1,,,,7,,1,2,,,,2,2,,1,2,2,,2,,2,,2,1,2,2,,1,2,,,,,,,,,1,2,2,2,2,1,1,2,,2,,,,,,4,0,1,,,,,,,,,,,,,,2,2,1,2,,2,,,2,2,,2,2,,2,2,2,,,,,,,,,,,,,1,2,2,1,2,2,2,1,8,1,2,,,,,,,,,,,,,,
2024,"Egypt, Arab Rep.",EGY,Middle East & North Africa (excluding high income),77385958,112871807,2.078632918,1,37,1,3,2,2,0,0,0,0,1,0,4,4,4,4,0,4,3,0,2,,,,,,,,,,2,2,2,2,1,2,1,2,2,,,,,,,,,,,,,,,,2,,2,,,,2,2,2,,2,,1,,2,2,2,,,,2,1,1,2,,,,,,,,,,,2,,2,,2,2,,,,,2,,,,,,,,,2,2,,,,,,,,2,,,,,,3,0,2,1,2,2,1,2,1,1,4,1,2,2,2,,,,,,,,,,,,,,,,,2,2,,,,,,,,,,,,,,,,,,,,,,1,2,,,,,,,,,,,,,,
2024,"Egypt, Arab Rep.",EGY,Middle East & North Africa (excluding high income),77385958,112942135,1.807746301,1,24,1,5,2,2,0,0,0,0,0,0,4,4,4,4,0,4,3,0,2,,,,,,,,,,2,2,2,2,2,2,1,2,2,,,,,,,,,,,,,,,,2,,2,,,,2,2,2,,2,,2,,2,2,2,,,2,4,1,4,2,,,,,,,,,,,2,,2,,2,2,,,,,2,,,,,,,,,2,2,,,,,,,,2,,,,,,3,1,1,,,,,,,,,,,,,,1,,2,1,,1,,1,1,1,1,2,2,,2,1,,2,1,2,,1,1,1,1,2,2,2,2,,,,,,,,,,1,2,,,,,,,,,,,,,,
2024,"Egypt, Arab Rep.",EGY,Middle East & North Africa (excluding high income),77385958,112956972,0.554765921,1,29,2,2,1,2,1,1,1,1,1,0,2,4,4,4,0,4,1,1,1,1,2,2,2,,2,2,2,2,,,,,,,,,,,,,,,,,,,,,,,,,2,2,2,,,,2,2,2,,2,2,1,,2,2,2,,,,7,,2,2,,,,2,2,,4,2,2,,1,1,1,1,2,2,,,,,1,2,2,2,1,,,,,2,2,,,,,,,,2,,,,,,4,1,1,,,,,,,,,,,,,,1,,1,1,,1,,1,1,1,1,2,2,,2,1,,1,1,2,,1,1,1,1,1,2,1,1,,,,,,,,,,1,2,,,,,,,,,,,,,,
2024,"Egypt, Arab Rep.",EGY,Middle East & North Africa (excluding high income),77385958,112996457,0.838631303,1,57,1,2,2,2,1,0,1,1,1,0,4,4,1,4,0,2,3,1,1,1,1,2,2,,2,1,1,2,,,,,,,,,,,,,,,,,,,,,,,,,2,,2,,,,2,2,2,,1,,2,,2,2,1,,,,2,1,4,2,,,,2,2,,1,2,2,,2,,2,,2,1,2,2,,1,2,,,,,,,,,2,1,1,2,,,1,2,,2,,,,,,3,0,1,,,,,,,,,,,,,,2,2,1,1,,2,,,1,2,,2,1,2,2,2,2,,,,,,,,,,,,,2,1,2,1,2,2,2,1,2,1,2,,,,,,,,,,,,,,
2024,"Egypt, Arab Rep.",EGY,Middle East & North Africa (excluding high income),77385958,113023794,0.341200913,2,35,2,3,1,2,1,0,1,0,0,0,1,4,4,4,0,2,3,1,1,2,1,4,2,,2,1,2,2,,,,,,,,,,,,,,,,,,,,,,,,,2,,2,,,,2,2,2,,2,,2,,2,2,2,,,2,7,,4,2,,,,2,2,,4,2,2,,2,,2,,2,1,2,2,,1,1,2,1,2,,,2,1,,2,2,,,,,,,,2,,,,,,4,1,1,,,,,,,,,,,,,,1,,1,1,,1,,1,1,1,1,2,2,,1,1,,1,1,1,,1,1,1,1,1,2,2,2,,,,,,,,,,1,2,,,,,,,,,,,,,,
2024,"Egypt, Arab Rep.",EGY,Middle East & North Africa (excluding high income),77385958,113058588,0.622465548,2,32,2,2,1,2,0,0,0,0,1,0,2,4,4,4,0,4,1,0,2,,,,,,,,,,2,2,1,2,1,2,1,2,2,,,,,,,,,,,,,,,,2,,2,,,,2,2,2,,2,,2,,2,2,2,,,1,2,1,2,2,,,,,,,,,,,2,,1,1,1,2,,,,,1,2,2,2,1,,,,,2,2,,,,,,,,2,,,,,,4,1,1,,,,,,,,,,,,,,1,,1,1,,1,,1,2,1,2,2,2,,2,1,,1,2,,1,1,1,1,1,1,2,2,2,,,,,,,,,,1,1,,,,,,,,,,,,,,
2024,"Egypt, Arab Rep.",EGY,Middle East & North Africa (excluding high income),77385958,113127543,0.871387114,2,60,1,5,1,1,0,0,0,0,1,1,2,4,4,4,0,4,3,0,2,,,,,,,,,,2,2,1,2,2,2,1,2,2,,,,,,,,,,,,,,,,2,,1,,,,,2,2,,2,,1,1,1,2,1,,,,2,1,4,1,2,2,,,,,,,,,2,,2,,1,2,,,,,1,2,2,2,1,,,,,2,2,,,,,,,,2,,,,,,3,0,1,,,,,,,,,,,,,,2,2,1,1,,2,,,2,2,,2,1,2,2,2,2,,,,,,,,,,,,,1,2,2,1,2,2,2,1,1,1,2,,,,,,,,,,,,,,
2024,"Egypt, Arab Rep.",EGY,Middle East & North Africa (excluding high income),77385958,113199230,1.57692456,1,37,1,3,2,2,0,0,0,0,1,0,4,4,4,4,0,2,3,0,2,,,,,,,,,,2,2,2,2,2,2,1,2,2,,,,,,,,,,,,,,,,2,,2,,,,2,2,2,,2,,1,,2,2,2,,,,7,,4,2,,,,,,,,,,,2,,2,,2,1,2,2,,1,2,,,,,,,,,2,2,,,,,,,,2,,,,,,4,0,2,1,2,2,1,2,2,1,4,1,2,2,2,,,,,,,,,,,,,,,,,2,2,,,,,,,,,,,,,,,,,,,,,,1,2,,,,,,,,,,,,,,
2024,"Egypt, Arab Rep.",EGY,Middle East & North Africa (excluding high income),77385958,113227904,2.222913377,2,26,1,4,1,1,0,0,0,0,1,0,2,4,4,4,0,2,2,0,2,,,,,,,,,,2,2,1,2,2,1,1,2,2,,,,,,,,,,,,,,,,2,2,2,,,,2,2,2,,2,2,1,,2,2,1,,,,2,2,2,2,,,,2,2,,4,2,1,2,1,2,2,,1,1,2,2,,1,1,2,2,2,1,,,,,2,2,,,,,,,,2,,,,,,3,1,1,,,,,,,,,,,,,,1,,1,1,,1,,1,4,1,1,2,2,,2,1,,1,1,2,,1,1,1,1,1,2,2,2,,,,,,,,,,1,2,,,,,,,,,,,,,,
2024,"Egypt, Arab Rep.",EGY,Middle East & North Africa (excluding high income),77385958,113313570,1.070171857,1,47,3,3,2,2,0,0,0,0,0,0,4,4,4,4,0,2,3,0,2,,,,,,,,,,2,2,1,2,2,2,1,2,2,,,,,,,,,,,,,,,,2,,2,,,,2,2,2,,2,,2,,2,2,2,,,2,2,2,4,2,,,,,,,,,,,2,,2,,2,1,2,2,,1,2,,,,,,,,,2,2,,,,,,,,2,,,,,,4,0,1,,,,,,,,,,,,,,2,2,1,1,,2,,,2,2,,2,2,,2,2,2,,,,,,,,,,,,,1,2,2,2,2,2,2,1,8,1,2,,,,,,,,,,,,,,
2024,"Egypt, Arab Rep.",EGY,Middle East & North Africa (excluding high income),77385958,113392237,2.889474023,2,28,1,5,1,1,0,1,1,1,1,1,4,4,4,4,0,2,1,1,2,,,,,,,,,,2,1,1,2,2,2,2,3,2,,,,,,,,,,,,,,,,2,1,1,2,2,2,,1,2,,2,2,2,1,2,2,1,,,,2,3,1,2,,,,2,2,,1,2,2,,2,,1,1,2,1,2,2,,1,2,,,,,,,,,2,2,,,,,,,,2,,,,,,3,1,1,,,,,,,,,,,,,,1,,1,1,,1,,1,1,1,1,2,2,,1,1,,1,1,3,,1,1,1,1,1,2,2,2,,,,,,,,,,1,2,,,,,,,,,,,,,,
2024,"Egypt, Arab Rep.",EGY,Middle East & North Africa (excluding high income),77385958,113440179,1.435938834,1,33,3,5,2,1,0,0,0,0,0,1,4,4,4,4,0,4,3,0,2,,,,,,,,,,2,2,1,2,1,2,2,1,2,,,,,,,,,,,,,,,,2,,1,,,,,2,2,,2,,2,2,2,2,2,,,2,1,1,4,2,,,,,,,,,,,2,,2,,2,2,,,,,2,,,,,,,,,2,2,,,,,,,,2,,,,,,5,1,1,,,,,,,,,,,,,,1,,1,1,,1,,1,2,1,1,2,2,,2,1,,1,1,3,,1,1,1,2,2,2,2,2,,,,,,,,,,1,2,,,,,,,,,,,,,,
2024,"Egypt, Arab Rep.",EGY,Middle East & North Africa (excluding high income),77385958,113509844,1.183996403,1,46,1,5,2,1,0,0,0,0,1,0,4,4,4,4,0,2,2,0,2,,,,,,,,,,2,2,2,2,2,2,1,1,2,,,,,,,,,,,,,,,,2,,2,,,,2,2,2,,2,,1,,1,2,1,,,,2,3,2,2,,,,,,,,,,,2,,1,2,2,1,2,2,,1,2,,,,,,,,,2,2,,,,,,,,2,,,,,,3,0,1,,,,,,,,,,,,,,1,,1,1,,2,,,2,1,2,2,1,2,2,2,2,,,,,2,2,2,2,2,2,2,2,,,,,,,,,,1,2,,,,,,,,,,,,,,
2024,"Egypt, Arab Rep.",EGY,Middle East & North Africa (excluding high income),77385958,113636132,0.300959026,2,36,2,1,1,2,0,0,0,0,1,0,2,4,4,4,0,2,2,0,2,,,,,,,,,,2,2,2,2,2,2,2,2,2,,,,,,,,,,,,,,,,2,,2,,,,2,2,2,,2,,1,,2,2,1,,,,7,,4,2,,,,,,,,,,,2,,1,2,2,1,2,2,,1,1,2,2,2,1,,,,,2,2,,,,,,,,2,,,,,,4,0,1,,,,,,,,,,,,,,2,2,2,1,,2,,,3,2,,2,2,,2,2,2,,,,,,,,,,,,,1,2,2,2,2,2,2,1,1,1,2,,,,,,,,,,,,,,
2024,"Egypt, Arab Rep.",EGY,Middle East & North Africa (excluding high income),77385958,113658458,0.599244395,2,59,2,4,1,2,1,0,1,0,1,0,1,4,4,4,0,2,3,1,2,2,1,4,2,,2,1,2,2,,,,,,,,,,,,,,,,,,,,,,,,,2,,2,,,,2,2,2,,1,,2,,2,2,2,,,,2,2,4,2,,,,2,2,,4,2,2,,2,,2,,2,1,2,2,,1,1,1,1,2,,,2,1,,2,2,,,,,,,,2,,,,,,3,0,1,,,,,,,,,,,,,,2,2,1,1,,2,,,1,2,,2,2,,2,2,2,,,,,,,,,,,,,1,2,2,2,2,2,2,1,8,1,2,,,,,,,,,,,,,,
2024,"Egypt, Arab Rep.",EGY,Middle East & North Africa (excluding high income),77385958,113847706,1.254218476,1,65,1,2,2,2,1,0,1,0,1,0,4,4,1,4,0,4,3,1,1,2,1,2,2,,2,1,2,2,,,,,,,,,,,,,,,,,,,,,,,,,2,,2,,,,2,2,2,,2,,2,,2,2,1,,,2,5,1,2,2,,,,2,2,,4,2,2,,2,,2,,2,2,,,,,2,,,,,,,,,2,1,1,2,,,1,2,,2,,,,,,1,0,1,,,,,,,,,,,,,,2,2,1,1,,2,,,2,2,,2,2,,2,2,2,,,,,,,,,,,,,2,2,2,1,2,2,2,2,4,1,2,,,,,,,,,,,,,,
2024,"Egypt, Arab Rep.",EGY,Middle East & North Africa (excluding high income),77385958,113965175,0.257212146,1,69,2,5,2,2,1,0,1,0,0,0,4,4,1,4,0,4,3,1,1,2,1,4,2,,2,1,2,2,,,,,,,,,,,,,,,,,,,,,,,,,2,,2,,,,2,2,2,,2,,2,,2,2,2,,,2,2,2,1,2,,,,2,2,,4,2,2,,2,,2,,2,2,,,,,2,,,,,,,,,2,1,1,2,,,1,2,,2,,,,,,3,0,1,,,,,,,,,,,,,,1,,1,1,,1,,2,2,2,,2,2,,2,2,2,,,,,2,2,2,2,2,2,2,2,,,,,,,,,,1,2,,,,,,,,,,,,,,
2024,"Egypt, Arab Rep.",EGY,Middle East & North Africa (excluding high income),77385958,114271664,0.498100617,1,22,2,5,2,2,0,0,0,0,0,0,4,4,4,4,0,4,3,0,2,,,,,,,,,,2,2,2,2,2,2,1,2,2,,,,,,,,,,,,,,,,2,,2,,,,2,2,2,,2,,2,,2,2,2,,,2,2,2,1,2,,,,,,,,,,,2,,2,,2,2,,,,,2,,,,,,,,,2,2,,,,,,,,2,,,,,,4,1,1,,,,,,,,,,,,,,1,,1,1,,1,,1,1,1,1,2,2,,2,1,,1,2,,1,1,1,1,2,2,2,2,2,,,,,,,,,,1,2,,,,,,,,,,,,,,
2024,"Egypt, Arab Rep.",EGY,Middle East & North Africa (excluding high income),77385958,114361535,0.947948508,1,67,1,3,2,2,1,0,1,0,0,0,4,1,4,4,0,1,3,1,2,2,1,2,2,,2,3,2,2,,,,,,,,,,,,,,,,,,,,,,,,,2,,2,,,,2,2,2,,2,,2,,2,2,2,,,2,2,1,1,2,,,,2,2,,4,2,2,,2,,2,,2,1,1,2,,,2,,,,,,,,,1,2,1,2,,,1,2,,2,,,,,,1,0,1,,,,,,,,,,,,,,2,2,1,1,,2,,,2,2,,2,2,,2,2,2,,,,,,,,,,,,,2,2,2,1,2,2,2,1,4,1,2,,,,,,,,,,,,,,
2024,"Egypt, Arab Rep.",EGY,Middle East & North Africa (excluding high income),77385958,114603909,0.257212146,2,46,2,1,2,1,0,1,1,1,1,0,4,4,4,4,0,4,1,1,2,,,,,,,,,,2,2,1,2,1,2,1,1,2,,,,,,,,,,,,,,,,2,2,2,,,,2,2,2,,1,2,1,,1,2,2,,,,2,1,1,2,,,,2,2,,4,2,2,,2,,1,1,2,2,,,,,2,,,,,,,,,2,2,,,,,,,,2,,,,,,6,0,1,,,,,,,,,,,,,,1,,1,1,,1,,2,2,2,,2,2,,2,2,2,,,,,2,2,2,2,2,2,2,2,,,,,,,,,,1,2,,,,,,,,,,,,,,
2024,"Egypt, Arab Rep.",EGY,Middle East & North Africa (excluding high income),77385958,114814473,0.590290295,1,34,2,1,2,1,1,0,1,1,1,0,4,1,4,4,0,4,3,1,1,1,1,2,2,,2,2,2,2,,,,,,,,,,,,,,,,,,,,,,,,,2,,2,,,,2,2,2,,2,,2,,2,2,1,,,2,7,,1,2,,,,2,2,,1,2,2,,2,,2,,2,2,,,,,2,,,,,,,,,1,2,1,2,,,1,2,,2,,,,,,3,0,2,1,2,2,2,2,2,2,1,2,,,,1,,,,,,,,,,,,,,,,2,2,,,,,,,,,,,,,,,,,,,,,,1,2,,,,,,,,,,,,,,
2024,"Egypt, Arab Rep.",EGY,Middle East & North Africa (excluding high income),77385958,114834078,0.497443221,1,40,2,1,2,2,0,0,0,0,1,0,4,4,4,4,0,4,3,0,2,,,,,,,,,,2,2,1,2,1,2,1,2,1,,,,,,,,,,,,,,,,2,,2,,,,2,2,2,,2,,1,,1,2,1,,,,2,2,4,2,,,,,,,,,,,2,,2,,2,2,,,,,2,,,,,,,,,2,2,,,,,,,,2,,,,,,4,1,1,,,,,,,,,,,,,,1,,2,1,,1,,1,1,1,1,2,2,,2,1,,1,1,1,,1,1,1,1,2,2,2,2,,,,,,,,,,1,2,,,,,,,,,,,,,,
2024,"Egypt, Arab Rep.",EGY,Middle East & North Africa (excluding high income),77385958,114846016,0.624315983,2,33,2,3,1,2,0,1,1,1,1,0,4,4,4,4,0,2,1,1,2,,,,,,,,,,2,2,1,2,2,2,1,2,2,,,,,,,,,,,,,,,,2,2,2,,,,2,2,2,,2,2,1,,2,2,1,,,,2,2,2,2,,,,2,2,,4,2,2,,2,,1,1,2,1,2,2,,1,2,,,,,,,,,2,2,,,,,,,,2,,,,,,4,1,1,,,,,,,,,,,,,,1,,1,1,,1,,1,1,2,,2,2,,2,1,,1,1,3,,1,1,1,1,2,2,2,2,,,,,,,,,,1,2,,,,,,,,,,,,,,
2024,"Egypt, Arab Rep.",EGY,Middle East & North Africa (excluding high income),77385958,114866765,1.426688602,1,65,1,3,2,1,1,0,1,0,1,0,4,1,4,4,0,4,3,1,1,2,1,2,2,,2,3,2,2,,,,,,,,,,,,,,,,,,,,,,,,,2,,2,,,,2,2,2,,2,,1,,1,2,1,,,,2,1,2,1,2,2,2,2,2,,4,2,2,,2,,2,,2,2,,,,,2,,,,,,,,,1,2,1,2,,,1,2,,2,,,,,,3,0,1,,,,,,,,,,,,,,2,2,1,1,,2,,,2,2,,2,2,,2,2,2,,,,,,,,,,,,,1,2,2,1,2,2,2,1,4,1,2,,,,,,,,,,,,,,
2024,"Egypt, Arab Rep.",EGY,Middle East & North Africa (excluding high income),77385958,115200110,0.326335132,1,48,2,2,2,2,0,0,0,0,1,0,4,4,4,4,0,2,3,0,2,,,,,,,,,,2,2,2,2,2,2,1,2,1,,,,,,,,,,,,,,,,2,,2,,,,2,2,2,,2,,1,,1,2,1,,,,2,1,4,2,,,,,,,,,,,2,,2,,2,1,2,2,,1,2,,,,,,,,,2,2,,,,,,,,2,,,,,,4,0,2,1,2,2,2,2,2,1,1,1,1,2,2,,,,,,,,,,,,,,,,,2,2,,,,,,,,,,,,,,,,,,,,,,1,2,,,,,,,,,,,,,,
2024,"Egypt, Arab Rep.",EGY,Middle East & North Africa (excluding high income),77385958,115247776,0.94391487,2,39,1,2,1,2,0,0,0,0,1,1,4,4,4,4,0,2,2,0,2,,,,,,,,,,2,2,1,2,2,1,1,2,2,,,,,,,,,,,,,,,,2,,2,,,,1,2,2,,1,,1,,2,1,2,,,,2,1,4,2,,,,,,,,,,,1,2,1,2,2,1,2,2,,1,2,,,,,,,,,2,2,,,,,,,,2,,,,,,4,0,1,,,,,,,,,,,,,,2,2,2,1,,2,,,4,2,,2,1,2,2,2,2,,,,,,,,,,,,,1,2,2,2,2,2,2,1,8,1,2,,,,,,,,,,,,,,
2024,"Egypt, Arab Rep.",EGY,Middle East & North Africa (excluding high income),77385958,115261938,0.410990062,1,54,2,4,2,2,0,0,0,0,1,0,4,4,4,4,0,2,3,0,2,,,,,,,,,,2,2,2,2,2,2,1,2,2,,,,,,,,,,,,,,,,2,,2,,,,2,2,2,,2,,2,,2,2,1,,,2,7,,2,1,2,2,,,,,,,,,2,,2,,2,1,2,2,,1,2,,,,,,,,,2,2,,,,,,,,2,,,,,,4,1,1,,,,,,,,,,,,,,1,,1,1,,1,,2,2,2,,2,2,,2,1,,1,1,3,,2,2,1,1,2,2,2,2,,,,,,,,,,1,2,,,,,,,,,,,,,,
2024,"Egypt, Arab Rep.",EGY,Middle East & North Africa (excluding high income),77385958,115282494,0.429434812,2,48,2,3,1,2,1,0,1,1,1,1,1,4,4,4,1,2,2,1,1,1,1,1,1,,1,1,1,1,,,,,,,,,,,,,,,,,,,,,,,,,1,,2,2,1,2,,1,2,,2,,2,,2,2,2,1,1,,3,3,4,2,,,,1,1,2,,1,1,3,1,2,2,,2,1,2,2,,1,1,2,1,2,,,2,1,,2,2,,,,,,,,2,,,,,,3,1,1,,,,,,,,,,,,,,1,,1,1,,1,,1,3,1,1,2,1,2,2,1,,1,1,2,,1,1,1,1,1,2,1,2,,,,,,,,,,1,2,,,,,,,,,,,,,,
2024,"Egypt, Arab Rep.",EGY,Middle East & North Africa (excluding high income),77385958,115286653,1.460432382,2,33,3,5,1,2,1,0,1,1,1,1,1,4,4,4,1,2,3,1,1,1,1,2,2,,1,1,1,1,,,,,,,,,,,,,,,,,,,,,,,,,2,2,1,,,,,2,2,,2,2,1,2,2,2,1,2,,,2,2,2,2,,,,1,1,2,,2,1,2,2,,2,,2,1,2,2,,1,1,2,1,2,,,2,1,,2,2,,,,,,,,2,,,,,,3,1,1,,,,,,,,,,,,,,1,,1,1,,1,,1,2,1,1,2,1,1,2,1,,1,1,3,,2,1,1,1,1,2,1,1,,,,,,,,,,1,2,,,,,,,,,,,,,,
2024,"Egypt, Arab Rep.",EGY,Middle East & North Africa (excluding high income),77385958,115354198,1.884369925,2,57,1,1,1,1,0,0,0,0,1,0,2,4,4,4,0,4,3,0,2,,,,,,,,,,2,2,2,2,2,2,1,1,2,,,,,,,,,,,,,,,,2,,2,,,,2,2,2,,2,,2,,2,2,1,,,2,2,2,2,2,,,,,,,,,,,2,,2,,2,2,,,,,1,2,2,2,1,,,,,2,2,,,,,,,,2,,,,,,3,0,1,,,,,,,,,,,,,,2,2,1,1,,2,,,2,2,,2,2,,2,2,2,,,,,,,,,,,,,1,2,2,1,2,2,2,2,1,1,2,,,,,,,,,,,,,,
2024,"Egypt, Arab Rep.",EGY,Middle East & North Africa (excluding high income),77385958,115383837,1.188009981,1,49,1,5,1,2,1,0,1,1,1,0,1,4,4,4,0,2,2,1,1,1,1,2,2,,2,2,2,2,,,,,,,,,,,,,,,,,,,,,,,,,2,,2,,,,2,2,2,,2,,1,,2,2,1,,,,7,,4,2,,,,2,2,,4,2,2,,2,,1,2,2,1,2,2,,1,1,2,1,2,,,2,1,,2,2,,,,,,,,2,,,,,,3,1,1,,,,,,,,,,,,,,1,,1,1,,2,,,2,2,,2,2,,2,1,,1,1,3,,1,1,1,2,2,2,2,2,,,,,,,,,,1,2,,,,,,,,,,,,,,
2024,"Egypt, Arab Rep.",EGY,Middle East & North Africa (excluding high income),77385958,115394094,1.013065205,1,17,2,1,2,2,0,0,0,0,0,0,4,4,4,4,0,2,3,0,2,,,,,,,,,,2,2,2,2,2,1,1,2,2,,,,,,,,,,,,,,,,2,,2,,,,2,2,2,,2,,2,,2,2,2,,,2,2,2,2,2,,,,,,,,,,,2,,2,,2,1,2,2,,1,2,,,,,,,,,2,2,,,,,,,,2,,,,,,4,1,1,,,,,,,,,,,,,,1,,1,1,,1,,1,1,1,1,2,2,,2,2,1,1,1,3,,1,1,1,1,1,2,2,2,,,,,,,,,,1,2,,,,,,,,,,,,,,
2024,"Egypt, Arab Rep.",EGY,Middle East & North Africa (excluding high income),77385958,115412787,0.854210279,2,17,2,3,2,2,0,1,1,1,0,0,4,4,4,4,0,4,1,1,2,,,,,,,,,,2,2,1,2,2,2,1,2,2,,,,,,,,,,,,,,,,2,2,2,,,,2,2,2,,2,2,2,,2,2,2,,,2,7,,2,2,,,,2,2,,4,2,2,,2,,1,1,2,2,,,,,2,,,,,,,,,2,2,,,,,,,,2,,,,,,5,1,1,,,,,,,,,,,,,,1,,1,1,,1,,1,1,1,1,2,1,2,2,1,,1,1,3,,2,1,1,2,2,2,2,2,,,,,,,,,,1,2,,,,,,,,,,,,,,
2024,"Egypt, Arab Rep.",EGY,Middle East & North Africa (excluding high income),77385958,116062852,0.823406118,2,48,1,3,1,1,1,0,1,0,1,0,2,4,4,4,0,2,3,0,1,2,1,2,2,,2,2,2,2,,,,,,,,,,,,,,,,,,,,,,,,,2,,2,,,,2,2,2,,2,,1,,1,2,1,,,,7,,2,2,,,,2,2,,1,2,2,,2,,2,,2,1,2,2,,1,1,2,2,2,1,,,,,2,2,,,,,,,,2,,,,,,3,0,1,,,,,,,,,,,,,,2,2,1,1,,2,,,4,2,,2,2,,2,2,2,,,,,,,,,,,,,1,1,2,1,2,2,2,1,1,1,2,,,,,,,,,,,,,,
2024,"Egypt, Arab Rep.",EGY,Middle East & North Africa (excluding high income),77385958,116143141,1.895897016,1,55,1,1,2,2,0,0,0,0,0,0,4,4,4,4,0,4,3,0,2,,,,,,,,,,2,2,2,2,2,2,2,2,2,,,,,,,,,,,,,,,,2,,2,,,,2,2,2,,2,,2,,2,2,2,,,2,8,,4,2,,,,,,,,,,,2,,2,,2,2,,,,,2,,,,,,,,,2,2,,,,,,,,2,,,,,,4,0,2,1,2,2,1,2,2,2,1,2,,,,1,,,,,,,,,,,,,,,,2,2,,,,,,,,,,,,,,,,,,,,,,1,2,,,,,,,,,,,,,,
2024,"Egypt, Arab Rep.",EGY,Middle East & North Africa (excluding high income),77385958,116167469,2.060580678,1,42,1,2,2,2,0,0,0,0,1,0,4,4,4,4,0,4,3,0,2,,,,,,,,,,2,2,2,2,2,2,1,2,2,,,,,,,,,,,,,,,,2,,2,,,,2,2,2,,2,,1,,2,2,2,,,,2,1,2,2,,,,,,,,,,,2,,2,,2,2,,,,,2,,,,,,,,,2,2,,,,,,,,2,,,,,,3,0,1,,,,,,,,,,,,,,1,,1,1,,2,,,2,1,2,2,2,,2,2,2,,,,,2,2,2,2,2,2,2,2,,,,,,,,,,1,2,,,,,,,,,,,,,,
2024,"Egypt, Arab Rep.",EGY,Middle East & North Africa (excluding high income),77385958,116211262,0.776772062,2,22,2,4,1,1,0,0,0,0,0,1,2,4,4,4,0,4,3,0,2,,,,,,,,,,2,2,1,2,2,1,1,2,2,,,,,,,,,,,,,,,,2,2,2,,,,1,2,2,,2,2,2,,2,2,2,,,2,2,2,1,2,,,,2,2,,4,2,1,2,2,,2,,2,2,,,,,1,2,2,2,1,,,,,2,2,,,,,,,,2,,,,,,3,1,1,,,,,,,,,,,,,,1,,1,1,,1,,1,4,1,1,2,2,,2,1,,1,1,3,,1,1,1,2,2,2,2,2,,,,,,,,,,1,2,,,,,,,,,,,,,,
2024,"Egypt, Arab Rep.",EGY,Middle East & North Africa (excluding high income),77385958,116274596,1.138947038,2,21,2,1,1,2,1,1,1,1,0,0,1,4,4,4,0,4,3,1,1,1,1,2,2,,1,1,1,2,,,,,,,,,,,,,,,,,,,,,,,,,2,2,2,,,,2,2,2,,2,2,2,,2,2,2,,,2,2,1,1,2,,,,2,2,,4,2,1,2,2,,2,,2,2,,,,,1,2,1,2,,,2,1,,2,2,,,,,,,,2,,,,,,3,1,1,,,,,,,,,,,,,,1,,1,1,,1,,1,3,1,1,2,2,,2,1,,1,1,2,,1,1,1,1,2,2,2,2,,,,,,,,,,1,2,,,,,,,,,,,,,,
2024,"Egypt, Arab Rep.",EGY,Middle East & North Africa (excluding high income),77385958,116478677,0.536583928,2,44,2,1,2,1,1,0,1,0,1,0,4,1,4,4,0,2,3,1,1,2,1,2,2,,2,2,2,2,,,,,,,,,,,,,,,,,,,,,,,,,2,,2,,,,2,2,2,,2,,2,,2,2,1,,,2,2,1,1,2,,,,2,2,,1,2,2,,2,,2,,2,1,2,2,,1,2,,,,,,,,,1,2,1,2,,,1,2,,2,,,,,,4,1,1,,,,,,,,,,,,,,1,,1,1,,1,,1,1,1,2,2,2,,2,1,,1,2,,1,1,1,1,2,2,2,2,2,,,,,,,,,,1,2,,,,,,,,,,,,,,
2024,"Egypt, Arab Rep.",EGY,Middle East & North Africa (excluding high income),77385958,116523548,0.786694183,1,54,1,5,2,2,0,0,0,0,1,0,4,4,4,4,0,2,2,0,2,,,,,,,,,,2,2,2,2,2,2,1,1,2,,,,,,,,,,,,,,,,2,,2,,,,2,2,2,,2,,1,,2,2,2,,,,2,1,3,2,,,,,,,,,,,2,,1,2,2,1,2,2,,1,2,,,,,,,,,2,2,,,,,,,,2,,,,,,4,0,2,1,2,2,1,2,2,2,4,1,1,2,2,,,,,,,,,,,,,,,,,2,2,,,,,,,,,,,,,,,,,,,,,,1,2,,,,,,,,,,,,,,
2024,"Egypt, Arab Rep.",EGY,Middle East & North Africa (excluding high income),77385958,116698562,2.889474023,2,17,1,4,2,2,0,1,1,1,0,1,4,4,4,4,0,4,3,1,2,,,,,,,,,,2,2,1,2,2,2,1,2,2,,,,,,,,,,,,,,,,2,1,2,2,2,1,,2,2,,2,2,2,,2,2,2,,,2,2,1,4,2,,,,2,2,,4,2,2,,2,,2,,2,2,,,,,2,,,,,,,,,2,2,,,,,,,,2,,,,,,6,1,1,,,,,,,,,,,,,,1,,1,1,,1,,1,4,1,1,2,2,,2,1,,1,1,3,,1,1,1,2,2,2,2,2,,,,,,,,,,1,2,,,,,,,,,,,,,,
2024,"Egypt, Arab Rep.",EGY,Middle East & North Africa (excluding high income),77385958,116837060,1.73271286,2,59,1,4,1,2,0,0,0,0,0,1,3,4,4,4,0,2,3,0,2,,,,,,,,,,2,2,1,2,2,2,1,2,2,,,,,,,,,,,,,,,,2,,2,,,,1,2,2,,2,,2,,2,2,2,,,2,2,1,4,2,,,,,,,,,,,2,,2,,2,1,2,2,,1,1,2,2,2,2,2,,,,2,2,,,,,,,,2,,,,,,3,1,1,,,,,,,,,,,,,,1,,1,1,,1,,1,1,2,,2,1,2,1,1,,1,1,2,,1,1,1,1,1,2,1,2,,,,,,,,,,1,2,,,,,,,,,,,,,,
2024,"Egypt, Arab Rep.",EGY,Middle East & North Africa (excluding high income),77385958,116892624,0.622465548,2,34,2,4,1,2,1,0,1,1,0,0,1,4,4,4,0,2,3,1,1,1,2,2,2,,2,1,2,1,,,,,,,,,,,,,,,,,,,,,,,,,2,,2,,,,2,2,2,,2,,2,,2,2,2,2,,2,7,,3,2,,,,2,2,,4,2,2,,2,,2,,2,1,2,2,,1,1,2,1,2,,,2,1,,2,2,,,,,,,,2,,,,,,4,1,1,,,,,,,,,,,,,,1,,1,1,,1,,1,2,2,,2,2,,2,1,,1,2,,1,1,1,1,2,2,2,2,2,,,,,,,,,,1,2,,,,,,,,,,,,,,
2024,"Egypt, Arab Rep.",EGY,Middle East & North Africa (excluding high income),77385958,116959702,0.875407987,1,18,2,1,1,2,0,0,0,0,0,0,2,4,4,4,0,4,3,0,2,,,,,,,,,,2,2,2,2,3,2,1,2,2,,,,,,,,,,,,,,,,2,,2,,,,2,2,2,,2,,2,,2,2,2,,,2,7,,1,2,,,,,,,,,,,2,,2,,2,2,,,,,1,2,2,2,1,,,,,2,2,,,,,,,,2,,,,,,3,0,2,1,1,2,2,2,1,1,1,1,1,2,2,,,,,,,,,,,,,,,,,2,2,,,,,,,,,,,,,,,,,,,,,,1,2,,,,,,,,,,,,,,
2024,"Egypt, Arab Rep.",EGY,Middle East & North Africa (excluding high income),77385958,117109135,0.28540245,1,37,2,1,2,2,0,0,0,0,0,0,4,4,4,4,0,4,3,0,2,,,,,,,,,,2,2,1,2,2,2,1,2,2,,,,,,,,,,,,,,,,2,,2,,,,2,2,2,,2,,2,,2,2,2,,,2,5,2,2,2,,,,,,,,,,,2,,2,,2,2,,,,,2,,,,,,,,,2,2,,,,,,,,2,,,,,,3,1,1,,,,,,,,,,,,,,1,,1,1,,1,,1,2,1,1,2,2,,2,1,,1,1,3,,1,1,1,1,2,2,2,2,,,,,,,,,,1,2,,,,,,,,,,,,,,
2024,"Egypt, Arab Rep.",EGY,Middle East & North Africa (excluding high income),77385958,117287138,1.632953901,2,34,3,5,1,2,1,1,1,1,0,1,4,4,4,4,0,1,1,1,1,1,2,3,1,,1,2,1,2,,,,,,,,,,,,,,,,,,,,,,,,,2,1,2,5,2,2,,2,2,,2,2,2,,2,2,2,,,2,3,2,4,2,,,,2,2,,4,1,2,,1,1,1,1,1,1,2,1,,,2,,,,,,,,,2,2,,,,,,,,2,,,,,,3,1,1,,,,,,,,,,,,,,1,,1,1,,1,,1,1,1,1,2,2,,1,1,,1,1,1,,1,1,1,1,1,2,2,2,,,,,,,,,,1,2,,,,,,,,,,,,,,
2024,"Egypt, Arab Rep.",EGY,Middle East & North Africa (excluding high income),77385958,117288385,1.160967231,2,70,1,4,2,2,1,0,1,1,1,0,4,1,1,4,0,2,3,1,1,1,1,2,2,,2,1,2,1,,,,,,,,,,,,,,,,,,,,,,,,,2,,2,,,,2,2,2,,2,,2,,2,2,2,1,2,,2,1,2,2,,,,2,2,,4,2,2,,2,,2,,2,1,2,2,,1,2,,,,,,,,,1,1,1,2,,,1,2,,2,,,,,,3,0,2,1,2,2,1,2,2,2,4,1,2,1,2,,,,,,,,,,,,,,,,,2,2,,,,,,,,,,,,,,,,,,,,,,1,2,,,,,,,,,,,,,,
2024,"Egypt, Arab Rep.",EGY,Middle East & North Africa (excluding high income),77385958,117305904,0.551084841,2,34,2,4,1,2,0,1,1,1,1,1,4,4,4,4,0,2,1,1,2,,,,,,,,,,2,2,1,2,2,2,2,2,2,,,,,,,,,,,,,,,,2,1,2,3,2,2,,2,2,,2,1,1,,2,2,1,,,,2,1,4,2,,,,2,2,,4,2,2,,1,1,1,1,2,1,2,2,,1,2,,,,,,,,,2,2,,,,,,,,2,,,,,,4,1,1,,,,,,,,,,,,,,1,,1,1,,1,,1,1,1,1,2,2,,2,1,,1,1,3,,1,1,1,1,2,2,2,2,,,,,,,,,,1,2,,,,,,,,,,,,,,
2024,"Egypt, Arab Rep.",EGY,Middle East & North Africa (excluding high income),77385958,117418525,0.504473757,1,34,2,1,2,1,1,0,1,0,1,0,4,1,4,4,0,4,3,1,1,2,1,4,2,,2,1,2,2,,,,,,,,,,,,,,,,,,,,,,,,,2,,2,,,,2,2,2,,2,,1,,2,2,1,,,,7,,4,2,,,,2,2,,4,2,2,,2,,2,,2,2,,,,,2,,,,,,,,,1,2,1,2,,,1,2,,2,,,,,,3,0,2,1,2,2,2,2,2,1,1,1,1,1,2,,,,,,,,,,,,,,,,,2,2,,,,,,,,,,,,,,,,,,,,,,1,2,,,,,,,,,,,,,,
2024,"Egypt, Arab Rep.",EGY,Middle East & North Africa (excluding high income),77385958,117668293,0.871387114,2,74,1,5,2,1,1,0,1,0,1,0,4,4,1,4,0,2,3,1,1,2,1,2,2,,2,1,2,2,,,,,,,,,,,,,,,,,,,,,,,,,2,,2,,,,2,2,2,,2,,2,,2,2,1,,,2,2,1,4,2,,,,2,2,,4,2,2,,2,,2,,2,1,2,2,,1,2,,,,,,,,,2,1,1,2,,,1,2,,2,,,,,,6,0,1,,,,,,,,,,,,,,2,2,1,1,,2,,,3,2,,2,2,,2,2,2,,,,,,,,,,,,,2,2,2,1,2,2,2,1,4,1,2,,,,,,,,,,,,,,
2024,"Egypt, Arab Rep.",EGY,Middle East & North Africa (excluding high income),77385958,117795238,2.686129685,2,22,1,4,1,2,0,0,0,0,1,0,2,4,4,4,0,4,3,0,2,,,,,,,,,,2,2,1,2,2,2,1,2,2,,,,,,,,,,,,,,,,2,,2,,,,2,2,2,,2,,1,,1,2,2,,,,4,1,1,2,,,,,,,,,,,2,,2,,2,2,,,,,1,2,2,2,1,,,,,2,2,,,,,,,,2,,,,,,3,1,1,,,,,,,,,,,,,,1,,2,1,,1,,1,1,1,1,2,1,2,2,1,,2,1,2,,1,1,1,1,2,2,1,2,,,,,,,,,,1,2,,,,,,,,,,,,,,
2024,"Egypt, Arab Rep.",EGY,Middle East & North Africa (excluding high income),77385958,117796267,0.895630254,1,26,2,5,2,2,1,1,1,1,1,1,4,4,4,4,0,4,1,1,1,1,2,3,3,2,1,1,1,2,,,,,,,,,,,,,,,,,,,,,,,,,2,1,2,3,2,2,,2,2,,1,2,2,,2,1,2,,,,2,2,3,2,,,,2,2,,4,1,1,2,1,1,2,,2,2,,,,,2,,,,,,,,,2,2,,,,,,,,2,,,,,,4,1,1,,,,,,,,,,,,,,1,,1,1,,1,,1,2,1,1,2,2,,2,1,,1,1,3,,1,1,1,1,1,2,2,2,,,,,,,,,,1,2,,,,,,,,,,,,,,
2024,"Egypt, Arab Rep.",EGY,Middle East & North Africa (excluding high income),77385958,117834341,1.371881588,1,39,3,5,2,2,1,0,1,1,1,1,4,4,4,4,1,4,2,1,1,1,2,2,4,,1,1,2,1,,,,,,,,,,,,,,,,,,,,,,,,,1,,1,2,1,2,,2,2,,2,,1,2,2,2,2,1,1,,2,2,5,2,,,,1,1,3,,2,2,,1,2,1,2,2,2,,,,,2,,,,,,,,,2,2,,,,,,,,2,,,,,,3,1,1,,,,,,,,,,,,,,1,,1,1,,1,,1,1,2,,2,2,,1,1,,1,1,3,,1,1,1,1,1,2,1,2,,,,,,,,,,1,2,,,,,,,,,,,,,,
2024,"Egypt, Arab Rep.",EGY,Middle East & North Africa (excluding high income),77385958,117889736,2.294080189,2,58,1,2,1,2,0,0,0,0,0,1,4,4,4,4,0,2,3,0,2,,,,,,,,,,2,2,2,2,2,2,1,2,2,,,,,,,,,,,,,,,,2,1,2,3,2,2,,2,2,,2,2,2,,2,2,2,,,2,2,2,2,2,,,,2,2,,6,2,1,3,2,,2,,2,1,2,2,,1,2,,,,,,,,,2,2,,,,,,,,2,,,,,,4,1,1,,,,,,,,,,,,,,1,,1,1,,1,,1,1,1,1,2,2,,2,1,,1,1,2,,2,1,1,1,2,2,2,2,,,,,,,,,,1,2,,,,,,,,,,,,,,
2024,"Egypt, Arab Rep.",EGY,Middle East & North Africa (excluding high income),77385958,118029706,0.342344512,2,43,2,3,1,1,0,0,0,0,1,0,4,4,4,2,0,2,3,0,2,,,,,,,,,,2,2,1,2,2,2,2,2,2,,,,,,,,,,,,,,,,2,,2,,,,2,2,2,,2,,2,,2,2,1,,,2,2,1,2,2,,,,,,,,,,,2,,2,,2,1,2,2,,1,2,,,,,,,,,2,2,,,,,,,,1,2,2,1,,1,1,1,1,,,,,,,,,,,,,,1,,1,1,,1,,1,1,1,1,2,2,,2,1,,1,1,1,,2,1,1,1,1,2,2,2,,,,,,,,,,1,2,,,,,,,,,,,,,,
2024,"Egypt, Arab Rep.",EGY,Middle East & North Africa (excluding high income),77385958,118079782,0.792006654,1,53,1,5,2,2,1,0,1,1,0,0,4,4,4,4,0,4,3,0,1,1,1,2,2,,2,1,2,2,,,,,,,,,,,,,,,,,,,,,,,,,2,,2,,,,2,2,2,,2,,2,,2,2,2,,,2,2,2,4,2,,,,2,2,,4,2,2,,2,,2,,2,2,,,,,2,,,,,,,,,2,2,,,,,,,,2,,,,,,3,0,2,2,2,2,1,2,2,1,4,1,2,2,2,,,,,,,,,,,,,,,,,2,2,,,,,,,,,,,,,,,,,,,,,,1,2,,,,,,,,,,,,,,
2024,"Egypt, Arab Rep.",EGY,Middle East & North Africa (excluding high income),77385958,118131006,0.494759552,1,20,2,3,2,2,0,0,0,0,0,1,4,4,4,4,0,4,2,0,2,,,,,,,,,,2,2,2,2,2,2,1,2,2,,,,,,,,,,,,,,,,2,,1,,,,,2,2,,2,,2,2,2,2,2,,,2,2,2,1,2,,,,,,,,,,,1,2,2,,2,2,,,,,2,,,,,,,,,2,2,,,,,,,,2,,,,,,4,1,1,,,,,,,,,,,,,,1,,1,1,,1,,1,4,1,1,2,2,,2,1,,1,1,3,,1,1,1,1,1,2,1,2,,,,,,,,,,1,2,,,,,,,,,,,,,,
2024,"Egypt, Arab Rep.",EGY,Middle East & North Africa (excluding high income),77385958,118190364,0.524557212,2,45,2,3,1,2,0,1,1,1,1,0,2,4,4,4,0,1,3,1,2,,,,,,,,,,2,2,1,2,2,2,1,2,2,,,,,,,,,,,,,,,,2,2,2,,,,2,2,2,,2,2,1,,1,2,2,,,,4,2,2,2,,,,2,2,,1,1,2,,2,,2,,2,1,2,1,,,1,2,2,2,1,,,,,2,2,,,,,,,,2,,,,,,4,1,1,,,,,,,,,,,,,,1,,1,1,,1,,1,4,1,1,2,2,,2,1,,1,1,2,,1,1,1,1,2,2,2,2,,,,,,,,,,1,2,,,,,,,,,,,,,,
2024,"Egypt, Arab Rep.",EGY,Middle East & North Africa (excluding high income),77385958,118217363,1.573388366,1,52,1,2,2,2,1,0,1,1,1,1,4,4,4,4,0,2,3,0,1,1,2,3,3,1,1,2,1,2,,,,,,,,,,,,,,,,,,,,,,,,,1,,1,3,2,1,,2,2,,2,,2,2,2,2,1,,,2,1,3,4,2,,,,2,2,,4,2,2,,2,,2,,2,1,2,2,,1,2,,,,,,,,,2,2,,,,,,,,2,,,,,,3,0,1,,,,,,,,,,,,,,2,2,2,1,,2,,,2,2,,2,2,,2,2,2,,,,,,,,,,,,,2,2,2,1,2,2,2,2,4,1,2,,,,,,,,,,,,,,
2024,"Egypt, Arab Rep.",EGY,Middle East & North Africa (excluding high income),77385958,118399937,0.477174957,1,55,1,2,2,1,1,0,1,0,0,0,4,1,4,4,0,2,3,1,1,2,1,2,2,,2,2,2,2,,,,,,,,,,,,,,,,,,,,,,,,,2,,2,,,,2,2,2,,2,,2,,2,2,2,,,2,7,,1,2,,,,2,2,,1,2,2,,2,,2,,2,1,2,2,,1,2,,,,,,,,,1,2,1,2,,,1,2,,2,,,,,,3,0,1,,,,,,,,,,,,,,2,2,1,1,,2,,,2,2,,2,2,,2,2,2,,,,,,,,,,,,,1,2,2,1,2,2,2,1,4,1,2,,,,,,,,,,,,,,
2024,"Egypt, Arab Rep.",EGY,Middle East & North Africa (excluding high income),77385958,118547093,0.710462277,2,28,2,4,1,1,0,0,0,0,0,0,4,4,4,4,0,2,3,0,2,,,,,,,,,,2,2,1,2,2,2,1,2,2,,,,,,,,,,,,,,,,2,,2,,,,2,2,2,,2,,2,,2,2,2,,,2,7,,2,2,,,,,,,,,,,2,,2,,2,1,2,2,,1,2,,,,,,,,,2,2,,,,,,,,2,,,,,,4,1,1,,,,,,,,,,,,,,1,,1,1,,1,,1,4,1,1,2,2,,2,1,,1,2,,1,1,1,1,1,2,2,1,2,,,,,,,,,,1,2,,,,,,,,,,,,,,
2024,"Egypt, Arab Rep.",EGY,Middle East & North Africa (excluding high income),77385958,118557781,2.569126688,2,24,3,5,1,2,1,1,1,1,1,1,1,4,4,4,1,4,1,1,1,1,1,2,1,,1,1,1,1,,,,,,,,,,,,,,,,,,,,,,,,,1,1,2,2,2,2,,2,2,,2,2,1,,2,2,2,2,,,1,3,2,2,,,,2,1,1,,2,1,3,1,1,2,,2,2,,,,,1,1,1,2,,,2,2,,2,2,,,,,,,,2,,,,,,6,1,1,,,,,,,,,,,,,,1,,1,1,,1,,1,1,1,1,2,1,2,2,1,,1,1,3,,1,1,1,1,1,2,1,2,,,,,,,,,,1,2,,,,,,,,,,,,,,
2024,"Egypt, Arab Rep.",EGY,Middle East & North Africa (excluding high income),77385958,118657059,0.3921037,2,54,2,4,1,2,1,0,1,1,0,0,1,4,4,4,0,2,3,1,1,1,1,2,2,,1,1,1,1,,,,,,,,,,,,,,,,,,,,,,,,,2,,2,,,,2,2,2,,2,,2,,2,2,2,2,,2,2,1,4,2,,,,2,2,,1,2,2,,2,,2,,2,1,2,2,,1,1,1,1,2,,,2,1,,2,2,,,,,,,,2,,,,,,5,0,1,,,,,,,,,,,,,,2,2,1,1,,2,,,3,1,2,2,1,2,2,2,2,,,,,,,,,,,,,1,2,2,2,2,2,2,2,1,1,2,,,,,,,,,,,,,,
2024,"Egypt, Arab Rep.",EGY,Middle East & North Africa (excluding high income),77385958,118672044,0.819972045,1,60,1,5,2,2,0,0,0,0,1,0,4,4,4,4,0,4,3,0,2,,,,,,,,,,2,2,2,2,3,2,1,2,2,,,,,,,,,,,,,,,,2,,2,,,,2,2,2,,2,,2,,2,2,1,,,2,2,2,2,2,,,,,,,,,,,2,,2,,2,2,,,,,2,,,,,,,,,2,2,,,,,,,,2,,,,,,3,0,2,1,1,2,1,2,2,1,1,1,1,2,2,,,,,,,,,,,,,,,,,2,2,,,,,,,,,,,,,,,,,,,,,,1,2,,,,,,,,,,,,,,
2024,"Egypt, Arab Rep.",EGY,Middle East & North Africa (excluding high income),77385958,118822164,0.605039627,1,43,3,2,1,2,1,0,1,1,1,0,1,4,4,4,0,4,3,1,1,1,1,2,2,,2,1,2,2,,,,,,,,,,,,,,,,,,,,,,,,,2,2,2,,,,2,2,2,,2,2,1,,1,2,2,,,,7,,4,2,,,,2,2,,4,2,2,,2,,2,,2,2,,,,,1,1,1,2,,,2,1,,2,2,,,,,,,,2,,,,,,5,1,1,,,,,,,,,,,,,,1,,1,1,,1,,2,2,1,1,2,2,,2,1,,1,1,3,,1,1,1,1,2,2,2,2,,,,,,,,,,1,2,,,,,,,,,,,,,,
2024,"Egypt, Arab Rep.",EGY,Middle East & North Africa (excluding high income),77385958,118855704,1.568527776,2,41,1,1,1,1,0,0,0,0,0,0,2,4,4,4,0,2,3,0,2,,,,,,,,,,2,2,2,2,1,2,1,1,2,,,,,,,,,,,,,,,,2,,2,,,,2,2,2,,2,,2,,2,2,2,,,2,7,,2,2,,,,,,,,,,,2,,2,,2,1,2,2,,1,1,2,2,2,1,,,,,2,2,,,,,,,,2,,,,,,6,0,1,,,,,,,,,,,,,,1,,1,1,,1,,2,2,2,,2,2,,2,2,2,,,,,2,2,2,2,2,2,2,2,,,,,,,,,,1,2,,,,,,,,,,,,,,
2024,"Egypt, Arab Rep.",EGY,Middle East & North Africa (excluding high income),77385958,119018289,0.381103567,1,52,2,3,2,2,0,0,0,0,1,0,4,4,4,4,0,4,3,0,2,,,,,,,,,,2,2,2,2,1,2,1,1,2,,,,,,,,,,,,,,,,2,,2,,,,2,2,2,,2,,1,,2,2,2,,,,2,2,2,2,,,,,,,,,,,2,,2,,2,2,,,,,2,,,,,,,,,2,2,,,,,,,,2,,,,,,3,0,1,,,,,,,,,,,,,,2,2,2,1,,1,,2,2,2,,2,2,,2,2,2,,,,,,,,,,,,,1,2,2,2,2,2,2,1,1,1,2,,,,,,,,,,,,,,
2024,"Egypt, Arab Rep.",EGY,Middle East & North Africa (excluding high income),77385958,119126724,1.018617326,2,16,2,5,2,2,0,0,0,0,0,0,4,4,4,4,0,4,3,0,2,,,,,,,,,,2,2,1,2,2,2,1,2,2,,,,,,,,,,,,,,,,2,,2,,,,2,2,2,,2,,2,,2,2,2,,,2,2,2,4,2,,,,,,,,,,,2,,2,,2,2,,,,,2,,,,,,,,,2,2,,,,,,,,2,,,,,,1,1,1,,,,,,,,,,,,,,1,,2,1,,1,,1,1,1,1,2,2,,2,1,,1,1,3,,1,1,1,1,1,2,1,2,,,,,,,,,,1,2,,,,,,,,,,,,,,
2024,"Egypt, Arab Rep.",EGY,Middle East & North Africa (excluding high income),77385958,119199118,0.60035918,2,34,2,3,1,2,0,0,0,0,1,0,2,4,4,4,0,4,3,0,2,,,,,,,,,,2,2,1,2,2,1,1,2,2,,,,,,,,,,,,,,,,2,,2,,,,2,2,2,,2,,1,,2,2,2,,,,5,2,1,2,,,,,,,,,,,2,,2,,2,2,,,,,1,2,2,2,1,,,,,2,2,,,,,,,,2,,,,,,3,0,1,,,,,,,,,,,,,,1,,1,1,,1,,1,2,1,1,2,2,,2,2,2,,,,,2,2,2,2,2,2,2,2,,,,,,,,,,1,2,,,,,,,,,,,,,,
2024,"Egypt, Arab Rep.",EGY,Middle East & North Africa (excluding high income),77385958,119286644,1.446313101,2,51,1,2,2,1,0,0,0,0,1,0,4,4,4,4,0,2,3,0,2,,,,,,,,,,2,2,1,2,3,2,1,2,2,,,,,,,,,,,,,,,,2,,2,,,,2,2,2,,2,,2,,1,2,1,,,2,2,1,4,2,,,,,,,,,,,2,,2,,2,1,2,2,,1,2,,,,,,,,,2,2,,,,,,,,2,,,,,,4,0,1,,,,,,,,,,,,,,2,2,1,2,,2,,,2,2,,2,2,,2,2,2,,,,,,,,,,,,,1,2,2,1,2,2,2,2,1,1,2,,,,,,,,,,,,,,
2024,"Egypt, Arab Rep.",EGY,Middle East & North Africa (excluding high income),77385958,119322245,0.941489572,2,20,2,5,1,1,1,1,1,1,0,0,4,4,4,4,0,4,2,1,1,1,2,3,3,1,1,1,1,2,,,,,,,,,,,,,,,,,,,,,,,,,2,2,2,,,,2,2,2,,2,2,2,,2,2,2,,,2,2,2,3,2,,,,2,2,,4,2,2,,1,2,2,,2,2,,,,,2,,,,,,,,,2,2,,,,,,,,2,,,,,,2,1,1,,,,,,,,,,,,,,1,,1,1,,1,,1,1,1,1,2,2,,2,1,,1,1,3,,1,1,1,1,2,2,1,2,,,,,,,,,,1,2,,,,,,,,,,,,,,
2024,"Egypt, Arab Rep.",EGY,Middle East & North Africa (excluding high income),77385958,119363164,1.610827927,1,51,1,3,2,2,0,0,0,0,1,1,4,4,4,4,0,2,3,0,2,,,,,,,,,,2,2,2,2,2,2,1,2,2,,,,,,,,,,,,,,,,2,,2,,,,1,2,2,,2,,2,,2,2,1,,,2,2,2,3,2,,,,,,,,,,,2,,2,,2,1,2,2,,1,2,,,,,,,,,2,2,,,,,,,,2,,,,,,1,0,1,,,,,,,,,,,,,,2,2,2,1,,1,,2,3,2,,2,2,,2,2,2,,,,,,,,,,,,,2,2,2,1,2,2,2,2,4,1,2,,,,,,,,,,,,,,
2024,"Egypt, Arab Rep.",EGY,Middle East & North Africa (excluding high income),77385958,119411570,2.149590586,1,26,1,2,2,1,0,0,0,0,1,0,4,4,4,4,0,4,3,0,2,,,,,,,,,,2,2,2,2,2,1,1,2,2,,,,,,,,,,,,,,,,2,,2,,,,2,2,2,,2,,2,,2,2,1,,,2,7,,1,2,,,,,,,,,,,2,,2,,2,2,,,,,2,,,,,,,,,2,2,,,,,,,,2,,,,,,4,0,1,,,,,,,,,,,,,,2,2,2,2,,1,,2,4,2,,2,2,,2,2,2,,,,,,,,,,,,,1,2,2,2,2,2,2,2,1,1,2,,,,,,,,,,,,,,
2024,"Egypt, Arab Rep.",EGY,Middle East & North Africa (excluding high income),77385958,119521418,0.281978719,1,37,2,1,2,2,0,0,0,0,0,0,4,4,4,4,0,4,3,0,2,,,,,,,,,,2,2,1,2,3,1,1,2,3,,,,,,,,,,,,,,,,2,,2,,,,2,2,2,,2,,2,,2,2,2,,,2,2,1,3,2,,,,,,,,,,,2,,2,,2,2,,,,,2,,,,,,,,,2,2,,,,,,,,2,,,,,,4,0,1,,,,,,,,,,,,,,2,2,1,1,,2,,,2,2,,2,2,,2,2,2,,,,,,,,,,,,,1,2,1,2,2,2,2,2,3,1,2,,,,,,,,,,,,,,
2024,"Egypt, Arab Rep.",EGY,Middle East & North Africa (excluding high income),77385958,119637294,0.528062378,2,21,2,4,2,2,0,0,0,0,1,0,4,4,4,4,0,2,3,0,2,,,,,,,,,,2,2,1,2,1,2,1,1,2,,,,,,,,,,,,,,,,2,2,2,,,,2,2,2,,2,2,1,,2,2,2,,,,2,2,2,2,,,,2,2,,4,2,2,,2,,2,,2,1,2,2,,1,2,,,,,,,,,2,2,,,,,,,,2,,,,,,5,1,1,,,,,,,,,,,,,,1,,1,1,,1,,1,1,1,1,2,2,,2,1,,1,1,1,,1,1,1,1,1,2,1,2,,,,,,,,,,1,2,,,,,,,,,,,,,,
2024,"Egypt, Arab Rep.",EGY,Middle East & North Africa (excluding high income),77385958,119643835,1.941010832,1,80,1,3,2,2,1,0,1,0,0,0,4,4,4,4,0,4,3,0,1,2,1,4,2,,2,2,2,2,,,,,,,,,,,,,,,,,,,,,,,,,2,,2,,,,2,2,2,,2,,2,,2,2,2,,,2,2,2,3,2,,,,2,2,,1,2,2,,2,,2,,2,2,,,,,2,,,,,,,,,2,2,,,,,,,,2,,,,,,3,0,2,2,2,2,1,2,2,1,7,1,1,2,2,,,,,,,,,,,,,,,,,2,2,,,,,,,,,,,,,,,,,,,,,,1,2,,,,,,,,,,,,,,
2024,"Egypt, Arab Rep.",EGY,Middle East & North Africa (excluding high income),77385958,119693076,0.339168289,2,46,2,2,1,1,0,0,0,0,1,0,4,4,4,4,0,2,2,0,2,,,,,,,,,,2,2,2,2,2,2,1,2,2,,,,,,,,,,,,,,,,2,,2,,,,2,1,2,,2,,1,,2,2,1,,,,2,1,1,2,,,,,,,,,,,2,,1,2,2,1,2,2,,1,2,,,,,,,,,2,2,,,,,,,,2,,,,,,4,1,1,,,,,,,,,,,,,,1,,1,1,,1,,1,2,1,1,2,2,,2,1,,2,1,2,,1,1,1,1,2,2,2,2,,,,,,,,,,1,2,,,,,,,,,,,,,,
2024,"Egypt, Arab Rep.",EGY,Middle East & North Africa (excluding high income),77385958,119725864,0.585163819,1,34,2,3,2,1,0,0,0,0,1,0,4,4,4,4,0,2,3,0,2,,,,,,,,,,2,2,1,2,2,2,1,1,2,,,,,,,,,,,,,,,,2,,2,,,,2,2,2,,2,,1,,2,2,1,,,,2,2,3,2,,,,,,,,,,,2,,2,,2,1,2,2,,1,2,,,,,,,,,2,2,,,,,,,,2,,,,,,3,1,1,,,,,,,,,,,,,,1,,2,1,,1,,1,1,2,,2,2,,2,1,,1,1,3,,1,1,1,2,1,2,1,2,,,,,,,,,,1,2,,,,,,,,,,,,,,
2024,"Egypt, Arab Rep.",EGY,Middle East & North Africa (excluding high income),77385958,120021248,2.889474023,2,22,1,1,1,2,0,0,0,0,1,0,2,4,4,4,0,2,3,0,2,,,,,,,,,,2,2,1,2,1,2,1,2,1,,,,,,,,,,,,,,,,2,,2,,,,2,2,2,,2,,2,,2,2,1,,,2,7,,4,2,,,,,,,,,,,2,,2,,2,1,2,2,,1,1,2,2,2,1,,,,,2,2,,,,,,,,2,,,,,,4,1,1,,,,,,,,,,,,,,1,,1,1,,1,,1,2,1,1,2,2,,2,1,,2,1,2,,1,2,1,1,2,2,2,2,,,,,,,,,,1,2,,,,,,,,,,,,,,
2024,"Egypt, Arab Rep.",EGY,Middle East & North Africa (excluding high income),77385958,120108617,1.001533651,1,19,2,2,2,2,0,0,0,0,0,0,4,4,4,4,0,4,3,0,2,,,,,,,,,,2,2,1,2,1,2,1,2,2,,,,,,,,,,,,,,,,2,,2,,,,2,2,2,,2,,2,,2,2,2,,,2,7,,1,2,,,,,,,,,,,2,,2,,2,2,,,,,2,,,,,,,,,2,2,,,,,,,,2,,,,,,6,0,1,,,,,,,,,,,,,,2,2,1,1,,1,,1,1,2,,2,2,,2,2,2,,,,,,,,,,,,,1,2,2,2,2,2,2,2,1,1,2,,,,,,,,,,,,,,
2024,"Egypt, Arab Rep.",EGY,Middle East & North Africa (excluding high income),77385958,120404716,1.205427032,2,20,2,3,2,2,0,1,1,1,0,0,4,4,4,4,0,4,1,1,2,,,,,,,,,,2,2,1,2,2,2,1,2,2,,,,,,,,,,,,,,,,2,2,2,,,,2,2,2,,2,2,2,,2,2,2,,,2,2,2,2,2,,,,2,2,,4,2,2,,1,1,2,,2,2,,,,,2,,,,,,,,,2,2,,,,,,,,2,,,,,,4,1,1,,,,,,,,,,,,,,1,,1,1,,1,,1,1,1,1,1,2,,2,1,,1,1,3,,1,1,1,1,1,2,1,2,,,,,,,,,,1,2,,,,,,,,,,,,,,
2024,"Egypt, Arab Rep.",EGY,Middle East & North Africa (excluding high income),77385958,120553659,0.477174957,1,60,1,3,2,1,0,0,0,0,1,0,4,4,4,4,0,4,2,0,2,,,,,,,,,,2,1,2,2,2,2,2,2,1,,,,,,,,,,,,,,,,2,,2,,,,2,2,2,,2,,1,,1,2,2,,,,7,,4,2,,,,,,,,,,,2,,1,2,2,2,,,,,2,,,,,,,,,2,2,,,,,,,,2,,,,,,4,0,1,,,,,,,,,,,,,,2,2,2,1,,2,,,2,2,,2,2,,2,2,2,,,,,,,,,,,,,1,2,2,1,2,2,2,1,1,1,2,,,,,,,,,,,,,,
2024,"Egypt, Arab Rep.",EGY,Middle East & North Africa (excluding high income),77385958,120553686,0.941489572,2,16,2,1,2,1,0,0,0,0,0,0,4,4,4,4,0,4,3,0,2,,,,,,,,,,2,2,1,2,2,2,1,2,2,,,,,,,,,,,,,,,,2,,2,,,,2,2,2,,2,,2,,2,2,2,,,2,7,,5,2,,,,,,,,,,,2,,2,,2,2,,,,,2,,,,,,,,,2,2,,,,,,,,2,,,,,,4,1,1,,,,,,,,,,,,,,1,,2,1,,1,,1,1,2,,2,2,,2,1,,1,1,2,,1,1,1,2,1,2,1,2,,,,,,,,,,2,,2,2,1,2,2,2,2,2,1,2,2,2,,
2024,"Egypt, Arab Rep.",EGY,Middle East & North Africa (excluding high income),77385958,120600226,0.94391487,2,36,1,2,1,1,0,0,0,0,1,0,4,4,4,4,0,2,3,0,2,,,,,,,,,,2,2,2,2,2,2,1,2,2,,,,,,,,,,,,,,,,2,,2,,,,2,2,2,,2,,2,,2,2,1,,,2,7,,2,2,,,,,,,,,,,2,,2,,2,1,2,2,,1,2,,,,,,,,,2,2,,,,,,,,2,,,,,,1,0,2,1,1,2,1,2,2,2,1,2,,,,1,,,,,,,,,,,,,,,,2,2,,,,,,,,,,,,,,,,,,,,,,1,2,,,,,,,,,,,,,,
2024,"Egypt, Arab Rep.",EGY,Middle East & North Africa (excluding high income),77385958,120704535,0.48173828,2,50,1,5,1,1,1,0,1,1,0,0,1,4,4,4,0,2,3,1,1,1,1,2,2,,2,2,2,2,,,,,,,,,,,,,,,,,,,,,,,,,2,,2,,,,2,2,2,,2,,2,,2,2,2,,,2,7,,1,2,,,,2,2,,1,2,2,,2,,2,,2,1,2,2,,1,1,1,1,2,,,2,1,,2,2,,,,,,,,2,,,,,,3,0,2,2,2,2,1,2,2,2,4,2,,,,2,,,,,,,,,,,,,,,,2,2,,,,,,,,,,,,,,,,,,,,,,1,2,,,,,,,,,,,,,,
2024,"Egypt, Arab Rep.",EGY,Middle East & North Africa (excluding high income),77385958,120732154,1.584013308,1,50,1,1,2,1,0,0,0,0,1,0,4,4,4,4,0,2,3,0,2,,,,,,,,,,2,2,2,2,2,2,1,2,2,,,,,,,,,,,,,,,,2,,2,,,,2,2,2,,2,,1,,1,2,1,,,,2,1,5,2,,,,,,,,,,,2,,2,,2,1,2,2,,1,2,,,,,,,,,2,2,,,,,,,,2,,,,,,3,0,2,2,2,2,1,2,2,1,4,1,2,2,2,,,,,,,,,,,,,,,,,2,2,,,,,,,,,,,,,,,,,,,,,,1,2,,,,,,,,,,,,,,
2024,"Egypt, Arab Rep.",EGY,Middle East & North Africa (excluding high income),77385958,120846220,0.72248918,2,31,2,4,1,2,0,0,0,0,0,0,4,4,4,4,0,2,3,0,2,,,,,,,,,,2,2,1,2,2,2,1,2,2,,,,,,,,,,,,,,,,2,,2,,,,2,2,2,,2,,2,,2,2,2,,,2,2,1,2,2,,,,,,,,,,,2,,2,,2,1,2,2,,1,2,,,,,,,,,2,2,,,,,,,,2,,,,,,4,1,1,,,,,,,,,,,,,,1,,1,1,,1,,1,1,1,1,2,2,,2,1,,1,1,3,,1,1,1,1,2,1,2,2,,,,,,,,,,1,2,,,,,,,,,,,,,,
2024,"Egypt, Arab Rep.",EGY,Middle East & North Africa (excluding high income),77385958,120914257,2.837426196,1,27,3,4,2,2,0,0,0,0,0,0,4,4,4,4,0,4,3,0,2,,,,,,,,,,2,2,1,2,2,2,1,2,2,,,,,,,,,,,,,,,,2,,2,,,,2,2,2,,2,,2,,2,2,2,,,2,7,,5,2,,,,,,,,,,,2,,2,,2,2,,,,,2,,,,,,,,,2,2,,,,,,,,2,,,,,,3,1,1,,,,,,,,,,,,,,1,,1,1,,1,,1,2,2,,2,2,,2,1,,1,1,2,,2,1,2,2,2,2,2,2,,,,,,,,,,1,2,,,,,,,,,,,,,,
2024,"Egypt, Arab Rep.",EGY,Middle East & North Africa (excluding high income),77385958,120944385,0.832786485,2,40,3,3,1,1,0,1,1,1,1,0,2,4,4,4,0,2,2,1,2,,,,,,,,,,2,2,1,2,2,2,1,2,2,,,,,,,,,,,,,,,,2,2,2,,,,2,2,2,,2,2,1,,1,2,1,,,,3,1,4,2,,,,2,2,,4,1,2,,2,,1,2,2,1,2,2,,1,1,2,2,2,1,,,,,2,2,,,,,,,,2,,,,,,4,1,1,,,,,,,,,,,,,,1,,1,1,,1,,1,2,1,1,2,1,2,2,1,,1,1,3,,1,1,1,1,1,2,1,1,,,,,,,,,,1,1,,,,,,,,,,,,,,
2024,"Egypt, Arab Rep.",EGY,Middle East & North Africa (excluding high income),77385958,121100953,0.59644674,2,58,2,5,1,1,1,0,1,0,1,0,1,4,4,4,0,2,3,1,1,2,1,2,2,,2,2,2,2,,,,,,,,,,,,,,,,,,,,,,,,,2,,2,,,,2,2,2,,2,,2,,2,2,1,,,2,2,1,2,2,,,,2,2,,1,2,2,,2,,2,,2,1,2,2,,1,1,1,1,2,,,2,1,,2,2,,,,,,,,2,,,,,,3,0,1,,,,,,,,,,,,,,2,2,1,1,,1,,2,2,2,,2,2,,2,2,2,,,,,,,,,,,,,1,2,2,2,2,2,2,2,1,1,2,,,,,,,,,,,,,,
2024,"Egypt, Arab Rep.",EGY,Middle East & North Africa (excluding high income),77385958,121238467,0.523979939,2,39,2,5,1,2,1,0,1,0,0,1,4,4,4,4,0,4,3,0,1,2,2,3,3,1,1,1,2,2,,,,,,,,,,,,,,,,,,,,,,,,,1,,2,2,1,2,,2,2,,2,,2,,2,2,2,,,2,1,3,1,2,,,,2,2,,1,2,2,,2,,2,,2,2,,,,,2,,,,,,,,,2,2,,,,,,,,2,,,,,,3,1,1,,,,,,,,,,,,,,1,,1,1,,1,,1,3,1,1,2,2,,2,1,,1,2,,1,1,1,1,1,1,2,1,2,,,,,,,,,,1,2,,,,,,,,,,,,,,
2024,"Egypt, Arab Rep.",EGY,Middle East & North Africa (excluding high income),77385958,121245154,0.905740171,1,40,1,2,2,2,0,0,0,0,1,0,4,4,4,4,0,4,3,0,2,,,,,,,,,,2,2,1,2,2,2,1,2,2,,,,,,,,,,,,,,,,2,,2,,,,2,2,2,,2,,2,,2,2,1,,,2,7,,1,2,,,,,,,,,,,2,,2,,2,2,,,,,2,,,,,,,,,2,2,,,,,,,,2,,,,,,3,0,1,,,,,,,,,,,,,,2,2,1,1,,2,,,2,2,,2,2,,2,2,2,,,,,,,,,,,,,2,2,2,1,2,2,2,2,4,1,2,,,,,,,,,,,,,,
2024,"Egypt, Arab Rep.",EGY,Middle East & North Africa (excluding high income),77385958,121316436,0.663429817,1,32,2,5,2,2,0,0,0,0,1,0,4,4,4,4,0,2,3,0,2,,,,,,,,,,2,2,2,2,2,2,1,2,2,,,,,,,,,,,,,,,,2,,2,,,,2,2,2,,2,,1,,1,2,1,,,,2,1,2,2,,,,,,,,,,,2,,2,,2,1,2,2,,1,2,,,,,,,,,2,2,,,,,,,,2,,,,,,4,1,1,,,,,,,,,,,,,,1,,2,1,,1,,1,1,1,1,2,2,,2,1,,2,1,3,,2,1,2,2,2,2,2,2,,,,,,,,,,1,2,,,,,,,,,,,,,,
2024,"Egypt, Arab Rep.",EGY,Middle East & North Africa (excluding high income),77385958,121376087,1.253414267,2,36,3,1,1,2,0,0,0,0,0,0,2,4,4,4,0,2,3,0,2,,,,,,,,,,2,2,1,2,1,2,2,2,1,,,,,,,,,,,,,,,,2,,2,,,,2,2,2,,2,,2,,2,2,2,,,2,7,,1,2,,,,,,,,,,,2,,2,,2,1,2,2,,1,1,2,2,2,1,,,,,2,2,,,,,,,,2,,,,,,4,1,1,,,,,,,,,,,,,,1,,1,1,,1,,1,4,1,1,2,2,,2,1,,1,1,3,,1,1,1,1,1,2,2,2,,,,,,,,,,1,2,,,,,,,,,,,,,,
2024,"Egypt, Arab Rep.",EGY,Middle East & North Africa (excluding high income),77385958,121434458,0.698431846,1,37,3,4,2,2,0,0,0,0,1,0,4,4,4,4,0,2,3,0,2,,,,,,,,,,2,2,1,2,2,2,1,1,2,,,,,,,,,,,,,,,,2,,2,,,,2,2,2,,2,,1,,2,2,1,,,,2,2,4,2,,,,,,,,,,,2,,2,,2,1,2,2,,1,2,,,,,,,,,2,2,,,,,,,,2,,,,,,4,1,1,,,,,,,,,,,,,,1,,2,1,,1,,1,1,1,1,2,1,2,2,1,,1,1,3,,1,2,1,1,1,2,2,2,,,,,,,,,,1,2,,,,,,,,,,,,,,
2024,"Egypt, Arab Rep.",EGY,Middle East & North Africa (excluding high income),77385958,121462065,0.706111862,2,37,3,5,1,2,1,1,1,1,1,0,1,4,4,4,0,2,2,1,1,1,1,2,2,,1,1,1,2,,,,,,,,,,,,,,,,,,,,,,,,,2,2,2,,,,2,2,2,,2,2,1,,2,2,2,,,,2,1,1,2,,,,2,2,,1,1,2,,2,,1,2,2,1,2,2,,1,1,1,1,2,,,2,2,,2,2,,,,,,,,2,,,,,,4,1,1,,,,,,,,,,,,,,1,,1,1,,1,,1,1,1,1,2,2,,2,1,,1,1,3,,1,1,1,1,1,2,1,2,,,,,,,,,,1,2,,,,,,,,,,,,,,
2024,"Egypt, Arab Rep.",EGY,Middle East & North Africa (excluding high income),77385958,121507866,0.444767148,2,52,2,3,1,2,1,0,1,0,1,0,1,4,4,4,0,2,3,1,1,2,1,2,2,,2,2,2,1,,,,,,,,,,,,,,,,,,,,,,,,,2,,2,,,,2,2,2,,2,,2,,2,2,2,1,1,,5,2,3,2,,,,2,2,,4,2,2,,2,,2,,2,1,2,2,,1,1,1,1,2,,,2,1,,2,2,,,,,,,,2,,,,,,4,0,1,,,,,,,,,,,,,,2,2,1,1,,1,,2,1,2,,2,2,,2,2,2,,,,,,,,,,,,,2,2,2,2,2,2,2,1,8,1,2,,,,,,,,,,,,,,
2024,"Egypt, Arab Rep.",EGY,Middle East & North Africa (excluding high income),77385958,121575441,0.954349915,1,58,1,5,2,2,0,0,0,0,1,0,4,4,4,4,0,2,2,0,2,,,,,,,,,,2,2,2,2,2,2,1,2,2,,,,,,,,,,,,,,,,2,,2,,,,2,2,2,,1,,1,,1,2,1,,,,5,1,5,2,,,,,,,,,,,2,,1,2,2,1,2,2,,1,2,,,,,,,,,2,2,,,,,,,,2,,,,,,4,0,2,1,2,8,1,2,2,1,7,1,2,2,2,,,,,,,,,,,,,,,,,2,2,,,,,,,,,,,,,,,,,,,,,,2,,2,1,1,2,2,2,2,2,1,1,2,2,,
2024,"Egypt, Arab Rep.",EGY,Middle East & North Africa (excluding high income),77385958,121614538,0.565877771,2,25,2,5,1,2,0,1,1,1,1,1,2,4,4,4,0,2,3,1,2,,,,,,,,,,2,2,1,2,2,2,1,2,2,,,,,,,,,,,,,,,,2,2,1,,,,,2,2,,2,2,1,1,2,2,2,,,,7,,1,2,,,,2,2,,4,2,2,,2,,2,,2,1,2,2,,1,1,2,2,2,1,,,,,2,2,,,,,,,,2,,,,,,4,1,1,,,,,,,,,,,,,,1,,1,1,,1,,1,1,1,1,2,2,,2,1,,1,1,2,,1,1,1,1,1,2,2,2,,,,,,,,,,1,2,,,,,,,,,,,,,,
2024,"Egypt, Arab Rep.",EGY,Middle East & North Africa (excluding high income),77385958,121633699,1.180041274,1,50,1,2,2,2,1,0,1,1,0,0,4,1,4,4,0,2,3,1,1,1,1,2,2,,2,1,2,2,,,,,,,,,,,,,,,,,,,,,,,,,2,,2,,,,2,2,2,,2,,2,,2,2,2,,,2,2,2,5,2,,,,2,2,,4,2,2,,2,,2,,2,1,2,2,,1,2,,,,,,,,,1,2,1,2,,,1,3,,2,,,,,,4,0,2,2,2,2,2,2,2,2,,2,,,,1,,,,,,,,,,,,,,,,2,2,,,,,,,,,,,,,,,,,,,,,,1,2,,,,,,,,,,,,,,
2024,"Egypt, Arab Rep.",EGY,Middle East & North Africa (excluding high income),77385958,121721487,0.257212146,1,50,2,5,2,2,0,0,0,0,1,0,4,4,4,4,0,2,3,0,2,,,,,,,,,,2,1,1,2,2,2,1,2,2,,,,,,,,,,,,,,,,2,,2,,,,2,2,2,,1,,1,,1,2,1,,,,4,1,3,2,,,,,,,,,,,2,,2,,1,1,2,2,,1,2,,,,,,,,,2,2,,,,,,,,2,,,,,,3,0,1,,,,,,,,,,,,,,2,2,1,1,,1,,2,1,2,,2,2,,2,2,2,,,,,,,,,,,,,1,2,2,2,2,2,2,1,1,1,2,,,,,,,,,,,,,,
2024,"Egypt, Arab Rep.",EGY,Middle East & North Africa (excluding high income),77385958,121749621,2.889474023,2,19,1,1,1,1,0,0,0,0,1,0,2,4,4,4,0,4,3,0,2,,,,,,,,,,2,2,1,2,2,2,1,2,2,,,,,,,,,,,,,,,,2,,2,,,,2,2,2,,2,,2,,2,2,1,,,2,2,2,2,2,,,,,,,,,,,2,,2,,2,2,,,,,1,2,2,2,1,,,,,2,2,,,,,,,,2,,,,,,3,1,1,,,,,,,,,,,,,,1,,2,1,,2,,,2,1,2,2,2,,2,1,,2,1,2,,1,1,1,2,2,2,2,2,,,,,,,,,,1,2,,,,,,,,,,,,,,
2024,"Egypt, Arab Rep.",EGY,Middle East & North Africa (excluding high income),77385958,121865873,0.7800797,1,38,1,4,2,2,0,0,0,0,1,0,4,4,4,4,0,2,2,0,2,,,,,,,,,,2,1,1,2,2,2,1,2,2,,,,,,,,,,,,,,,,2,,2,,,,2,2,1,1,2,,1,,1,2,1,,,,6,1,4,2,,,,,,,,,,,2,,1,2,2,1,2,2,,1,2,,,,,,,,,2,2,,,,,,,,2,,,,,,3,0,1,,,,,,,,,,,,,,2,2,1,1,,1,,2,1,2,,2,1,2,2,2,2,,,,,,,,,,,,,1,2,2,2,2,2,2,2,1,1,2,,,,,,,,,,,,,,
2024,"Egypt, Arab Rep.",EGY,Middle East & North Africa (excluding high income),77385958,121914741,0.342344512,2,39,2,2,1,1,0,0,0,0,1,0,2,4,4,4,0,4,3,0,2,,,,,,,,,,2,2,1,2,2,2,1,2,2,,,,,,,,,,,,,,,,2,,2,,,,2,2,2,,2,,2,,2,2,1,,,2,4,2,1,3,,,,,,,,,,,2,,2,,2,2,,,,,1,2,2,2,1,,,,,2,2,,,,,,,,2,,,,,,3,0,1,,,,,,,,,,,,,,2,2,1,1,,1,,2,1,2,,2,1,2,2,2,2,,,,,,,,,,,,,1,2,2,2,2,2,2,1,8,1,2,,,,,,,,,,,,,,
2024,"Egypt, Arab Rep.",EGY,Middle East & North Africa (excluding high income),77385958,122241365,0.665556587,2,39,3,5,1,2,1,0,1,1,0,0,1,4,4,4,0,4,3,1,1,1,1,2,2,,1,1,2,2,,,,,,,,,,,,,,,,,,,,,,,,,2,2,2,,,,2,2,2,,2,2,2,,2,2,2,,,2,2,2,3,2,,,,2,2,,4,2,2,,2,,2,,2,2,,,,,1,1,1,2,,,2,2,,2,2,,,,,,,,2,,,,,,5,1,1,,,,,,,,,,,,,,1,,1,1,,1,,1,2,1,1,2,2,,2,1,,1,1,3,,1,1,1,1,2,2,2,2,,,,,,,,,,1,2,,,,,,,,,,,,,,
2024,"Egypt, Arab Rep.",EGY,Middle East & North Africa (excluding high income),77385958,122244045,0.854210279,2,23,2,1,1,2,1,0,1,1,0,0,1,4,4,4,0,4,3,1,1,1,1,2,2,,2,1,2,2,,,,,,,,,,,,,,,,,,,,,,,,,2,,2,,,,2,2,2,,2,,2,,2,2,2,,,2,2,2,1,2,,,,2,2,,4,2,2,,2,,2,,2,2,,,,,1,2,1,2,,,2,1,,2,2,,,,,,,,2,,,,,,3,1,1,,,,,,,,,,,,,,1,,1,2,,1,,1,2,1,1,2,2,,2,1,,1,1,3,,1,1,1,2,2,2,2,2,,,,,,,,,,1,2,,,,,,,,,,,,,,
2024,"Egypt, Arab Rep.",EGY,Middle East & North Africa (excluding high income),77385958,122379493,0.280264283,2,36,2,3,1,1,0,0,0,0,1,0,2,4,4,4,0,2,3,0,2,,,,,,,,,,2,2,2,2,2,2,1,1,2,,,,,,,,,,,,,,,,2,,2,,,,2,2,2,,2,,1,,1,2,1,,,,5,2,2,2,,,,,,,,,,,2,,2,,2,1,2,2,,1,1,2,2,2,1,,,,,2,2,,,,,,,,2,,,,,,4,1,1,,,,,,,,,,,,,,1,,1,1,,1,,1,4,1,1,2,1,2,2,1,,2,1,2,,1,1,1,1,2,2,2,2,,,,,,,,,,1,2,,,,,,,,,,,,,,
2024,"Egypt, Arab Rep.",EGY,Middle East & North Africa (excluding high income),77385958,122452763,0.79526232,2,57,2,1,2,1,1,0,1,1,0,0,4,1,4,4,0,4,3,1,1,1,1,2,2,,2,2,2,1,,,,,,,,,,,,,,,,,,,,,,,,,2,,2,,,,2,2,2,,2,,2,,2,2,2,2,,2,7,,1,2,,,,2,2,,4,2,2,,2,,2,,2,2,,,,,2,,,,,,,,,1,2,2,2,2,1,1,2,,2,,,,,,3,0,1,,,,,,,,,,,,,,2,2,1,2,,1,,2,2,2,,2,2,,2,2,2,,,,,,,,,,,,,1,2,2,2,2,2,2,1,8,1,2,,,,,,,,,,,,,,
2024,"Egypt, Arab Rep.",EGY,Middle East & North Africa (excluding high income),77385958,122472746,0.567940802,1,41,2,4,1,2,1,0,1,0,1,0,4,4,4,4,0,1,2,1,2,,,,,,,,,,,,,,,,,,,,,,,,,,,,,,,,,,2,,2,,,,2,2,2,,2,,1,,2,2,1,,,,2,2,3,2,,,,,,,,,,,2,,1,2,2,1,1,2,1,,2,,,,,,,,,2,2,,,,,,,,2,,,,,,5,1,1,,,,,,,,,,,,,,1,,1,1,,1,,1,4,2,,2,2,,1,1,,1,2,,1,1,1,1,1,1,2,1,1,,,,,,,,,,1,2,,,,,,,,,,,,,,
2024,"Egypt, Arab Rep.",EGY,Middle East & North Africa (excluding high income),77385958,122606979,1.235109176,2,48,1,4,1,1,0,0,0,0,0,0,2,4,4,4,0,4,3,0,2,,,,,,,,,,2,2,1,2,2,1,1,2,2,,,,,,,,,,,,,,,,2,,2,,,,2,2,2,,2,,2,,2,2,2,,,2,7,,4,2,,,,,,,,,,,2,,2,,2,2,,,,,1,2,2,2,1,,,,,2,2,,,,,,,,2,,,,,,4,0,1,,,,,,,,,,,,,,2,2,1,1,,1,,2,2,2,,2,2,,2,2,2,,,,,,,,,,,,,2,2,2,1,2,2,2,1,4,1,2,,,,,,,,,,,,,,
2024,"Egypt, Arab Rep.",EGY,Middle East & North Africa (excluding high income),77385958,122630886,0.56172191,2,15,2,3,1,2,0,0,0,0,0,0,2,4,4,4,0,4,3,0,2,,,,,,,,,,2,2,1,2,2,2,1,2,2,,,,,,,,,,,,,,,,2,,2,,,,2,2,2,,2,,2,,2,2,2,,,2,7,,5,2,,,,,,,,,,,2,,2,,2,2,,,,,1,2,2,2,1,,,,,2,2,,,,,,,,2,,,,,,5,1,1,,,,,,,,,,,,,,1,,2,1,,1,,1,1,1,1,2,2,,2,2,1,1,1,2,,1,1,1,1,2,2,1,2,,,,,,,,,,,,,,,,,,,,,,,,,
2024,"Egypt, Arab Rep.",EGY,Middle East & North Africa (excluding high income),77385958,122663370,1.76289927,2,24,2,1,1,2,0,1,1,1,0,0,2,4,4,4,0,4,1,1,2,,,,,,,,,,2,2,1,2,1,2,1,2,2,,,,,,,,,,,,,,,,2,2,2,,,,2,2,2,,2,2,2,,2,2,2,,,2,2,2,2,2,,,,2,2,,4,2,2,,2,,1,1,2,2,,,,,1,2,2,2,1,,,,,2,2,,,,,,,,2,,,,,,6,1,1,,,,,,,,,,,,,,1,,1,1,,1,,1,2,1,2,2,2,,2,1,,1,1,3,,1,1,1,2,2,2,2,2,,,,,,,,,,1,2,,,,,,,,,,,,,,
2024,"Egypt, Arab Rep.",EGY,Middle East & North Africa (excluding high income),77385958,122675646,1.251387366,1,31,3,4,2,2,0,0,0,0,1,0,4,4,4,4,0,2,2,0,2,,,,,,,,,,2,2,1,2,2,2,1,2,2,,,,,,,,,,,,,,,,2,,2,,,,2,2,2,,2,,1,,2,2,1,,,,7,,4,2,,,,,,,,,,,2,,1,2,2,1,2,2,,1,2,,,,,,,,,2,2,,,,,,,,2,,,,,,4,1,1,,,,,,,,,,,,,,1,,1,1,,1,,1,3,1,1,2,2,,2,1,,1,1,3,,1,1,1,1,2,2,2,2,,,,,,,,,,1,2,,,,,,,,,,,,,,
2024,"Egypt, Arab Rep.",EGY,Middle East & North Africa (excluding high income),77385958,122688618,0.671279874,2,25,2,5,1,2,1,0,1,1,0,1,4,4,4,2,0,2,2,0,1,1,2,3,3,1,1,2,2,2,,,,,,,,,,,,,,,,,,,,,,,,,1,,2,3,1,1,,2,2,,2,,2,,2,2,2,,,2,1,3,4,2,,,,2,2,,4,2,2,,1,2,2,,2,1,2,2,,1,2,,,,,,,,,2,2,,,,,,,,1,2,2,1,,2,3,1,1,,,,,,,,,,,,,,1,,1,1,,1,,1,1,1,1,2,1,2,2,1,,1,1,3,,1,1,1,1,2,2,1,2,,,,,,,,,,1,2,,,,,,,,,,,,,,
2024,"Egypt, Arab Rep.",EGY,Middle East & North Africa (excluding high income),77385958,122710718,1.020731452,1,46,1,5,2,2,1,0,1,1,1,0,4,4,4,4,0,2,3,0,1,1,2,2,2,,2,1,1,2,,,,,,,,,,,,,,,,,,,,,,,,,2,,2,,,,2,2,2,,1,,2,,2,2,1,,,,7,,4,2,,,,2,2,,4,2,2,,2,,2,,2,1,2,2,,1,2,,,,,,,,,2,2,,,,,,,,2,,,,,,4,0,1,,,,,,,,,,,,,,2,2,1,1,,2,,,2,2,,2,2,,2,2,2,,,,,,,,,,,,,1,2,2,2,2,2,2,1,1,1,2,,,,,,,,,,,,,,
2024,"Egypt, Arab Rep.",EGY,Middle East & North Africa (excluding high income),77385958,122737190,0.345343708,2,38,2,4,1,1,1,1,1,1,0,1,1,4,4,4,0,2,1,1,1,1,1,2,2,,2,1,1,2,,,,,,,,,,,,,,,,,,,,,,,,,2,2,1,,,,,2,2,,2,2,2,2,2,2,2,,,2,4,3,6,2,,,,2,2,,4,2,2,,1,1,2,,2,1,2,2,,1,1,2,1,2,,,1,1,,2,2,,,,,,,,2,,,,,,4,1,1,,,,,,,,,,,,,,1,,1,1,,1,,1,2,1,1,2,2,,2,1,,1,1,3,,1,1,1,1,2,2,2,2,,,,,,,,,,1,2,,,,,,,,,,,,,,
2024,"Egypt, Arab Rep.",EGY,Middle East & North Africa (excluding high income),77385958,122847615,0.477174957,1,70,1,4,2,1,1,0,1,0,0,0,4,1,4,4,0,2,3,1,1,2,1,2,2,,2,2,2,2,,,,,,,,,,,,,,,,,,,,,,,,,2,,2,,,,2,2,2,,2,,2,,2,2,2,,,2,7,,1,2,,,,2,2,,4,2,2,,2,,2,,2,1,2,2,,1,2,,,,,,,,,1,2,1,2,,,1,2,,2,,,,,,3,0,2,1,2,2,1,2,2,2,1,2,,,,2,,,,,,,,,,,,,,,,2,2,,,,,,,,,,,,,,,,,,,,,,1,2,,,,,,,,,,,,,,
2024,"Egypt, Arab Rep.",EGY,Middle East & North Africa (excluding high income),77385958,122889809,1.018617326,2,23,2,2,2,1,0,0,0,0,0,0,4,4,4,4,0,4,3,0,2,,,,,,,,,,2,2,1,2,2,2,2,2,2,,,,,,,,,,,,,,,,2,,2,,,,2,2,2,,2,,2,,2,2,2,,,2,7,,3,2,,,,,,,,,,,2,,2,,2,2,,,,,2,,,,,,,,,2,2,,,,,,,,2,,,,,,4,1,1,,,,,,,,,,,,,,1,,1,4,1,1,,1,1,1,1,2,2,,2,1,,4,1,4,,1,1,1,2,2,2,2,2,,,,,,,,,,1,2,,,,,,,,,,,,,,
2024,"Egypt, Arab Rep.",EGY,Middle East & North Africa (excluding high income),77385958,122989337,0.442912216,1,58,2,5,2,2,1,0,1,0,0,1,4,4,4,4,0,4,2,0,1,2,2,3,3,1,1,1,2,2,,,,,,,,,,,,,,,,,,,,,,,,,1,,2,3,1,1,,2,2,,2,,2,,2,2,2,,,2,1,3,4,2,,,,2,2,,4,2,2,,1,2,2,,2,2,,,,,2,,,,,,,,,2,2,,,,,,,,2,,,,,,1,0,1,,,,,,,,,,,,,,1,,1,1,,1,,2,1,2,,2,2,,2,2,2,,,,,2,2,2,2,2,2,2,2,,,,,,,,,,1,2,,,,,,,,,,,,,,
2024,"Egypt, Arab Rep.",EGY,Middle East & North Africa (excluding high income),77385958,123084092,0.624577173,1,24,2,3,2,1,1,0,1,0,1,1,4,4,4,4,0,4,3,0,1,2,2,3,3,1,1,1,2,2,,,,,,,,,,,,,,,,,,,,,,,,,1,,1,3,2,2,,2,2,,2,,2,2,2,2,1,,,2,7,,1,1,2,2,2,2,2,,4,2,2,,2,,2,,2,2,,,,,2,,,,,,,,,2,2,,,,,,,,2,,,,,,3,0,1,,,,,,,,,,,,,,1,,2,1,,1,,2,1,1,1,2,1,2,2,2,2,,,,,2,2,2,2,2,2,2,2,,,,,,,,,,1,2,,,,,,,,,,,,,,
2024,"Egypt, Arab Rep.",EGY,Middle East & North Africa (excluding high income),77385958,123294967,1.777378568,1,25,3,4,2,2,0,1,1,1,1,1,4,4,4,4,1,2,1,1,2,,,,,,,,,,2,2,1,2,1,2,1,1,2,,,,,,,,,,,,,,,,2,1,2,2,2,2,,2,2,,2,2,1,,2,2,2,,,,5,2,2,2,,,,2,2,,4,2,1,3,1,1,1,1,2,1,2,2,,1,2,,,,,,,,,2,2,,,,,,,,2,,,,,,4,1,1,,,,,,,,,,,,,,1,,1,1,,1,,1,1,1,1,2,2,,2,1,,1,2,,1,1,1,1,1,1,2,1,2,,,,,,,,,,1,2,,,,,,,,,,,,,,
2024,"Egypt, Arab Rep.",EGY,Middle East & North Africa (excluding high income),77385958,123326458,1.094429021,1,27,2,4,2,2,1,0,1,0,1,0,4,1,4,4,0,4,3,1,1,2,1,4,2,,2,1,2,2,,,,,,,,,,,,,,,,,,,,,,,,,2,,2,,,,2,2,2,,2,,1,,2,2,1,,,,7,,4,2,,,,2,2,,4,2,2,,2,,2,,2,2,,,,,2,,,,,,,,,1,2,1,2,,,1,2,,2,,,,,,3,0,2,1,2,2,2,1,1,1,5,1,1,2,1,,,,,,,,,,,,,,,,,2,2,,,,,,,,,,,,,,,,,,,,,,1,2,,,,,,,,,,,,,,
2024,"Egypt, Arab Rep.",EGY,Middle East & North Africa (excluding high income),77385958,123605528,1.563822134,2,45,1,3,1,2,1,0,1,0,1,1,2,4,4,4,0,4,3,0,1,2,1,2,2,,1,2,2,2,,,,,,,,,,,,,,,,,,,,,,,,,1,,2,2,1,1,,2,2,,2,,1,,2,2,2,,,,7,,1,2,,,,2,2,,1,2,2,,2,,2,,2,2,,,,,1,2,2,2,1,,,,,2,2,,,,,,,,2,,,,,,3,0,1,,,,,,,,,,,,,,2,2,1,1,,2,,,2,2,,2,2,,2,2,2,,,,,,,,,,,,,1,2,2,1,2,2,2,1,4,1,2,,,,,,,,,,,,,,
2024,"Egypt, Arab Rep.",EGY,Middle East & North Africa (excluding high income),77385958,123642868,1.926953118,2,53,1,1,1,2,0,0,0,0,0,0,4,4,4,4,0,2,3,0,2,,,,,,,,,,2,2,2,2,1,2,1,2,2,,,,,,,,,,,,,,,,2,,2,,,,2,2,2,,2,,2,,2,2,2,,,2,7,,1,2,,,,,,,,,,,2,,2,,2,1,2,2,,1,2,,,,,,,,,2,2,,,,,,,,2,,,,,,3,0,1,,,,,,,,,,,,,,2,2,1,1,,2,,,2,2,,2,2,,2,2,2,,,,,,,,,,,,,1,2,2,1,2,2,2,1,8,1,2,,,,,,,,,,,,,,
2024,"Egypt, Arab Rep.",EGY,Middle East & North Africa (excluding high income),77385958,123667000,0.378864795,2,60,2,5,1,2,1,1,1,1,1,1,4,4,4,4,0,2,1,1,1,1,2,3,3,1,1,1,2,2,,,,,,,,,,,,,,,,,,,,,,,,,1,2,1,3,2,2,,2,2,,2,2,1,1,2,2,2,,,,3,3,4,2,,,,2,2,,4,2,2,,1,2,1,1,2,1,2,2,,1,2,,,,,,,,,2,2,,,,,,,,2,,,,,,3,1,1,,,,,,,,,,,,,,1,,1,1,,1,,1,1,1,1,2,1,2,1,1,,1,1,3,,1,1,1,1,1,2,1,2,,,,,,,,,,1,2,,,,,,,,,,,,,,
2024,"Egypt, Arab Rep.",EGY,Middle East & North Africa (excluding high income),77385958,123702244,0.341200913,2,41,2,4,1,2,1,1,1,1,0,0,1,4,4,4,0,2,3,1,1,2,1,2,2,,2,1,2,2,,,,,,,,,,,,,,,,,,,,,,,,,2,2,2,,,,2,2,2,,2,2,2,,2,2,2,,,2,7,,4,2,,,,2,2,,4,2,2,,2,,2,,2,1,2,2,,1,1,2,1,2,,,2,1,,2,2,,,,,,,,2,,,,,,3,1,1,,,,,,,,,,,,,,1,,1,1,,1,,1,2,2,,2,2,,2,1,,1,1,3,,1,1,1,1,1,2,2,2,,,,,,,,,,1,2,,,,,,,,,,,,,,
2024,"Egypt, Arab Rep.",EGY,Middle East & North Africa (excluding high income),77385958,123718416,1.614370388,2,65,1,2,2,2,1,0,1,1,1,0,4,4,1,4,0,2,2,1,1,1,1,2,2,,2,1,2,2,,,,,,,,,,,,,,,,,,,,,,,,,2,,2,,,,2,1,2,,2,,1,,2,2,1,,,,2,2,2,2,,,,2,2,,4,2,2,,2,,1,2,2,1,2,2,,1,2,,,,,,,,,2,1,1,2,,,1,2,,2,,,,,,4,0,1,,,,,,,,,,,,,,2,2,1,1,,2,,,2,2,,2,2,,2,2,2,,,,,,,,,,,,,1,2,2,2,2,2,2,1,1,1,2,,,,,,,,,,,,,,
2024,"Egypt, Arab Rep.",EGY,Middle East & North Africa (excluding high income),77385958,123723319,0.737627107,2,20,2,2,1,2,0,1,1,1,1,0,1,4,4,4,0,4,1,1,2,,,,,,,,,,2,2,1,2,2,2,1,2,2,,,,,,,,,,,,,,,,2,2,2,,,,2,2,2,,2,2,1,,1,2,1,,,,7,,1,2,,,,2,2,,4,2,2,,2,,1,1,2,2,,,,,1,2,2,1,,,2,1,,2,2,,,,,,,,2,,,,,,3,1,1,,,,,,,,,,,,,,1,,2,1,,1,,1,1,1,1,2,1,2,2,1,,1,1,2,,1,1,1,1,1,2,1,2,,,,,,,,,,1,2,,,,,,,,,,,,,,
2024,"Egypt, Arab Rep.",EGY,Middle East & North Africa (excluding high income),77385958,123800729,0.839647459,2,50,1,2,2,2,0,0,0,0,1,0,4,4,4,4,0,2,2,0,2,,,,,,,,,,2,2,2,2,1,2,1,2,2,,,,,,,,,,,,,,,,2,,2,,,,2,2,2,,2,,1,,2,2,3,,,,2,1,1,2,,,,,,,,,,,2,,1,2,2,1,2,2,,1,2,,,,,,,,,2,2,,,,,,,,2,,,,,,4,0,1,,,,,,,,,,,,,,2,2,2,1,,2,,,2,2,,2,2,,2,2,2,,,,,,,,,,,,,1,2,2,1,2,2,2,1,1,1,2,,,,,,,,,,,,,,
2024,"Egypt, Arab Rep.",EGY,Middle East & North Africa (excluding high income),77385958,123945374,0.257212146,2,44,2,5,1,2,0,1,1,1,0,1,2,4,4,4,0,4,3,1,2,,,,,,,,,,1,2,1,2,1,1,2,2,1,,,,,,,,,,,,,,,,2,1,2,4,2,2,,2,2,,2,2,2,,2,2,2,,,2,1,3,2,2,,,,2,2,,3,2,2,,2,,2,,2,2,,,,,1,2,2,2,1,,,,,2,2,,,,,,,,2,,,,,,4,0,1,,,,,,,,,,,,,,2,2,1,1,,2,,,2,1,1,1,1,2,2,2,2,,,,,,,,,,,,,1,1,2,2,2,2,2,1,97,1,2,,,,,,,,,,,,,,
2024,"Egypt, Arab Rep.",EGY,Middle East & North Africa (excluding high income),77385958,124094410,0.747150925,1,17,2,5,2,2,0,0,0,0,0,0,4,4,4,4,0,4,3,0,2,,,,,,,,,,2,2,1,2,2,2,1,1,2,,,,,,,,,,,,,,,,2,,2,,,,2,2,2,,2,,2,,2,2,2,,,2,2,3,4,2,,,,,,,,,,,2,,2,,2,2,,,,,2,,,,,,,,,2,2,,,,,,,,2,,,,,,5,1,1,,,,,,,,,,,,,,1,,1,1,,1,,1,4,1,1,1,2,,2,1,,1,1,3,,1,1,1,1,1,2,2,2,,,,,,,,,,1,2,,,,,,,,,,,,,,
2024,"Egypt, Arab Rep.",EGY,Middle East & North Africa (excluding high income),77385958,124116819,1.44454801,1,30,3,5,2,2,0,1,1,1,0,1,4,4,4,4,1,1,3,1,2,,,,,,,,,,2,2,1,2,2,2,1,1,2,,,,,,,,,,,,,,,,2,1,2,2,2,2,,2,2,,2,2,2,,2,2,2,,,2,5,2,1,2,,,,2,1,3,,1,1,3,2,,2,,2,1,2,1,,,2,,,,,,,,,2,2,,,,,,,,2,,,,,,1,1,1,,,,,,,,,,,,,,1,,1,1,,1,,1,1,1,1,1,2,,2,2,1,1,1,3,,1,1,1,1,1,2,1,1,,,,,,,,,,1,2,,,,,,,,,,,,,,
2024,"Egypt, Arab Rep.",EGY,Middle East & North Africa (excluding high income),77385958,124344770,0.56776579,1,40,2,3,1,2,0,0,0,0,0,0,4,4,4,4,0,2,3,0,2,,,,,,,,,,2,2,2,2,2,2,1,2,2,,,,,,,,,,,,,,,,2,,2,,,,2,2,2,,2,,2,,2,2,2,,,2,2,2,1,2,,,,,,,,,,,2,,2,,2,1,2,2,,1,2,,,,,,,,,2,2,,,,,,,,2,,,,,,5,1,1,,,,,,,,,,,,,,1,,1,1,,1,,1,4,1,1,2,2,,2,1,,1,1,2,,1,1,1,2,2,2,2,2,,,,,,,,,,1,2,,,,,,,,,,,,,,
2024,"Egypt, Arab Rep.",EGY,Middle East & North Africa (excluding high income),77385958,124693519,0.308749889,1,53,2,3,2,1,1,0,1,1,0,0,4,4,1,4,0,4,3,1,1,1,1,2,2,,2,1,2,1,,,,,,,,,,,,,,,,,,,,,,,,,2,,2,,,,2,2,2,,2,,2,,2,2,2,2,,2,7,,1,2,,,,2,2,,4,2,2,,2,,2,,2,2,,,,,2,,,,,,,,,2,1,2,2,2,1,1,2,,2,,,,,,3,1,1,,,,,,,,,,,,,,1,,1,1,,1,,1,4,1,1,2,2,,2,1,,1,1,3,,2,1,1,2,2,2,2,2,,,,,,,,,,1,2,,,,,,,,,,,,,,
2024,"Egypt, Arab Rep.",EGY,Middle East & North Africa (excluding high income),77385958,124735287,0.347414217,2,36,2,5,1,2,0,0,0,0,0,1,4,4,4,4,0,2,3,0,2,,,,,,,,,,2,1,1,2,2,2,2,2,2,,,,,,,,,,,,,,,,2,,2,,,,1,2,2,,2,,2,,2,2,2,,,2,1,3,2,2,,,,,,,,,,,2,,2,,2,1,2,2,,1,2,,,,,,,,,2,2,,,,,,,,2,,,,,,3,1,1,,,,,,,,,,,,,,1,,1,1,,1,,1,4,1,1,2,2,,2,1,,1,1,3,,1,1,1,1,2,2,2,2,,,,,,,,,,1,2,,,,,,,,,,,,,,
2024,"Egypt, Arab Rep.",EGY,Middle East & North Africa (excluding high income),77385958,124854147,1.259471189,2,53,1,1,1,2,0,0,0,0,1,0,2,4,4,4,0,4,3,0,2,,,,,,,,,,2,2,2,2,1,2,1,2,2,,,,,,,,,,,,,,,,2,,2,,,,2,2,2,,2,,1,,1,2,1,,,,2,1,1,2,,,,,,,,,,,2,,2,,2,2,,,,,1,2,2,2,1,,,,,2,2,,,,,,,,2,,,,,,4,0,1,,,,,,,,,,,,,,2,2,2,1,,2,,,2,2,,2,2,,2,2,2,,,,,,,,,,,,,1,2,2,2,2,2,2,2,1,1,2,,,,,,,,,,,,,,
2024,"Egypt, Arab Rep.",EGY,Middle East & North Africa (excluding high income),77385958,125213252,0.843459069,1,40,1,5,1,2,1,0,1,0,1,1,2,1,4,4,0,2,3,1,1,2,2,2,2,,2,2,2,2,,,,,,,,,,,,,,,,,,,,,,,,,2,,1,,,,,2,2,,2,,1,2,1,2,1,,,,4,1,1,2,,,,2,2,,4,2,2,,2,,2,,2,1,2,2,,1,1,2,2,2,1,,,,,1,2,1,2,,,1,2,,2,,,,,,3,1,1,,,,,,,,,,,,,,1,,1,1,,2,,,2,1,2,1,1,2,2,1,,1,1,2,,1,1,1,2,2,2,2,2,,,,,,,,,,1,2,,,,,,,,,,,,,,
2024,"Egypt, Arab Rep.",EGY,Middle East & North Africa (excluding high income),77385958,125217698,0.526945861,1,60,2,4,2,2,1,0,1,1,1,0,4,4,4,4,0,2,3,1,1,1,1,2,1,,1,1,1,1,,,,,,,,,,,,,,,,,,,,,,,,,2,,2,,,,2,2,2,,2,,2,,2,2,2,1,2,,2,1,3,2,,,,2,2,,4,2,2,,2,,2,,2,1,2,2,,1,2,,,,,,,,,2,2,,,,,,,,2,,,,,,3,0,1,,,,,,,,,,,,,,2,2,1,4,1,2,,,4,2,,2,2,,2,2,2,,,,,,,,,,,,,2,2,2,1,2,2,2,1,4,1,2,,,,,,,,,,,,,,
2024,"Egypt, Arab Rep.",EGY,Middle East & North Africa (excluding high income),77385958,125274169,0.872813331,1,19,2,2,2,2,0,0,0,0,0,0,4,4,4,4,0,4,3,0,2,,,,,,,,,,2,2,2,2,1,2,1,2,2,,,,,,,,,,,,,,,,2,,2,,,,2,2,2,,2,,2,,2,2,2,,,2,2,1,5,2,,,,,,,,,,,2,,2,,2,2,,,,,2,,,,,,,,,2,2,,,,,,,,2,,,,,,5,1,1,,,,,,,,,,,,,,2,2,2,1,,1,,2,1,2,,1,2,,2,1,,1,2,,1,1,1,1,2,2,2,2,2,1,2,2,2,1,2,1,2,7,1,2,,,,,,,,,,,,,,
2024,"Egypt, Arab Rep.",EGY,Middle East & North Africa (excluding high income),77385958,125284768,0.590290295,1,27,2,2,2,2,0,0,0,0,0,0,4,4,4,4,0,4,3,0,2,,,,,,,,,,2,2,2,2,2,2,1,2,2,,,,,,,,,,,,,,,,2,,2,,,,2,2,2,,2,,2,,2,2,2,,,2,7,,1,2,,,,,,,,,,,2,,2,,2,2,,,,,2,,,,,,,,,2,2,,,,,,,,2,,,,,,4,0,2,1,2,2,2,1,2,2,5,2,,,,1,,,,,,,,,,,,,,,,2,2,,,,,,,,,,,,,,,,,,,,,,1,2,,,,,,,,,,,,,,
2024,"Egypt, Arab Rep.",EGY,Middle East & North Africa (excluding high income),77385958,125289218,0.737627107,2,16,2,3,2,2,0,0,0,0,0,0,4,4,4,4,0,4,3,0,2,,,,,,,,,,2,2,1,2,2,2,1,1,2,,,,,,,,,,,,,,,,2,,2,,,,2,2,2,,2,,2,,2,2,2,,,2,2,1,4,2,,,,,,,,,,,2,,2,,2,2,,,,,2,,,,,,,,,2,2,,,,,,,,2,,,,,,4,1,1,,,,,,,,,,,,,,1,,2,1,,1,,1,2,1,1,1,2,,2,1,,1,1,2,,1,1,1,1,1,2,2,2,,,,,,,,,,1,2,,,,,,,,,,,,,,
2024,"Egypt, Arab Rep.",EGY,Middle East & North Africa (excluding high income),77385958,125389512,0.257212146,1,38,2,1,2,2,0,0,0,0,1,0,2,4,4,4,0,4,3,0,2,,,,,,,,,,2,2,2,2,2,2,2,2,1,,,,,,,,,,,,,,,,2,,2,,,,2,2,2,,2,,1,,1,2,1,,,,7,,4,2,,,,,,,,,,,2,,2,,2,2,,,,,1,2,2,2,1,,,,,2,2,,,,,,,,2,,,,,,4,0,1,,,,,,,,,,,,,,1,,1,1,,2,,,3,2,,2,2,,2,2,2,,,,,2,2,2,2,2,2,2,2,,,,,,,,,,1,2,,,,,,,,,,,,,,
2024,"Egypt, Arab Rep.",EGY,Middle East & North Africa (excluding high income),77385958,125601766,2.889474023,2,28,1,1,1,1,0,0,0,0,1,0,2,4,4,4,0,4,3,0,2,,,,,,,,,,2,1,1,2,2,2,1,2,2,,,,,,,,,,,,,,,,2,,2,,,,2,2,2,,2,,2,,2,2,1,,,2,2,1,4,2,,,,,,,,,,,2,,2,,2,2,,,,,1,2,2,2,1,,,,,2,2,,,,,,,,2,,,,,,4,0,1,,,,,,,,,,,,,,2,2,1,1,,1,,2,2,2,,2,2,,2,2,2,,,,,,,,,,,,,1,2,2,2,2,2,2,2,1,1,2,,,,,,,,,,,,,,
2024,"Egypt, Arab Rep.",EGY,Middle East & North Africa (excluding high income),77385958,125648748,1.211879384,2,22,2,3,2,1,1,1,1,1,1,1,4,4,4,4,1,4,1,1,1,1,2,3,3,1,2,2,1,2,,,,,,,,,,,,,,,,,,,,,,,,,2,1,2,3,2,2,,2,2,,2,2,1,,2,2,2,,,,2,1,4,2,,,,2,1,2,,2,2,,1,1,1,1,1,2,,,,,2,,,,,,,,,2,2,,,,,,,,2,,,,,,6,1,1,,,,,,,,,,,,,,1,,1,1,,1,,1,3,1,1,2,1,2,2,1,,1,1,3,,1,1,1,1,1,2,2,2,,,,,,,,,,1,2,,,,,,,,,,,,,,
2024,"Egypt, Arab Rep.",EGY,Middle East & North Africa (excluding high income),77385958,125685132,0.936659152,1,33,1,3,1,2,1,0,1,1,1,0,2,1,4,4,0,2,3,1,1,1,1,2,2,,2,1,2,2,,,,,,,,,,,,,,,,,,,,,,,,,2,,2,,,,2,2,2,,1,,1,,1,2,1,,,,7,,2,2,,,,2,2,,4,2,2,,2,,2,,2,1,2,2,,1,1,2,2,2,1,,,,,1,2,1,2,,,1,2,,2,,,,,,4,1,1,,,,,,,,,,,,,,1,,1,1,,2,,,2,2,,2,2,,2,1,,1,1,2,,1,1,1,2,2,2,2,2,,,,,,,,,,1,2,,,,,,,,,,,,,,
2024,"Egypt, Arab Rep.",EGY,Middle East & North Africa (excluding high income),77385958,125751869,0.481147573,1,37,2,3,2,2,0,0,0,0,1,0,4,4,4,4,0,4,2,0,2,,,,,,,,,,2,2,1,2,2,2,1,2,1,,,,,,,,,,,,,,,,2,,2,,,,2,2,2,,2,,4,,1,2,1,,,1,2,1,1,2,,,,,,,,,,,2,,1,2,2,2,,,,,2,,,,,,,,,2,2,,,,,,,,2,,,,,,4,1,1,,,,,,,,,,,,,,1,,2,1,,1,,1,1,1,1,1,2,,2,1,,1,1,3,,1,2,1,1,1,2,2,2,,,,,,,,,,1,2,,,,,,,,,,,,,,
2024,"Egypt, Arab Rep.",EGY,Middle East & North Africa (excluding high income),77385958,125862277,2.889474023,2,18,1,4,1,1,0,0,0,0,1,1,2,4,4,4,0,4,3,0,2,,,,,,,,,,2,2,2,2,2,2,1,1,2,,,,,,,,,,,,,,,,2,,2,,,,1,2,2,,2,,2,,2,2,1,,,2,4,1,2,2,,,,,,,,,,,2,,2,,2,2,,,,,1,2,2,2,1,,,,,2,2,,,,,,,,2,,,,,,3,1,1,,,,,,,,,,,,,,1,,2,1,,2,,,2,1,2,2,2,,2,1,,3,1,3,,2,1,1,2,2,2,2,2,,,,,,,,,,1,2,,,,,,,,,,,,,,
2024,"Egypt, Arab Rep.",EGY,Middle East & North Africa (excluding high income),77385958,125863837,0.73623456,1,30,2,2,2,1,0,0,0,0,0,0,4,4,4,4,0,4,3,0,2,,,,,,,,,,2,2,2,2,2,2,1,1,2,,,,,,,,,,,,,,,,2,,2,,,,2,2,2,,2,,2,,2,2,2,,,2,7,,2,2,,,,,,,,,,,2,,2,,2,2,,,,,2,,,,,,,,,2,2,,,,,,,,2,,,,,,4,1,2,1,2,2,2,2,2,1,7,1,1,2,1,,,,,,,,,,,,,,,,,1,,2,1,3,,2,2,1,2,2,2,2,2,,,,,,,,,,1,2,,,,,,,,,,,,,,
2024,"Egypt, Arab Rep.",EGY,Middle East & North Africa (excluding high income),77385958,125885929,1.160967231,2,60,1,4,1,1,0,0,0,0,1,0,4,4,4,4,0,2,3,0,2,,,,,,,,,,2,2,1,2,2,2,1,2,2,,,,,,,,,,,,,,,,2,,2,,,,2,2,2,,2,,2,,2,2,1,,,2,7,,1,2,,,,,,,,,,,2,,2,,2,1,2,2,,1,2,,,,,,,,,2,2,,,,,,,,2,,,,,,3,0,1,,,,,,,,,,,,,,2,2,1,1,,1,,2,2,2,,2,2,,2,2,2,,,,,,,,,,,,,1,2,2,2,2,2,2,1,8,1,2,,,,,,,,,,,,,,
2024,"Egypt, Arab Rep.",EGY,Middle East & North Africa (excluding high income),77385958,125921963,1.040864953,1,51,1,2,1,2,0,0,0,0,1,0,2,4,4,4,0,4,3,0,2,,,,,,,,,,2,2,2,1,1,1,1,1,1,,,,,,,,,,,,,,,,2,,2,,,,2,2,2,,2,,1,,2,2,1,,,,2,1,3,2,,,,,,,,,,,2,,2,,2,2,,,,,1,2,2,2,1,,,,,2,2,,,,,,,,2,,,,,,4,0,1,,,,,,,,,,,,,,2,2,1,1,,2,,,3,2,,2,2,,2,2,2,,,,,,,,,,,,,1,1,2,1,2,2,2,1,8,1,2,,,,,,,,,,,,,,
2024,"Egypt, Arab Rep.",EGY,Middle East & North Africa (excluding high income),77385958,125944066,1.181913759,2,43,1,4,1,2,0,0,0,0,0,0,4,4,4,4,0,2,3,0,2,,,,,,,,,,2,2,1,2,2,2,1,2,2,,,,,,,,,,,,,,,,2,,2,,,,2,2,2,,2,,2,,2,2,2,,,2,7,,4,2,,,,,,,,,,,2,,2,,2,1,2,2,,1,2,,,,,,,,,2,2,,,,,,,,2,,,,,,4,1,1,,,,,,,,,,,,,,1,,1,1,,1,,1,1,1,1,2,2,,1,1,,1,1,1,,1,1,1,1,1,2,2,2,,,,,,,,,,1,2,,,,,,,,,,,,,,
2024,"Egypt, Arab Rep.",EGY,Middle East & North Africa (excluding high income),77385958,126116256,0.51180137,2,40,2,1,1,2,0,0,0,0,0,0,4,4,4,2,0,4,3,0,2,,,,,,,,,,2,2,1,2,1,2,2,2,2,,,,,,,,,,,,,,,,2,,2,,,,2,2,2,,2,,2,,2,2,2,,,2,2,2,4,2,,,,,,,,,,,2,,2,,2,2,,,,,2,,,,,,,,,2,2,,,,,,,,1,2,2,1,,2,4,1,1,,,,,,,,,,,,,,1,,1,1,,1,,1,2,1,1,2,2,,2,1,,1,1,1,,1,1,1,2,2,2,2,2,,,,,,,,,,1,2,,,,,,,,,,,,,,
2024,"Egypt, Arab Rep.",EGY,Middle East & North Africa (excluding high income),77385958,126177406,1.020731452,1,47,1,3,2,1,1,0,1,0,1,0,4,1,4,4,0,2,3,1,1,2,1,2,2,,2,1,2,2,,,,,,,,,,,,,,,,,,,,,,,,,2,,2,,,,2,2,2,,2,,1,,1,2,1,,,,5,2,4,2,,,,2,2,,4,2,2,,2,,2,,1,1,2,2,,1,2,,,,,,,,,1,2,1,2,,,1,2,,2,,,,,,3,0,1,,,,,,,,,,,,,,2,2,1,1,,2,,,3,2,,2,2,,2,2,2,,,,,,,,,,,,,2,1,2,1,2,2,2,2,4,1,2,,,,,,,,,,,,,,
2024,"Egypt, Arab Rep.",EGY,Middle East & North Africa (excluding high income),77385958,126229586,0.575442307,2,72,1,5,2,1,1,0,1,0,0,0,4,4,1,4,0,2,3,1,1,2,2,2,2,,2,1,2,2,,,,,,,,,,,,,,,,,,,,,,,,,2,,2,,,,2,2,2,,2,,2,,2,2,2,,,2,6,2,3,2,,,,2,2,,4,2,2,,2,,2,,2,1,2,2,,1,2,,,,,,,,,2,1,1,2,,,1,2,,2,,,,,,6,1,1,,,,,,,,,,,,,,1,,1,1,,1,,1,1,2,,2,1,2,2,1,,1,1,3,,1,2,1,1,1,2,2,2,,,,,,,,,,1,2,,,,,,,,,,,,,,
2024,"Egypt, Arab Rep.",EGY,Middle East & North Africa (excluding high income),77385958,126252263,1.083369527,1,52,1,4,2,1,1,0,1,1,1,0,4,1,4,4,0,2,3,1,1,1,1,2,2,,2,1,2,2,,,,,,,,,,,,,,,,,,,,,,,,,2,,2,,,,2,2,2,,2,,1,,1,2,1,,,,6,1,2,2,,,,2,2,,4,2,2,,2,,2,,2,1,2,2,,1,2,,,,,,,,,1,2,1,2,,,1,2,,2,,,,,,3,0,2,2,2,2,1,2,2,2,4,2,,,,1,,,,,,,,,,,,,,,,2,2,,,,,,,,,,,,,,,,,,,,,,1,2,,,,,,,,,,,,,,
2024,"Egypt, Arab Rep.",EGY,Middle East & North Africa (excluding high income),77385958,126312375,1.705775056,2,41,1,2,1,1,0,0,0,0,1,1,4,4,4,4,0,2,3,0,2,,,,,,,,,,2,2,1,2,2,2,1,2,2,,,,,,,,,,,,,,,,2,,1,,,,,2,2,,2,,2,1,2,2,1,,,,7,,1,2,,,,,,,,,,,2,,2,,2,1,2,2,,1,2,,,,,,,,,2,2,,,,,,,,2,,,,,,4,0,1,,,,,,,,,,,,,,2,2,1,1,,2,,,2,2,,2,2,,2,2,2,,,,,,,,,,,,,1,2,2,1,2,2,2,1,1,1,2,,,,,,,,,,,,,,
2024,"Egypt, Arab Rep.",EGY,Middle East & North Africa (excluding high income),77385958,126407369,1.056124755,2,19,2,2,1,2,0,0,0,0,1,1,2,4,4,4,0,4,3,0,2,,,,,,,,,,2,2,1,2,1,2,1,2,2,,,,,,,,,,,,,,,,2,,2,,,,1,2,2,,2,,1,,1,2,1,,,,3,2,1,2,,,,,,,,,,,2,,2,,2,2,,,,,1,2,2,2,1,,,,,2,2,,,,,,,,2,,,,,,5,1,1,,,,,,,,,,,,,,1,,2,1,,1,,1,2,1,1,2,2,,1,1,,1,1,2,,1,1,1,1,1,2,2,2,,,,,,,,,,1,2,,,,,,,,,,,,,,
2024,"Egypt, Arab Rep.",EGY,Middle East & North Africa (excluding high income),77385958,126533703,1.76289927,2,24,2,3,2,1,0,1,1,1,0,0,4,4,4,4,0,4,1,1,2,,,,,,,,,,2,2,1,2,2,2,1,1,2,,,,,,,,,,,,,,,,2,2,2,,,,2,2,2,,2,2,2,,2,2,2,,,2,2,1,4,2,,,,2,2,,4,2,2,,2,,1,1,2,2,,,,,2,,,,,,,,,2,2,,,,,,,,2,,,,,,6,1,1,,,,,,,,,,,,,,1,,1,1,,1,,1,4,1,1,2,1,2,2,1,,1,1,3,,1,1,1,2,2,2,2,2,,,,,,,,,,1,2,,,,,,,,,,,,,,
2024,"Egypt, Arab Rep.",EGY,Middle East & North Africa (excluding high income),77385958,126556629,0.638018343,2,49,3,4,2,2,1,0,1,0,1,0,4,4,4,4,0,2,3,0,1,2,1,2,2,,1,1,2,2,,,,,,,,,,,,,,,,,,,,,,,,,2,,2,,,,2,2,2,,2,,1,,2,2,2,,,,2,2,2,2,,,,2,2,,1,2,2,,2,,2,,2,1,2,2,,1,2,,,,,,,,,2,2,,,,,,,,2,,,,,,3,1,1,,,,,,,,,,,,,,1,,2,1,,1,,1,4,2,,2,2,,1,1,,1,1,4,,2,1,1,1,1,2,1,2,,,,,,,,,,1,2,,,,,,,,,,,,,,
2024,"Egypt, Arab Rep.",EGY,Middle East & North Africa (excluding high income),77385958,126616070,0.941260162,1,24,2,2,2,2,0,0,0,0,0,0,4,4,4,4,0,2,3,0,2,,,,,,,,,,2,2,2,2,2,1,1,2,3,,,,,,,,,,,,,,,,2,,2,,,,2,2,2,,2,,2,,2,2,2,,,2,2,1,4,2,,,,,,,,,,,2,,2,,2,1,2,2,,1,2,,,,,,,,,2,2,,,,,,,,2,,,,,,4,1,1,,,,,,,,,,,,,,1,,1,1,,1,,1,1,1,1,2,2,,1,1,,1,1,1,,1,1,1,1,1,2,2,2,,,,,,,,,,1,2,,,,,,,,,,,,,,
2024,"Egypt, Arab Rep.",EGY,Middle East & North Africa (excluding high income),77385958,126741082,0.474059588,2,69,2,4,2,2,1,1,1,1,1,0,4,4,1,4,0,2,2,1,1,1,1,2,2,,2,1,2,2,,,,,,,,,,,,,,,,,,,,,,,,,2,2,2,,,,2,2,2,,2,2,1,,2,2,2,,,,2,1,4,2,,,,2,2,,1,2,2,,2,,1,2,2,1,2,2,,1,2,,,,,,,,,2,1,1,2,,,1,2,,2,,,,,,1,1,1,,,,,,,,,,,,,,1,,1,1,,1,,1,1,1,1,2,1,2,1,1,,1,1,3,,1,1,1,1,1,2,1,2,,,,,,,,,,1,2,,,,,,,,,,,,,,
2024,"Egypt, Arab Rep.",EGY,Middle East & North Africa (excluding high income),77385958,126853859,1.225832837,2,17,2,3,1,2,0,0,0,0,0,0,4,4,4,4,0,4,3,0,2,,,,,,,,,,2,2,2,2,2,2,1,2,2,,,,,,,,,,,,,,,,2,,2,,,,2,2,2,,2,,2,,2,2,2,,,2,2,2,2,2,,,,,,,,,,,2,,2,,2,2,,,,,2,,,,,,,,,2,2,,,,,,,,2,,,,,,4,1,1,,,,,,,,,,,,,,1,,2,1,,1,,1,4,1,1,2,2,,1,1,,1,2,,1,1,1,1,1,2,2,1,2,,,,,,,,,,1,2,,,,,,,,,,,,,,
2024,"Egypt, Arab Rep.",EGY,Middle East & North Africa (excluding high income),77385958,126897666,0.776772062,2,16,2,2,1,1,0,0,0,0,1,0,2,4,4,4,0,4,2,0,2,,,,,,,,,,2,2,2,2,2,2,1,2,2,,,,,,,,,,,,,,,,2,,2,,,,2,2,2,,2,,2,,2,2,1,,,2,2,2,1,2,,,,,,,,,,,2,,1,2,2,2,,,,,1,2,2,2,1,,,,,2,2,,,,,,,,2,,,,,,3,1,2,1,2,2,2,2,2,1,1,1,1,2,2,,,,,,,,,,,,,,,,,1,,2,1,2,,1,1,1,2,2,2,2,2,,,,,,,,,,1,2,,,,,,,,,,,,,,
2024,"Egypt, Arab Rep.",EGY,Middle East & North Africa (excluding high income),77385958,126902224,0.42796523,1,24,2,1,2,2,0,0,0,0,0,1,4,4,4,4,0,2,3,0,2,,,,,,,,,,2,2,2,2,2,1,1,2,2,,,,,,,,,,,,,,,,2,2,1,,,,,2,2,,2,2,2,2,2,2,2,,,2,7,,4,2,,,,2,2,,4,2,2,,2,,2,,1,1,2,2,,1,2,,,,,,,,,2,2,,,,,,,,2,,,,,,3,1,1,,,,,,,,,,,,,,1,,1,1,,1,,1,4,1,1,2,2,,2,1,,1,1,3,,2,2,1,2,2,2,2,2,,,,,,,,,,1,2,,,,,,,,,,,,,,
2024,"Egypt, Arab Rep.",EGY,Middle East & North Africa (excluding high income),77385958,126922018,0.308242547,1,51,2,4,1,2,1,1,1,1,1,0,2,4,4,4,0,2,1,1,1,1,2,2,2,,2,1,1,1,,,,,,,,,,,,,,,,,,,,,,,,,2,2,2,,,,2,2,2,,2,2,1,,1,2,1,1,1,,7,,3,2,,,,2,2,,4,2,2,,1,1,1,1,2,1,2,2,,1,1,2,2,2,1,,,,,2,2,,,,,,,,2,,,,,,4,1,1,,,,,,,,,,,,,,1,,1,1,,1,,1,2,1,1,2,1,2,2,1,,1,1,3,,1,1,1,2,1,2,2,1,,,,,,,,,,1,2,,,,,,,,,,,,,,
2024,"Egypt, Arab Rep.",EGY,Middle East & North Africa (excluding high income),77385958,126936238,0.792006654,1,50,1,4,2,2,0,0,0,0,1,0,4,4,4,4,0,4,3,0,2,,,,,,,,,,2,2,2,2,1,2,2,2,2,,,,,,,,,,,,,,,,2,,2,,,,2,2,2,,2,,1,,1,2,1,,,,2,1,1,2,,,,,,,,,,,2,,2,,2,2,,,,,2,,,,,,,,,2,2,,,,,,,,2,,,,,,4,0,2,1,2,2,1,2,2,2,1,2,,,,2,,,,,,,,,,,,,,,,2,2,,,,,,,,,,,,,,,,,,,,,,1,2,,,,,,,,,,,,,,
2024,"Egypt, Arab Rep.",EGY,Middle East & North Africa (excluding high income),77385958,127070021,0.257212146,1,24,2,5,2,2,0,1,1,1,0,1,4,4,4,4,0,2,3,1,2,,,,,,,,,,2,2,2,2,2,2,1,2,2,,,,,,,,,,,,,,,,2,1,2,2,2,2,,2,2,,2,2,2,,2,2,2,,,2,2,2,3,2,,,,2,2,,1,2,2,,2,,2,,1,1,2,2,,1,2,,,,,,,,,2,2,,,,,,,,2,,,,,,3,1,1,,,,,,,,,,,,,,1,,1,1,,1,,1,3,1,1,2,2,,2,1,,1,2,,1,1,1,1,1,2,2,2,2,,,,,,,,,,1,2,,,,,,,,,,,,,,
2024,"Egypt, Arab Rep.",EGY,Middle East & North Africa (excluding high income),77385958,127170531,0.283970401,1,35,2,3,2,2,0,0,0,0,0,0,4,4,4,4,0,2,3,0,2,,,,,,,,,,2,2,1,2,2,2,1,2,2,,,,,,,,,,,,,,,,2,,2,,,,2,2,2,,2,,2,,2,2,2,,,2,2,1,4,2,,,,,,,,,,,2,,2,,2,1,2,2,,1,2,,,,,,,,,2,2,,,,,,,,2,,,,,,4,0,2,1,2,2,2,2,2,1,1,1,2,2,2,,,,,,,,,,,,,,,,,2,2,,,,,,,,,,,,,,,,,,,,,,1,2,,,,,,,,,,,,,,
2024,"Egypt, Arab Rep.",EGY,Middle East & North Africa (excluding high income),77385958,127332844,1.456913093,1,18,2,3,2,2,0,0,0,0,0,0,4,4,4,4,0,4,3,0,2,,,,,,,,,,2,2,2,2,2,2,1,1,2,,,,,,,,,,,,,,,,2,,2,,,,2,2,2,,2,,2,,2,2,2,,,2,2,1,5,2,,,,,,,,,,,2,,2,,2,2,,,,,2,,,,,,,,,2,2,,,,,,,,2,,,,,,7,0,2,1,2,2,2,2,2,1,1,1,1,2,1,,,,,,,,,,,,,,,,,2,2,,,,,,,,,,,,,,,,,,,,,,1,2,,,,,,,,,,,,,,
2024,"Egypt, Arab Rep.",EGY,Middle East & North Africa (excluding high income),77385958,127414953,1.342356606,1,53,1,5,2,2,0,0,0,0,0,0,4,4,4,4,0,2,3,0,2,,,,,,,,,,2,2,1,2,2,2,1,2,2,,,,,,,,,,,,,,,,2,,2,,,,2,2,2,,2,,2,,2,2,2,,,2,2,1,3,2,,,,,,,,,,,2,,2,,2,1,2,2,,1,2,,,,,,,,,2,2,,,,,,,,2,,,,,,4,0,2,1,2,2,1,2,2,1,7,1,2,2,2,,,,,,,,,,,,,,,,,2,2,,,,,,,,,,,,,,,,,,,,,,1,2,,,,,,,,,,,,,,
2024,"Egypt, Arab Rep.",EGY,Middle East & North Africa (excluding high income),77385958,127604153,2.485022294,2,40,1,1,2,2,0,1,1,1,0,1,2,4,4,4,0,2,3,1,2,,,,,,,,,,2,2,2,2,1,2,1,2,3,,,,,,,,,,,,,,,,2,1,2,4,2,2,,2,2,,2,2,2,,2,2,2,,,2,5,1,4,2,,,,2,2,,4,2,2,,2,,2,,2,1,2,2,,1,1,2,2,2,1,,,,,2,2,,,,,,,,2,,,,,,3,0,1,,,,,,,,,,,,,,2,2,1,1,,1,,1,2,2,,2,2,,2,2,2,,,,,,,,,,,,,1,2,1,1,2,2,1,1,4,1,2,,,,,,,,,,,,,,
2024,"Egypt, Arab Rep.",EGY,Middle East & North Africa (excluding high income),77385958,127623701,0.405968606,1,50,2,5,2,2,0,0,0,0,0,0,4,4,4,4,0,4,3,0,2,,,,,,,,,,2,2,1,2,2,2,2,1,2,,,,,,,,,,,,,,,,2,,2,,,,2,2,2,,2,,2,,2,2,2,,,2,5,2,3,2,,,,,,,,,,,2,,2,,2,2,,,,,2,,,,,,,,,2,2,,,,,,,,2,,,,,,3,1,1,,,,,,,,,,,,,,1,,1,1,,1,,1,1,1,1,2,1,2,2,1,,1,1,3,,1,1,1,1,2,2,2,2,,,,,,,,,,1,2,,,,,,,,,,,,,,
2024,"Egypt, Arab Rep.",EGY,Middle East & North Africa (excluding high income),77385958,127649567,0.705945122,1,20,2,1,2,2,0,0,0,0,0,0,4,4,4,4,0,4,3,0,2,,,,,,,,,,2,2,1,2,2,2,1,2,2,,,,,,,,,,,,,,,,2,2,2,,,,2,2,2,,2,2,2,,2,2,2,,,2,2,2,1,2,,,,2,2,,4,2,2,,2,,2,,2,2,,,,,2,,,,,,,,,2,2,,,,,,,,2,,,,,,4,1,1,,,,,,,,,,,,,,1,,1,1,,1,,1,3,1,1,2,2,,2,1,,1,1,3,,1,1,1,1,2,2,2,2,,,,,,,,,,1,2,,,,,,,,,,,,,,
2024,"Egypt, Arab Rep.",EGY,Middle East & North Africa (excluding high income),77385958,127717492,1.205798601,2,19,2,1,1,2,0,0,0,0,1,0,2,4,4,4,0,4,3,0,2,,,,,,,,,,2,2,1,2,2,2,1,2,2,,,,,,,,,,,,,,,,2,,2,,,,2,2,2,,2,,1,,2,2,2,,,,2,2,2,2,,,,,,,,,,,2,,2,,2,2,,,,,1,2,2,2,1,,,,,2,2,,,,,,,,2,,,,,,1,1,1,,,,,,,,,,,,,,1,,2,1,,1,,1,1,1,1,2,2,,2,2,1,2,1,3,,1,1,1,2,1,2,2,2,,,,,,,,,,1,2,,,,,,,,,,,,,,
2024,"Egypt, Arab Rep.",EGY,Middle East & North Africa (excluding high income),77385958,127910034,0.992835663,1,17,2,3,2,2,0,0,0,0,0,0,4,4,4,4,0,4,3,0,2,,,,,,,,,,2,2,2,2,2,2,1,2,2,,,,,,,,,,,,,,,,2,,2,,,,2,2,2,,2,,2,,2,2,2,,,2,3,1,4,2,,,,,,,,,,,2,,2,,2,2,,,,,2,,,,,,,,,2,2,,,,,,,,2,,,,,,4,1,1,,,,,,,,,,,,,,1,,2,1,,1,,1,4,1,1,2,1,2,1,1,,1,1,3,,1,1,1,1,1,2,2,2,,,,,,,,,,1,2,,,,,,,,,,,,,,
2024,"Egypt, Arab Rep.",EGY,Middle East & North Africa (excluding high income),77385958,127925255,2.803104244,2,54,1,1,2,2,1,0,1,1,1,0,4,1,1,4,0,2,3,1,1,1,1,2,2,,2,1,2,1,,,,,,,,,,,,,,,,,,,,,,,,,2,,2,,,,2,2,2,,1,,2,,2,2,2,2,,,4,2,1,2,,,,2,2,,4,2,2,,2,,2,,2,1,2,2,,1,2,,,,,,,,,1,1,2,2,2,1,1,2,,2,,,,,,3,0,1,,,,,,,,,,,,,,2,2,1,2,,2,,,2,2,,2,2,,2,2,2,,,,,,,,,,,,,2,2,2,1,2,2,2,1,8,1,2,,,,,,,,,,,,,,
2024,"Egypt, Arab Rep.",EGY,Middle East & North Africa (excluding high income),77385958,127981020,0.300959026,2,36,2,2,1,2,0,0,0,0,1,0,2,4,4,4,0,4,3,0,2,,,,,,,,,,2,2,1,2,1,2,2,2,2,,,,,,,,,,,,,,,,2,,2,,,,2,2,2,,2,,1,,2,2,2,,,,7,,4,2,,,,,,,,,,,2,,2,,2,2,,,,,1,2,2,2,1,,,,,2,2,,,,,,,,2,,,,,,4,1,1,,,,,,,,,,,,,,1,,1,1,,1,,1,2,1,1,2,2,,2,1,,1,1,2,,1,1,1,1,2,2,2,2,,,,,,,,,,1,2,,,,,,,,,,,,,,
2024,"Egypt, Arab Rep.",EGY,Middle East & North Africa (excluding high income),77385958,128021032,1.806788896,1,27,1,4,2,2,1,0,1,0,1,0,4,1,4,4,0,4,2,1,1,2,2,2,2,,2,2,2,2,,,,,,,,,,,,,,,,,,,,,,,,,2,,2,,,,2,2,2,,2,,2,,2,2,1,,,2,2,2,3,2,,,,2,2,,4,2,2,,2,,1,2,2,2,,,,,2,,,,,,,,,1,2,1,2,,,1,2,,2,,,,,,3,1,1,,,,,,,,,,,,,,1,,2,1,,1,,1,3,2,,2,1,2,2,1,,1,1,2,,1,1,1,2,2,2,2,2,,,,,,,,,,1,2,,,,,,,,,,,,,,
2024,"Egypt, Arab Rep.",EGY,Middle East & North Africa (excluding high income),77385958,128031418,2.889474023,2,25,1,1,1,1,0,0,0,0,0,0,4,4,4,4,0,4,3,0,2,,,,,,,,,,2,2,1,2,2,2,1,2,2,,,,,,,,,,,,,,,,2,,2,,,,2,2,2,,2,,2,,2,2,2,,,2,2,2,2,2,,,,,,,,,,,2,,2,,2,2,,,,,2,,,,,,,,,2,2,,,,,,,,2,,,,,,4,0,1,,,,,,,,,,,,,,2,2,1,1,,2,,,2,2,,2,2,,2,2,2,,,,,,,,,,,,,1,2,2,1,2,2,2,1,4,1,2,,,,,,,,,,,,,,
2024,"Egypt, Arab Rep.",EGY,Middle East & North Africa (excluding high income),77385958,128103123,2.889474023,2,28,1,1,1,2,0,0,0,0,0,0,2,4,4,4,0,2,3,0,2,,,,,,,,,,2,2,2,2,1,2,1,2,2,,,,,,,,,,,,,,,,2,,2,,,,2,2,2,,2,,2,,2,2,2,,,2,2,1,4,1,1,1,,,,,,,,,2,,2,,2,1,2,2,,1,1,2,2,2,1,,,,,2,2,,,,,,,,2,,,,,,4,1,1,,,,,,,,,,,,,,1,,1,1,,1,,1,4,2,,2,2,,2,1,,1,1,2,,2,1,1,1,2,2,1,2,,,,,,,,,,1,2,,,,,,,,,,,,,,
2024,"Egypt, Arab Rep.",EGY,Middle East & North Africa (excluding high income),77385958,128243499,1.21914521,2,23,2,4,2,1,0,1,1,1,0,1,4,4,4,4,0,4,3,1,2,,,,,,,,,,2,2,1,2,2,2,2,1,2,,,,,,,,,,,,,,,,2,1,2,3,2,2,,2,2,,2,2,2,,2,2,2,,,2,2,2,2,2,,,,2,2,,1,1,2,,2,,2,,2,2,,,,,2,,,,,,,,,2,2,,,,,,,,2,,,,,,3,1,1,,,,,,,,,,,,,,1,,1,1,,1,,1,3,1,1,2,2,,2,1,,1,1,3,,1,1,1,1,1,2,2,2,,,,,,,,,,1,2,,,,,,,,,,,,,,
2024,"Egypt, Arab Rep.",EGY,Middle East & North Africa (excluding high income),77385958,128364804,0.905493391,2,50,1,2,1,2,1,0,1,0,1,0,2,4,4,4,0,2,2,0,1,2,2,3,3,2,1,2,2,2,,,,,,,,,,,,,,,,,,,,,,,,,2,,2,,,,2,2,2,,2,,1,,1,2,2,,,,2,1,1,2,,,,2,2,,4,2,2,,1,2,1,2,2,1,2,2,,1,1,2,2,2,1,,,,,2,2,,,,,,,,2,,,,,,4,0,1,,,,,,,,,,,,,,1,,1,1,,1,,2,2,2,,2,2,,2,2,2,,,,,2,2,2,2,2,2,2,2,,,,,,,,,,1,2,,,,,,,,,,,,,,
2024,"Egypt, Arab Rep.",EGY,Middle East & North Africa (excluding high income),77385958,128522664,0.641439777,2,62,2,4,2,2,1,0,1,1,0,0,4,4,1,4,0,1,3,1,1,1,1,2,2,,1,1,1,2,,,,,,,,,,,,,,,,,,,,,,,,,2,,2,,,,2,2,2,,2,,2,,2,2,2,,,2,1,3,2,2,,,,2,2,,1,2,2,,2,,2,,2,1,1,2,,,2,,,,,,,,,2,1,1,2,,,2,2,,2,,,,,,3,1,1,,,,,,,,,,,,,,1,,1,1,,1,,1,3,2,,2,2,,2,1,,1,1,3,,2,2,1,1,1,2,2,2,,,,,,,,,,1,2,,,,,,,,,,,,,,
2024,"Egypt, Arab Rep.",EGY,Middle East & North Africa (excluding high income),77385958,129000134,0.919778178,2,76,1,5,2,2,1,0,1,0,0,0,4,1,1,4,0,4,3,1,1,2,1,2,2,,1,2,2,2,,,,,,,,,,,,,,,,,,,,,,,,,2,,2,,,,2,2,2,,2,,2,,2,2,2,,,2,1,3,2,2,,,,2,2,,4,2,2,,2,,2,,2,2,,,,,2,,,,,,,,,1,1,1,2,,,2,2,,2,,,,,,1,0,1,,,,,,,,,,,,,,2,2,1,1,,2,,,2,2,,2,2,,2,2,2,,,,,,,,,,,,,2,2,2,2,2,2,2,1,8,1,2,,,,,,,,,,,,,,
2024,"Egypt, Arab Rep.",EGY,Middle East & North Africa (excluding high income),77385958,129149096,0.587328427,1,30,2,5,2,2,0,1,1,1,1,1,4,4,4,4,0,2,2,1,2,,,,,,,,,,2,1,1,2,2,2,1,1,2,,,,,,,,,,,,,,,,2,1,2,3,2,2,,2,2,,2,2,1,,2,2,1,,,,2,1,2,2,,,,2,2,,4,2,2,,2,,1,2,2,1,2,2,,1,2,,,,,,,,,2,2,,,,,,,,2,,,,,,4,1,1,,,,,,,,,,,,,,1,,1,1,,1,,1,2,1,1,1,2,,1,1,,1,1,3,,1,1,1,1,1,2,1,1,,,,,,,,,,1,2,,,,,,,,,,,,,,
2024,"Egypt, Arab Rep.",EGY,Middle East & North Africa (excluding high income),77385958,129168758,1.158284919,1,45,1,1,1,1,1,0,1,0,1,0,4,4,4,4,0,2,3,0,1,2,1,2,2,,2,2,2,2,,,,,,,,,,,,,,,,,,,,,,,,,2,,2,,,,2,2,2,,2,,2,,2,2,1,,,2,7,,1,2,,,,2,2,,1,2,2,,2,,2,,2,1,2,2,,1,2,,,,,,,,,2,2,,,,,,,,2,,,,,,3,0,1,,,,,,,,,,,,,,2,2,1,1,,2,,,2,2,,2,2,,2,2,2,,,,,,,,,,,,,1,2,2,1,2,2,2,2,1,1,2,,,,,,,,,,,,,,
2024,"Egypt, Arab Rep.",EGY,Middle East & North Africa (excluding high income),77385958,129217802,0.582091587,2,69,3,5,2,1,1,0,1,1,1,0,4,4,1,4,0,2,2,1,1,1,2,2,2,,2,1,2,2,,,,,,,,,,,,,,,,,,,,,,,,,2,,2,,,,2,2,2,,2,,1,,1,2,2,,,,2,2,2,2,,,,2,2,,4,2,2,,2,,1,2,2,1,2,2,,1,2,,,,,,,,,2,1,1,2,,,1,2,,2,,,,,,3,0,1,,,,,,,,,,,,,,2,2,1,1,,1,,2,1,2,,2,1,2,2,2,2,,,,,,,,,,,,,2,2,2,2,2,2,2,1,8,1,2,,,,,,,,,,,,,,
2024,"Egypt, Arab Rep.",EGY,Middle East & North Africa (excluding high income),77385958,129581932,1.076570954,1,38,1,3,2,1,1,0,1,1,0,0,4,1,4,4,0,4,3,1,1,1,1,2,2,,2,1,2,2,,,,,,,,,,,,,,,,,,,,,,,,,2,,2,,,,2,2,2,,2,,2,,2,2,2,,,2,2,2,2,2,,,,2,2,,4,2,2,,2,,2,,2,2,,,,,2,,,,,,,,,1,2,1,2,,,1,2,,2,,,,,,4,0,1,,,,,,,,,,,,,,2,2,1,1,,1,,1,1,2,,2,2,,2,2,2,,,,,,,,,,,,,2,2,2,2,2,2,2,1,8,1,2,,,,,,,,,,,,,,
2024,"Egypt, Arab Rep.",EGY,Middle East & North Africa (excluding high income),77385958,129603639,1.069072811,1,27,1,1,2,1,0,0,0,0,1,0,4,4,4,4,0,2,2,0,2,,,,,,,,,,2,2,2,2,2,2,2,2,1,,,,,,,,,,,,,,,,2,,2,,,,2,2,2,,2,,2,,2,2,1,,,2,7,,1,2,,,,,,,,,,,2,,1,2,2,1,2,2,,1,2,,,,,,,,,2,2,,,,,,,,2,,,,,,4,1,1,,,,,,,,,,,,,,1,,2,1,,1,,1,4,2,,2,2,,2,1,,1,2,,2,1,1,1,2,2,2,2,2,,,,,,,,,,1,2,,,,,,,,,,,,,,
2024,"Egypt, Arab Rep.",EGY,Middle East & North Africa (excluding high income),77385958,129611041,0.301853702,2,40,2,4,1,2,0,0,0,0,1,0,2,4,4,4,0,2,2,0,2,,,,,,,,,,2,2,1,2,2,2,1,2,2,,,,,,,,,,,,,,,,2,,2,,,,2,2,2,,2,,1,,2,2,2,,,,2,2,1,2,,,,,,,,,,,2,,1,2,2,1,2,2,,1,1,2,2,2,1,,,,,2,2,,,,,,,,2,,,,,,4,1,1,,,,,,,,,,,,,,1,,1,1,,1,,1,2,1,1,2,2,,2,1,,1,1,1,,1,1,1,1,2,2,2,2,,,,,,,,,,1,2,,,,,,,,,,,,,,
2024,"Egypt, Arab Rep.",EGY,Middle East & North Africa (excluding high income),77385958,129621035,0.330236221,2,71,2,5,2,2,1,0,1,0,0,0,4,1,4,4,0,2,3,1,1,2,1,2,2,,1,2,2,2,,,,,,,,,,,,,,,,,,,,,,,,,2,,2,,,,2,2,2,,2,,2,,2,2,2,,,2,1,2,1,2,,,,2,2,,1,2,2,,2,,2,,2,1,2,2,,1,2,,,,,,,,,1,2,1,2,,,1,2,,2,,,,,,4,1,1,,,,,,,,,,,,,,1,,1,1,,1,,1,1,1,1,2,2,,2,1,,1,2,,1,1,1,1,2,2,2,2,2,,,,,,,,,,1,2,,,,,,,,,,,,,,
2024,"Egypt, Arab Rep.",EGY,Middle East & North Africa (excluding high income),77385958,129703750,1.007538349,1,15,2,4,2,1,0,0,0,0,0,0,4,4,4,4,0,4,3,0,2,,,,,,,,,,2,2,2,2,2,1,1,2,2,,,,,,,,,,,,,,,,2,,2,,,,2,2,2,,2,,2,,2,2,2,,,2,2,3,2,2,,,,,,,,,,,2,,2,,2,2,,,,,2,,,,,,,,,2,2,,,,,,,,2,,,,,,5,0,2,1,2,2,2,1,2,1,5,1,2,2,1,,,,,,,,,,,,,,,,,2,2,,,,,,,,,,,,,,,,,,,,,,,,,,,,,,,,,,,,,
2024,"Egypt, Arab Rep.",EGY,Middle East & North Africa (excluding high income),77385958,129708614,1.208120945,1,54,1,3,1,2,0,0,0,0,1,0,4,4,4,4,0,2,2,0,2,,,,,,,,,,2,2,2,2,2,2,1,2,2,,,,,,,,,,,,,,,,2,,2,,,,2,2,2,,2,,1,,1,2,1,,,,2,2,2,2,,,,,,,,,,,2,,1,2,2,1,2,2,,1,2,,,,,,,,,2,2,,,,,,,,2,,,,,,3,1,1,,,,,,,,,,,,,,1,,1,1,,2,,,3,2,,2,2,,2,1,,2,2,,1,2,2,1,2,2,2,2,2,,,,,,,,,,1,2,,,,,,,,,,,,,,
2024,"Egypt, Arab Rep.",EGY,Middle East & North Africa (excluding high income),77385958,129780472,0.495354332,2,56,2,5,1,2,0,1,1,1,1,1,2,4,4,4,0,2,1,1,2,,,,,,,,,,2,2,2,2,1,2,1,2,1,,,,,,,,,,,,,,,,2,1,2,3,2,2,,2,2,,2,2,1,,1,2,1,,,,4,1,3,2,,,,2,2,,1,2,2,,1,1,1,1,2,1,2,2,,1,1,2,2,2,1,,,,,2,2,,,,,,,,2,,,,,,4,0,2,1,1,2,2,2,2,1,1,1,2,2,2,,,,,,,,,,,,,,,,,2,2,,,,,,,,,,,,,,,,,,,,,,1,2,,,,,,,,,,,,,,
2024,"Egypt, Arab Rep.",EGY,Middle East & North Africa (excluding high income),77385958,129807914,0.896457556,1,50,1,4,2,1,1,0,1,1,0,1,4,1,1,4,0,2,3,1,1,1,1,2,2,,1,1,2,2,,,,,,,,,,,,,,,,,,,,,,,,,1,,1,2,2,2,,2,2,,2,,2,2,2,2,2,,,2,2,2,3,2,,,,2,2,,4,2,2,,2,,2,,2,1,2,2,,1,2,,,,,,,,,1,1,1,2,,,1,2,,2,,,,,,6,0,1,,,,,,,,,,,,,,2,2,1,1,,2,,,2,2,,2,2,,2,2,2,,,,,,,,,,,,,2,2,2,1,2,2,2,1,8,1,2,,,,,,,,,,,,,,
2024,"Egypt, Arab Rep.",EGY,Middle East & North Africa (excluding high income),77385958,129816941,0.563790795,1,16,2,3,2,2,0,0,0,0,0,0,4,4,4,4,0,4,3,0,2,,,,,,,,,,2,2,2,2,2,2,1,2,2,,,,,,,,,,,,,,,,2,,2,,,,2,2,2,,2,,2,,2,2,2,,,2,2,1,4,2,,,,,,,,,,,2,,2,,2,2,,,,,2,,,,,,,,,2,2,,,,,,,,2,,,,,,5,1,1,,,,,,,,,,,,,,1,,2,1,,1,,1,1,1,1,1,2,,2,1,,1,2,,1,1,1,2,2,1,2,2,2,,,,,,,,,,1,2,,,,,,,,,,,,,,
2024,"Egypt, Arab Rep.",EGY,Middle East & North Africa (excluding high income),77385958,129855003,0.517848042,2,23,2,3,1,1,0,1,1,1,1,1,2,4,4,2,0,2,1,1,2,,,,,,,,,,2,1,1,2,2,2,1,2,2,,,,,,,,,,,,,,,,2,1,1,3,2,2,,2,2,,1,2,2,2,2,2,2,,,,2,2,2,2,,,,2,2,,1,2,2,,1,1,1,1,2,1,2,2,,1,1,2,2,2,1,,,,,2,2,,,,,,,,1,2,2,1,,2,4,1,1,,,,,,,,,,,,,,1,,1,1,,1,,1,1,1,1,2,1,2,1,1,,1,1,3,,1,1,1,1,1,2,1,2,,,,,,,,,,1,2,,,,,,,,,,,,,,
2024,"Egypt, Arab Rep.",EGY,Middle East & North Africa (excluding high income),77385958,129970264,0.909600246,2,21,2,3,1,1,0,1,1,1,1,1,4,4,4,4,0,2,3,1,2,,,,,,,,,,2,2,1,2,2,2,1,2,2,,,,,,,,,,,,,,,,2,1,2,3,2,2,,2,2,,2,2,2,,2,2,1,,,2,2,1,4,1,2,2,2,2,2,,1,2,2,,2,,2,,2,1,2,2,,1,2,,,,,,,,,2,2,,,,,,,,2,,,,,,3,1,1,,,,,,,,,,,,,,1,,2,1,,1,,1,1,1,1,2,1,2,1,1,,1,1,2,,1,1,1,1,1,2,2,1,,,,,,,,,,1,2,,,,,,,,,,,,,,
2024,"Egypt, Arab Rep.",EGY,Middle East & North Africa (excluding high income),77385958,130324019,2.889474023,2,17,1,2,1,2,0,1,1,1,1,0,4,4,4,4,0,4,1,1,2,,,,,,,,,,2,2,2,2,2,2,1,2,2,,,,,,,,,,,,,,,,2,2,2,,,,2,2,2,,2,2,1,,2,2,2,,,,7,,1,2,,,,2,2,,4,2,2,,1,1,1,1,2,2,,,,,2,,,,,,,,,2,2,,,,,,,,2,,,,,,3,1,1,,,,,,,,,,,,,,1,,1,1,,2,,,1,1,1,2,2,,2,1,,1,1,2,,1,1,1,2,2,2,2,2,,,,,,,,,,1,2,,,,,,,,,,,,,,
2024,"Egypt, Arab Rep.",EGY,Middle East & North Africa (excluding high income),77385958,130338379,0.698431846,1,36,3,3,2,1,1,1,1,1,1,1,4,4,4,4,1,2,1,1,1,1,2,3,3,1,1,1,1,1,,,,,,,,,,,,,,,,,,,,,,,,,1,1,2,3,1,2,,2,2,,2,2,2,,2,2,2,1,1,,1,3,1,2,,,,2,1,2,,2,2,,2,,1,1,2,1,2,2,,1,2,,,,,,,,,2,2,,,,,,,,2,,,,,,1,1,1,,,,,,,,,,,,,,1,,1,1,,1,,1,1,1,1,1,2,,2,2,1,1,1,3,,1,1,1,1,1,2,1,1,,,,,,,,,,1,2,,,,,,,,,,,,,,
2024,"Egypt, Arab Rep.",EGY,Middle East & North Africa (excluding high income),77385958,130372843,1.17011955,1,40,1,3,2,1,0,0,0,0,1,0,4,4,4,4,0,2,3,0,2,,,,,,,,,,2,2,2,2,2,2,1,2,2,,,,,,,,,,,,,,,,2,,2,,,,2,2,2,,2,,2,,1,2,1,,,2,2,2,4,1,1,1,,,,,,,,,2,,2,,2,1,2,2,,1,2,,,,,,,,,2,2,,,,,,,,2,,,,,,4,0,1,,,,,,,,,,,,,,2,2,1,1,,2,,,2,2,,2,2,,2,2,2,,,,,,,,,,,,,1,2,2,1,2,2,2,1,1,1,2,,,,,,,,,,,,,,
2024,"Egypt, Arab Rep.",EGY,Middle East & North Africa (excluding high income),77385958,130411391,0.462515188,2,47,2,4,1,2,1,1,1,1,1,0,3,4,3,4,0,2,3,1,1,1,1,2,2,,2,1,1,2,,,,,,,,,,,,,,,,,,,,,,,,,2,2,2,,,,2,2,2,,2,2,2,,2,2,1,,,2,2,2,2,2,,,,2,2,,1,2,2,,2,,2,,2,1,2,2,,1,1,2,2,2,2,2,,,,2,1,2,2,2,2,,,,2,,,,,,3,0,1,,,,,,,,,,,,,,2,2,1,1,,2,,,1,2,,2,2,,2,2,2,,,,,,,,,,,,,2,2,2,2,2,2,1,1,8,1,2,,,,,,,,,,,,,,
2024,"Egypt, Arab Rep.",EGY,Middle East & North Africa (excluding high income),77385958,130474916,0.928447836,1,18,2,1,2,2,0,0,0,0,0,0,4,4,4,4,0,4,2,0,2,,,,,,,,,,2,2,2,2,2,2,1,1,2,,,,,,,,,,,,,,,,2,,2,,,,2,2,2,,2,,2,,2,2,2,,,2,4,2,1,2,,,,,,,,,,,2,,1,2,2,2,,,,,2,,,,,,,,,2,2,,,,,,,,2,,,,,,4,1,1,,,,,,,,,,,,,,1,,2,1,,1,,1,1,1,1,2,2,,2,1,,2,1,2,,2,1,1,1,2,2,2,2,,,,,,,,,,1,2,,,,,,,,,,,,,,
2024,"Egypt, Arab Rep.",EGY,Middle East & North Africa (excluding high income),77385958,130710397,1.026848664,1,36,1,3,1,2,1,0,1,0,1,0,4,1,4,4,0,4,2,1,1,2,1,2,2,,2,2,2,2,,,,,,,,,,,,,,,,,,,,,,,,,2,,2,,,,2,2,2,,2,,1,,2,2,2,,,,2,1,2,2,,,,2,2,,4,2,2,,1,2,1,2,2,2,,,,,2,,,,,,,,,1,2,1,2,,,1,1,,2,,,,,,4,0,1,,,,,,,,,,,,,,2,2,1,1,,1,,2,1,2,,2,2,,2,2,2,,,,,,,,,,,,,1,2,2,2,2,2,2,1,1,1,2,,,,,,,,,,,,,,
2024,"Egypt, Arab Rep.",EGY,Middle East & North Africa (excluding high income),77385958,130735695,0.278660115,2,60,2,2,2,2,0,0,0,0,1,0,2,4,4,4,0,2,2,0,2,,,,,,,,,,2,2,1,2,3,2,1,2,2,,,,,,,,,,,,,,,,2,,2,,,,2,2,2,,2,,1,,1,2,2,,,,2,2,2,2,,,,,,,,,,,2,,1,2,2,1,2,2,,1,1,2,2,2,1,,,,,2,2,,,,,,,,2,,,,,,3,0,1,,,,,,,,,,,,,,2,2,1,1,,1,,2,1,2,,2,2,,2,2,2,,,,,,,,,,,,,1,2,2,2,2,2,2,1,8,1,2,,,,,,,,,,,,,,
2024,"Egypt, Arab Rep.",EGY,Middle East & North Africa (excluding high income),77385958,130865620,0.415002285,2,41,3,5,1,2,1,0,1,1,0,0,1,4,4,4,0,4,3,1,1,1,1,2,2,,2,1,2,2,,,,,,,,,,,,,,,,,,,,,,,,,2,,2,,,,2,2,2,,2,,2,,2,2,2,,,2,2,2,2,2,,,,2,2,,4,2,2,,2,,2,,2,2,,,,,1,1,1,2,,,1,1,,2,2,,,,,,,,2,,,,,,4,1,1,,,,,,,,,,,,,,1,,1,1,,1,,1,1,1,1,2,2,,2,1,,1,1,3,,1,1,1,1,2,2,1,2,,,,,,,,,,1,2,,,,,,,,,,,,,,
2024,"Egypt, Arab Rep.",EGY,Middle East & North Africa (excluding high income),77385958,131174139,2.053697327,1,44,1,1,2,2,1,0,1,0,0,0,4,1,4,4,0,4,3,1,1,2,1,4,4,1,2,1,2,2,,,,,,,,,,,,,,,,,,,,,,,,,2,,2,,,,2,2,2,,2,,2,,2,2,2,,,2,7,,5,2,,,,2,2,,1,2,2,,2,,2,,2,2,,,,,2,,,,,,,,,1,2,1,2,,,1,2,,2,,,,,,5,1,1,,,,,,,,,,,,,,2,1,1,1,,1,,1,3,1,2,2,2,,2,1,,1,1,2,,2,2,2,2,2,2,2,2,2,1,2,1,2,2,2,2,4,1,2,,,,,,,,,,,,,,
2024,"Egypt, Arab Rep.",EGY,Middle East & North Africa (excluding high income),77385958,131318045,0.321321753,1,37,2,4,2,1,0,0,0,0,1,1,4,4,4,4,0,4,3,0,2,,,,,,,,,,2,2,1,2,2,2,1,2,2,,,,,,,,,,,,,,,,2,,1,,,,,2,2,,2,,1,2,2,2,1,,,,5,2,3,2,,,,,,,,,,,2,,2,,2,2,,,,,2,,,,,,,,,2,2,,,,,,,,2,,,,,,4,1,1,,,,,,,,,,,,,,1,,2,1,,1,,1,1,1,1,2,2,,2,2,1,3,1,3,,1,1,1,1,2,2,2,2,,,,,,,,,,1,2,,,,,,,,,,,,,,
2024,"Egypt, Arab Rep.",EGY,Middle East & North Africa (excluding high income),77385958,131489641,0.524902704,2,73,1,5,2,1,1,0,1,1,0,0,4,4,1,4,0,2,3,1,1,1,1,2,2,,2,1,2,2,,,,,,,,,,,,,,,,,,,,,,,,,2,,2,,,,2,2,2,,2,,2,,2,2,2,,,2,2,1,5,2,,,,2,2,,1,2,2,,2,,2,,2,1,2,2,,1,2,,,,,,,,,2,1,1,2,,,1,2,,2,,,,,,3,0,1,,,,,,,,,,,,,,2,2,1,2,,2,,,2,2,,2,2,,2,2,2,,,,,,,,,,,,,2,2,2,1,2,2,2,1,8,1,2,,,,,,,,,,,,,,
2024,"Egypt, Arab Rep.",EGY,Middle East & North Africa (excluding high income),77385958,131552832,1.257946954,1,83,1,2,2,2,1,0,1,0,0,0,4,4,1,4,0,2,3,1,1,2,1,2,2,,2,1,2,2,,,,,,,,,,,,,,,,,,,,,,,,,2,,2,,,,2,2,2,,2,,2,,2,2,2,,,2,2,1,3,2,,,,2,2,,4,2,2,,2,,2,,2,1,2,2,,1,2,,,,,,,,,2,1,1,2,,,1,2,,2,,,,,,3,0,1,,,,,,,,,,,,,,2,2,1,4,1,2,,,2,2,,2,2,,2,2,2,,,,,,,,,,,,,1,2,2,1,2,2,2,1,8,1,2,,,,,,,,,,,,,,
2024,"Egypt, Arab Rep.",EGY,Middle East & North Africa (excluding high income),77385958,131639908,0.710462277,2,30,2,5,1,1,0,0,0,0,0,0,4,4,4,4,0,2,3,0,2,,,,,,,,,,2,2,1,2,2,2,1,2,2,,,,,,,,,,,,,,,,2,,2,,,,2,2,2,,2,,2,,2,2,2,,,2,2,2,2,2,,,,,,,,,,,2,,2,,2,1,2,2,,1,2,,,,,,,,,2,2,,,,,,,,2,,,,,,4,1,1,,,,,,,,,,,,,,1,,1,1,,1,,1,1,1,1,2,1,2,2,1,,1,1,3,,1,1,1,1,2,2,1,2,,,,,,,,,,1,2,,,,,,,,,,,,,,
2024,"Egypt, Arab Rep.",EGY,Middle East & North Africa (excluding high income),77385958,131783571,0.928447836,1,20,2,3,2,2,1,0,1,1,0,0,4,4,4,4,0,4,1,1,1,1,2,3,2,,2,1,2,2,,,,,,,,,,,,,,,,,,,,,,,,,2,,2,,,,2,2,2,,2,,2,,2,2,2,,,2,2,3,1,2,,,,2,2,,4,2,2,,2,,1,1,2,2,,,,,2,,,,,,,,,2,2,,,,,,,,2,,,,,,5,1,1,,,,,,,,,,,,,,1,,2,1,,1,,1,1,1,1,2,2,,2,1,,1,1,3,,1,1,1,1,1,2,2,2,,,,,,,,,,1,2,,,,,,,,,,,,,,
2024,"Egypt, Arab Rep.",EGY,Middle East & North Africa (excluding high income),77385958,131796786,2.889474023,2,27,1,2,1,2,0,0,0,0,1,0,2,4,4,4,0,4,1,0,2,,,,,,,,,,2,2,2,2,2,2,1,2,2,,,,,,,,,,,,,,,,2,,2,,,,2,2,2,,2,,1,,1,2,1,,,,2,1,1,2,,,,,,,,,,,2,,1,1,2,2,,,,,1,2,2,2,1,,,,,2,2,,,,,,,,2,,,,,,4,0,2,1,1,2,1,2,2,1,4,1,2,2,2,,,,,,,,,,,,,,,,,2,2,,,,,,,,,,,,,,,,,,,,,,1,2,,,,,,,,,,,,,,
2024,"Egypt, Arab Rep.",EGY,Middle East & North Africa (excluding high income),77385958,131856054,1.578661871,1,49,1,3,1,1,0,0,0,0,1,1,2,4,4,4,0,2,3,0,2,,,,,,,,,,2,2,2,2,2,2,1,2,2,,,,,,,,,,,,,,,,2,,2,,,,1,2,2,,2,,1,,1,2,2,,,,2,1,2,2,,,,,,,,,,,2,,2,,2,1,2,2,,1,1,2,2,2,1,,,,,2,2,,,,,,,,2,,,,,,4,0,1,,,,,,,,,,,,,,2,2,2,1,,2,,,4,2,,2,2,,2,2,2,,,,,,,,,,,,,1,2,2,1,2,2,2,2,1,1,2,,,,,,,,,,,,,,
2024,"Egypt, Arab Rep.",EGY,Middle East & North Africa (excluding high income),77385958,131886788,0.801019965,1,50,1,2,2,2,0,0,0,0,1,0,4,4,4,4,0,2,3,0,2,,,,,,,,,,2,2,2,2,2,2,1,2,2,,,,,,,,,,,,,,,,2,,2,,,,2,2,2,,1,,2,,2,2,1,,,,4,2,2,2,,,,,,,,,,,2,,2,,2,1,2,2,,1,2,,,,,,,,,2,2,,,,,,,,2,,,,,,4,0,1,,,,,,,,,,,,,,2,2,1,1,,2,,,2,2,,2,2,,2,2,2,,,,,,,,,,,,,1,2,2,1,2,2,2,1,4,1,2,,,,,,,,,,,,,,
2024,"Egypt, Arab Rep.",EGY,Middle East & North Africa (excluding high income),77385958,131965465,0.7800797,1,36,1,1,2,1,1,0,1,0,1,0,4,4,4,4,0,4,1,1,1,2,1,2,2,,2,2,2,2,,,,,,,,,,,,,,,,,,,,,,,,,2,,2,,,,2,2,2,,2,,1,,1,2,1,,,,2,1,2,2,,,,2,2,,1,2,2,,2,,1,1,2,2,,,,,2,,,,,,,,,2,2,,,,,,,,2,,,,,,3,0,1,,,,,,,,,,,,,,2,2,2,1,,2,,,2,2,,2,2,,2,2,2,,,,,,,,,,,,,1,2,2,1,2,2,2,2,1,1,2,,,,,,,,,,,,,,
2024,"Egypt, Arab Rep.",EGY,Middle East & North Africa (excluding high income),77385958,132036528,0.477322045,1,58,1,5,2,2,1,0,1,1,1,0,4,4,4,4,0,2,3,0,1,1,1,4,2,,2,2,2,1,,,,,,,,,,,,,,,,,,,,,,,,,2,,2,,,,2,2,2,,2,,2,,2,2,1,2,,2,2,2,2,2,,,,2,2,,1,2,2,,2,,2,,2,1,2,2,,1,2,,,,,,,,,2,2,,,,,,,,2,,,,,,3,0,1,,,,,,,,,,,,,,2,2,2,1,,2,,,3,2,,2,2,,2,2,2,,,,,,,,,,,,,2,2,2,1,2,2,2,1,4,1,2,,,,,,,,,,,,,,
2024,"Egypt, Arab Rep.",EGY,Middle East & North Africa (excluding high income),77385958,132070161,0.347414217,2,37,2,4,1,1,0,1,1,1,1,1,4,4,4,4,0,2,3,1,2,,,,,,,,,,2,2,2,2,2,2,1,2,2,,,,,,,,,,,,,,,,2,1,2,3,2,2,,2,2,,2,2,1,,2,1,2,,,,2,2,2,2,,,,2,2,,1,2,2,,2,,2,,2,1,2,2,,1,2,,,,,,,,,2,2,,,,,,,,2,,,,,,5,1,1,,,,,,,,,,,,,,1,,1,1,,1,,1,3,1,1,2,2,,1,1,,1,1,2,,1,1,1,1,1,2,2,2,,,,,,,,,,1,2,,,,,,,,,,,,,,
2024,"Egypt, Arab Rep.",EGY,Middle East & North Africa (excluding high income),77385958,132102438,0.599244395,2,56,2,2,1,2,1,0,1,1,0,0,4,4,4,4,0,2,3,0,1,1,2,2,2,,2,2,2,2,,,,,,,,,,,,,,,,,,,,,,,,,2,,2,,,,2,2,2,,2,,2,,2,2,2,,,2,7,,2,2,,,,2,2,,4,2,2,,2,,2,,2,1,2,2,,1,2,,,,,,,,,2,2,,,,,,,,2,,,,,,4,0,1,,,,,,,,,,,,,,2,2,1,1,,1,,1,4,2,,2,2,,2,2,2,,,,,,,,,,,,,1,2,2,2,2,2,2,1,1,1,2,,,,,,,,,,,,,,
2024,"Egypt, Arab Rep.",EGY,Middle East & North Africa (excluding high income),77385958,132311211,0.433032815,1,44,2,5,2,2,0,1,1,1,0,1,4,4,4,4,0,2,3,1,2,,,,,,,,,,2,2,1,2,2,2,1,2,1,,,,,,,,,,,,,,,,2,1,2,3,2,2,,2,2,,2,2,2,,2,2,2,,,2,2,2,2,2,,,,2,2,,4,2,2,,2,,2,,2,1,2,2,,1,2,,,,,,,,,2,2,,,,,,,,2,,,,,,4,1,1,,,,,,,,,,,,,,1,,2,1,,1,,1,1,1,1,2,2,,2,1,,1,1,3,,1,2,1,1,1,2,2,2,,,,,,,,,,1,2,,,,,,,,,,,,,,
2024,"Egypt, Arab Rep.",EGY,Middle East & North Africa (excluding high income),77385958,132442500,0.257212146,2,53,2,5,1,2,1,0,1,0,0,0,4,4,4,4,0,2,3,0,1,2,1,4,2,,2,1,2,2,,,,,,,,,,,,,,,,,,,,,,,,,2,,2,,,,2,2,2,,2,,2,,2,2,2,,,2,7,,4,2,,,,2,2,,4,2,2,,2,,2,,2,1,2,2,,1,2,,,,,,,,,2,2,,,,,,,,2,,,,,,3,0,1,,,,,,,,,,,,,,2,2,1,1,,1,,2,2,2,,2,2,,2,2,2,,,,,,,,,,,,,1,2,2,2,2,2,2,1,1,1,2,,,,,,,,,,,,,,
2024,"Egypt, Arab Rep.",EGY,Middle East & North Africa (excluding high income),77385958,132671206,1.001533651,1,19,2,2,2,2,0,0,0,0,1,0,4,4,4,4,0,4,3,0,2,,,,,,,,,,2,2,2,2,2,1,2,1,2,,,,,,,,,,,,,,,,2,,2,,,,2,2,2,,2,,2,,2,2,1,,,2,2,1,5,2,,,,,,,,,,,2,,2,,2,2,,,,,2,,,,,,,,,2,2,,,,,,,,2,,,,,,6,0,1,,,,,,,,,,,,,,2,2,2,1,,1,,2,1,2,,2,2,,2,2,2,,,,,,,,,,,,,1,2,2,2,2,2,2,2,1,1,2,,,,,,,,,,,,,,
2024,"Egypt, Arab Rep.",EGY,Middle East & North Africa (excluding high income),77385958,132698901,0.585163819,1,34,2,2,2,1,0,0,0,0,1,1,4,4,4,4,0,2,3,0,2,,,,,,,,,,2,1,1,2,2,2,1,2,2,,,,,,,,,,,,,,,,2,,1,,,,,2,2,,2,,1,2,1,2,1,,,,5,2,4,2,,,,,,,,,,,2,,2,,2,1,2,2,,1,2,,,,,,,,,2,2,,,,,,,,2,,,,,,3,1,1,,,,,,,,,,,,,,1,,1,1,,1,,1,1,1,1,2,1,2,2,1,,2,1,3,,1,1,1,1,1,2,1,1,,,,,,,,,,1,2,,,,,,,,,,,,,,
2024,"Egypt, Arab Rep.",EGY,Middle East & North Africa (excluding high income),77385958,132805716,0.41516984,1,36,2,1,2,2,1,0,1,0,0,0,4,1,4,4,0,4,3,1,1,2,1,2,2,,2,1,2,2,,,,,,,,,,,,,,,,,,,,,,,,,2,,2,,,,2,2,2,,2,,2,,2,2,2,,,2,7,,1,2,,,,2,2,,1,2,2,,2,,2,,2,2,,,,,2,,,,,,,,,1,2,1,2,,,1,2,,2,,,,,,4,0,1,,,,,,,,,,,,,,2,2,1,1,,1,,2,2,2,,2,2,,2,2,2,,,,,,,,,,,,,1,2,2,2,2,2,2,2,1,1,2,,,,,,,,,,,,,,
2024,"Egypt, Arab Rep.",EGY,Middle East & North Africa (excluding high income),77385958,132834419,1.035696083,2,22,2,4,1,1,1,0,1,0,0,1,2,4,4,4,0,2,2,1,1,2,2,3,4,1,1,1,1,2,,,,,,,,,,,,,,,,,,,,,,,,,1,2,1,2,1,2,,1,2,,2,2,2,2,2,2,2,,,2,2,2,3,2,,,,2,2,,4,1,1,2,2,,1,2,2,1,2,2,,1,1,2,2,2,1,,,,,2,2,,,,,,,,2,,,,,,1,1,1,,,,,,,,,,,,,,1,,2,1,,1,,1,1,1,1,2,1,2,2,1,,1,1,3,,1,1,1,1,1,2,1,2,,,,,,,,,,1,2,,,,,,,,,,,,,,
2024,"Egypt, Arab Rep.",EGY,Middle East & North Africa (excluding high income),77385958,132969567,0.41516984,1,35,2,2,2,2,0,0,0,0,0,0,4,4,4,4,0,4,3,0,2,,,,,,,,,,2,2,2,2,2,2,1,1,2,,,,,,,,,,,,,,,,2,,2,,,,2,2,2,,2,,2,,2,2,2,,,2,2,2,2,2,,,,,,,,,,,2,,2,,2,2,,,,,2,,,,,,,,,2,2,,,,,,,,2,,,,,,4,1,1,,,,,,,,,,,,,,1,,1,1,,1,,1,4,1,1,1,2,,2,1,,1,1,3,,1,1,1,2,2,2,2,2,,,,,,,,,,1,2,,,,,,,,,,,,,,
2024,"Egypt, Arab Rep.",EGY,Middle East & North Africa (excluding high income),77385958,133031632,0.384874506,2,50,2,2,1,2,0,0,0,0,0,0,4,4,4,4,0,2,3,0,2,,,,,,,,,,2,2,1,2,2,2,1,2,2,,,,,,,,,,,,,,,,2,,2,,,,2,2,2,,2,,2,,2,2,2,,,2,2,2,1,2,,,,,,,,,,,2,,2,,2,1,2,2,,1,2,,,,,,,,,2,2,,,,,,,,2,,,,,,3,0,1,,,,,,,,,,,,,,2,2,1,1,,1,,2,4,2,,2,2,,2,2,2,,,,,,,,,,,,,2,2,2,2,2,2,2,1,8,1,2,,,,,,,,,,,,,,
2024,"Egypt, Arab Rep.",EGY,Middle East & North Africa (excluding high income),77385958,133093019,1.362683069,1,24,2,1,1,1,0,0,0,0,1,0,2,4,4,4,0,4,3,0,2,,,,,,,,,,2,2,1,2,1,2,1,2,2,,,,,,,,,,,,,,,,2,,2,,,,2,2,2,,2,,2,,2,2,1,,,2,7,,4,2,,,,,,,,,,,2,,2,,2,2,,,,,1,2,2,2,1,,,,,2,2,,,,,,,,2,,,,,,5,1,1,,,,,,,,,,,,,,1,,1,1,,1,,1,2,2,,2,2,,2,1,,1,1,3,,1,1,1,2,2,2,2,1,,,,,,,,,,1,2,,,,,,,,,,,,,,
2024,"Egypt, Arab Rep.",EGY,Middle East & North Africa (excluding high income),77385958,133234088,0.905493391,2,46,1,1,2,2,1,0,1,1,1,0,2,1,4,4,0,2,2,1,1,1,1,2,2,,2,1,2,2,,,,,,,,,,,,,,,,,,,,,,,,,2,,2,,,,2,2,2,,2,,1,,1,2,1,,,,7,,1,2,,,,2,2,,4,2,2,,2,,1,2,2,1,2,2,,1,1,2,2,2,1,,,,,1,2,1,2,,,1,2,,2,,,,,,3,0,1,,,,,,,,,,,,,,2,2,1,1,,2,,,2,2,,2,2,,2,2,2,,,,,,,,,,,,,2,2,2,1,2,2,2,1,4,1,2,,,,,,,,,,,,,,
2024,"Egypt, Arab Rep.",EGY,Middle East & North Africa (excluding high income),77385958,133248759,2.828180441,1,42,1,2,2,1,0,0,0,0,1,0,4,4,4,4,0,4,2,0,2,,,,,,,,,,2,2,2,2,1,2,1,2,2,,,,,,,,,,,,,,,,2,,2,,,,2,2,2,,2,,1,,1,2,1,,,,7,,4,2,,,,,,,,,,,2,,1,2,2,2,,,,,2,,,,,,,,,2,2,,,,,,,,2,,,,,,4,0,1,,,,,,,,,,,,,,2,2,2,1,,1,,2,1,2,,2,2,,2,2,2,,,,,,,,,,,,,2,2,2,1,2,2,1,1,8,1,2,,,,,,,,,,,,,,
2024,"Egypt, Arab Rep.",EGY,Middle East & North Africa (excluding high income),77385958,133294960,2.569852755,2,34,1,5,1,2,0,1,1,1,0,1,2,4,4,4,0,2,3,1,2,,,,,,,,,,2,2,1,2,2,2,1,2,2,,,,,,,,,,,,,,,,2,1,2,3,2,2,,2,2,,2,2,2,,2,2,2,,,2,7,,4,2,,,,2,2,,4,2,2,,2,,2,,2,1,2,2,,1,1,2,2,2,1,,,,,2,2,,,,,,,,2,,,,,,4,0,1,,,,,,,,,,,,,,2,2,1,1,,1,,2,2,2,,2,2,,2,2,2,,,,,,,,,,,,,1,2,2,1,2,2,2,2,1,1,2,,,,,,,,,,,,,,
2024,"Egypt, Arab Rep.",EGY,Middle East & North Africa (excluding high income),77385958,133798697,0.585163819,1,29,2,2,2,2,0,0,0,0,0,0,4,4,4,4,0,4,3,0,2,,,,,,,,,,2,2,2,2,2,2,2,1,2,,,,,,,,,,,,,,,,2,,2,,,,2,2,2,,2,,2,,2,2,2,,,2,2,2,4,2,,,,,,,,,,,2,,2,,2,2,,,,,2,,,,,,,,,2,2,,,,,,,,2,,,,,,3,1,1,,,,,,,,,,,,,,1,,1,1,,1,,1,4,1,1,2,2,,2,1,,1,1,3,,2,1,1,1,2,2,2,2,,,,,,,,,,1,2,,,,,,,,,,,,,,
2024,"Egypt, Arab Rep.",EGY,Middle East & North Africa (excluding high income),77385958,133902975,0.497443221,1,42,2,1,2,2,0,0,0,0,1,0,4,4,4,4,0,4,3,0,2,,,,,,,,,,2,2,1,2,1,2,2,2,2,,,,,,,,,,,,,,,,2,2,2,,,,2,2,2,,1,2,2,,2,2,2,,,,7,,4,2,,,,2,2,,4,2,2,,2,,2,,2,2,,,,,2,,,,,,,,,2,2,,,,,,,,2,,,,,,5,1,1,,,,,,,,,,,,,,1,,1,1,,1,,1,2,2,,2,2,,2,1,,2,1,3,,1,1,1,2,2,2,2,2,,,,,,,,,,1,2,,,,,,,,,,,,,,
2024,"Egypt, Arab Rep.",EGY,Middle East & North Africa (excluding high income),77385958,133927437,1.076570954,1,43,1,5,2,1,0,0,0,0,1,0,4,4,4,4,0,2,2,0,2,,,,,,,,,,2,2,2,2,1,2,1,2,2,,,,,,,,,,,,,,,,2,,2,,,,2,2,2,,2,,1,,1,2,1,,,,7,,1,2,,,,,,,,,,,2,,1,2,2,1,2,2,,1,2,,,,,,,,,2,2,,,,,,,,2,,,,,,4,0,1,,,,,,,,,,,,,,2,2,2,1,,2,,,2,2,,2,2,,2,2,2,,,,,,,,,,,,,1,2,2,1,2,2,2,2,1,1,2,,,,,,,,,,,,,,
2024,"Egypt, Arab Rep.",EGY,Middle East & North Africa (excluding high income),77385958,133960273,1.259471189,2,47,1,1,1,2,0,0,0,0,1,0,2,4,4,4,0,4,2,0,2,,,,,,,,,,2,1,1,2,1,2,1,2,2,,,,,,,,,,,,,,,,2,,2,,,,2,2,2,,2,,1,,1,1,2,,,,7,,4,2,,,,,,,,,,,2,,1,2,1,2,,,,,1,2,2,2,1,,,,,2,2,,,,,,,,2,,,,,,4,0,1,,,,,,,,,,,,,,2,2,1,1,,1,,2,1,2,,2,2,,2,2,2,,,,,,,,,,,,,1,2,2,1,2,2,2,1,4,1,2,,,,,,,,,,,,,,
2024,"Egypt, Arab Rep.",EGY,Middle East & North Africa (excluding high income),77385958,134117856,0.737627107,2,16,2,4,1,2,0,0,0,0,0,0,2,4,4,4,0,4,3,0,2,,,,,,,,,,2,2,2,2,2,2,1,1,2,,,,,,,,,,,,,,,,2,,2,,,,2,2,2,,2,,2,,2,2,2,,,2,2,1,4,2,,,,,,,,,,,2,,2,,2,2,,,,,1,2,2,2,1,,,,,2,2,,,,,,,,2,,,,,,5,0,2,1,2,1,2,2,2,1,1,1,1,2,2,,,,,,,,,,,,,,,,,2,2,,,,,,,,,,,,,,,,,,,,,,1,2,,,,,,,,,,,,,,
2024,"Egypt, Arab Rep.",EGY,Middle East & North Africa (excluding high income),77385958,134199370,1.257946954,1,55,1,3,2,1,0,0,0,0,1,0,4,4,4,4,0,4,3,0,2,,,,,,,,,,2,2,2,2,2,2,1,2,2,,,,,,,,,,,,,,,,2,,2,,,,2,2,2,,2,,2,,2,2,1,,,2,2,1,2,2,,,,,,,,,,,2,,2,,2,2,,,,,2,,,,,,,,,2,2,,,,,,,,2,,,,,,4,0,1,,,,,,,,,,,,,,1,,1,1,,2,,,2,2,,2,2,,2,2,2,,,,,2,2,2,2,2,2,2,2,,,,,,,,,,1,2,,,,,,,,,,,,,,
2024,"Egypt, Arab Rep.",EGY,Middle East & North Africa (excluding high income),77385958,134259440,0.503769174,1,24,2,4,2,1,0,1,1,1,1,0,4,4,4,4,0,2,1,1,2,,,,,,,,,,2,2,2,2,2,2,1,2,2,,,,,,,,,,,,,,,,2,2,2,,,,2,1,2,,2,2,1,,2,2,1,,,,2,2,2,2,,,,2,2,,1,2,2,,2,,1,1,2,1,2,2,,1,2,,,,,,,,,2,2,,,,,,,,2,,,,,,5,1,1,,,,,,,,,,,,,,1,,2,1,,1,,1,3,1,1,2,2,,1,1,,1,1,2,,1,1,1,1,2,2,2,2,,,,,,,,,,1,2,,,,,,,,,,,,,,
2024,"Egypt, Arab Rep.",EGY,Middle East & North Africa (excluding high income),77385958,134301268,2.889474023,2,25,1,1,2,2,0,0,0,0,1,0,2,4,4,4,0,4,3,0,2,,,,,,,,,,2,2,1,2,2,2,1,2,2,,,,,,,,,,,,,,,,2,,2,,,,2,2,2,,2,,2,,2,2,1,,,2,2,2,1,2,,,,,,,,,,,2,,2,,2,2,,,,,1,2,2,2,1,,,,,2,2,,,,,,,,2,,,,,,3,1,1,,,,,,,,,,,,,,1,,1,1,,1,,1,2,1,1,2,2,,2,1,,1,1,1,,1,2,1,2,2,2,2,2,,,,,,,,,,1,2,,,,,,,,,,,,,,
2024,"Egypt, Arab Rep.",EGY,Middle East & North Africa (excluding high income),77385958,134329987,0.296576883,1,51,2,2,2,1,0,0,0,0,0,0,4,4,4,4,0,4,3,0,2,,,,,,,,,,2,2,2,2,2,2,1,2,2,,,,,,,,,,,,,,,,2,,2,,,,2,2,2,,2,,2,,2,2,2,,,2,2,2,1,2,,,,,,,,,,,2,,2,,2,2,,,,,2,,,,,,,,,2,2,,,,,,,,2,,,,,,4,0,2,1,1,2,2,2,2,2,1,1,2,2,2,,,,,,,,,,,,,,,,,2,2,,,,,,,,,,,,,,,,,,,,,,1,2,,,,,,,,,,,,,,
2024,"Egypt, Arab Rep.",EGY,Middle East & North Africa (excluding high income),77385958,134386829,1.505115529,2,33,1,4,1,2,0,0,0,0,1,0,2,4,4,4,0,4,3,0,2,,,,,,,,,,2,2,1,2,1,2,1,2,2,,,,,,,,,,,,,,,,2,,2,,,,2,2,2,,2,,1,,2,2,2,,,,7,,4,2,,,,,,,,,,,2,,2,,2,2,,,,,1,2,2,2,1,,,,,2,2,,,,,,,,2,,,,,,4,1,1,,,,,,,,,,,,,,1,,1,2,,1,,1,2,1,1,2,2,,2,1,,1,1,2,,1,1,1,1,2,2,2,2,,,,,,,,,,1,2,,,,,,,,,,,,,,
2024,"Egypt, Arab Rep.",EGY,Middle East & North Africa (excluding high income),77385958,134387650,1.716658928,1,24,1,5,2,1,0,0,0,0,0,0,4,4,4,4,0,4,3,0,2,,,,,,,,,,2,2,1,2,2,2,1,2,1,,,,,,,,,,,,,,,,2,,2,,,,2,2,2,,2,,2,,2,2,2,,,2,7,,2,2,,,,,,,,,,,2,,2,,2,2,,,,,2,,,,,,,,,2,2,,,,,,,,2,,,,,,4,1,1,,,,,,,,,,,,,,1,,2,1,,1,,1,1,1,1,2,2,,2,1,,1,1,3,,1,1,1,2,2,2,2,2,,,,,,,,,,1,2,,,,,,,,,,,,,,
2024,"Egypt, Arab Rep.",EGY,Middle East & North Africa (excluding high income),77385958,134435610,0.554765921,1,34,2,2,1,2,0,0,0,0,1,0,4,4,4,4,0,4,2,0,2,,,,,,,,,,2,2,2,2,2,2,1,2,2,,,,,,,,,,,,,,,,2,,2,,,,2,2,2,,2,,2,,2,2,1,,,2,5,1,1,2,,,,,,,,,,,2,,1,2,2,2,,,,,2,,,,,,,,,2,2,,,,,,,,2,,,,,,3,0,2,2,2,2,2,2,2,1,7,1,2,2,2,,,,,,,,,,,,,,,,,2,2,,,,,,,,,,,,,,,,,,,,,,1,2,,,,,,,,,,,,,,
2024,"Egypt, Arab Rep.",EGY,Middle East & North Africa (excluding high income),77385958,134496567,0.324560512,2,39,2,3,1,2,0,0,0,0,0,0,4,4,4,2,0,2,3,0,2,,,,,,,,,,2,2,1,2,3,1,1,2,3,,,,,,,,,,,,,,,,2,,2,,,,2,2,2,,2,,2,,2,2,2,,,2,7,,4,2,,,,,,,,,,,2,,2,,2,1,2,2,,1,2,,,,,,,,,2,2,,,,,,,,1,2,2,1,,2,4,0,1,,,,,,,,,,,,,,2,2,1,1,,2,,,2,2,,2,2,,2,2,2,,,,,,,,,,,,,1,2,2,2,2,2,2,1,8,1,2,,,,,,,,,,,,,,
2024,"Egypt, Arab Rep.",EGY,Middle East & North Africa (excluding high income),77385958,134540109,0.708062048,2,31,2,4,1,1,1,1,1,1,1,0,2,4,4,4,0,2,1,1,1,2,2,4,4,2,2,2,2,2,,,,,,,,,,,,,,,,,,,,,,,,,2,2,2,,,,2,2,2,,2,2,1,,1,2,1,,,,4,1,2,2,,,,2,2,,1,2,2,,2,,1,1,2,1,2,2,,1,1,2,2,2,1,,,,,2,2,,,,,,,,2,,,,,,4,1,1,,,,,,,,,,,,,,1,,1,1,,1,,1,1,1,1,2,1,2,2,1,,1,1,3,,1,1,1,1,1,1,1,2,,,,,,,,,,1,2,,,,,,,,,,,,,,
2024,"Egypt, Arab Rep.",EGY,Middle East & North Africa (excluding high income),77385958,134540599,1.018617326,2,22,2,4,2,2,0,0,0,0,0,0,2,4,4,4,0,4,3,0,2,,,,,,,,,,2,2,1,2,2,2,1,1,2,,,,,,,,,,,,,,,,2,,2,,,,2,2,2,,2,,2,,2,2,2,,,2,2,2,1,2,,,,,,,,,,,2,,2,,2,2,,,,,1,2,2,2,1,,,,,2,2,,,,,,,,2,,,,,,3,1,1,,,,,,,,,,,,,,1,,1,1,,1,,1,4,1,1,2,1,2,2,1,,1,1,3,,1,1,1,2,2,2,1,2,,,,,,,,,,1,2,,,,,,,,,,,,,,
2024,"Egypt, Arab Rep.",EGY,Middle East & North Africa (excluding high income),77385958,134670178,1.251287294,2,39,1,2,1,2,0,0,0,0,1,0,2,4,4,4,0,2,3,0,2,,,,,,,,,,2,2,2,2,2,2,1,2,2,,,,,,,,,,,,,,,,2,,2,,,,2,2,2,,1,,2,,2,2,1,,,,4,2,2,2,,,,,,,,,,,2,,2,,2,1,2,2,,1,1,2,2,2,1,,,,,2,2,,,,,,,,2,,,,,,4,0,1,,,,,,,,,,,,,,2,2,2,1,,2,,,2,2,,2,2,,2,2,2,,,,,,,,,,,,,1,2,2,1,2,2,2,2,4,1,2,,,,,,,,,,,,,,
2024,"Egypt, Arab Rep.",EGY,Middle East & North Africa (excluding high income),77385958,134776031,1.080210864,1,64,1,5,2,1,0,0,0,0,1,0,4,4,4,4,0,4,2,0,2,,,,,,,,,,2,2,2,2,2,2,1,1,2,,,,,,,,,,,,,,,,2,,2,,,,2,2,2,,2,,1,,2,2,1,,,,2,2,2,2,,,,,,,,,,,2,,1,2,2,2,,,,,2,,,,,,,,,2,2,,,,,,,,2,,,,,,3,0,1,,,,,,,,,,,,,,2,2,2,1,,2,,,2,2,,2,2,,2,2,2,,,,,,,,,,,,,1,2,2,1,2,2,2,1,8,1,2,,,,,,,,,,,,,,
2024,"Egypt, Arab Rep.",EGY,Middle East & North Africa (excluding high income),77385958,134843480,0.53645318,1,37,2,1,1,2,1,0,1,1,0,0,4,1,4,4,0,2,3,1,1,1,1,2,2,,2,1,2,2,,,,,,,,,,,,,,,,,,,,,,,,,2,,2,,,,2,2,2,,2,,2,,2,2,2,,,2,2,1,1,2,,,,2,2,,4,2,2,,2,,2,,2,1,2,2,,1,2,,,,,,,,,1,2,1,2,,,1,2,,2,,,,,,4,0,1,,,,,,,,,,,,,,2,2,1,1,,2,,,2,2,,2,2,,2,2,2,,,,,,,,,,,,,1,2,2,2,2,2,2,1,1,1,2,,,,,,,,,,,,,,
2024,"Egypt, Arab Rep.",EGY,Middle East & North Africa (excluding high income),77385958,135166043,0.905740171,1,36,1,1,1,2,0,0,0,0,1,0,4,4,4,4,0,2,2,0,2,,,,,,,,,,2,2,2,2,1,2,1,2,2,,,,,,,,,,,,,,,,2,,2,,,,2,2,2,,2,,1,,1,1,1,,,,2,1,4,2,,,,,,,,,,,2,,1,2,2,1,2,2,,1,2,,,,,,,,,2,2,,,,,,,,2,,,,,,4,0,1,,,,,,,,,,,,,,2,2,1,1,,2,,,2,2,,2,2,,2,2,2,,,,,,,,,,,,,1,2,2,1,2,2,2,1,4,1,2,,,,,,,,,,,,,,
2024,"Egypt, Arab Rep.",EGY,Middle East & North Africa (excluding high income),77385958,135343346,1.744503955,1,30,1,1,1,2,1,0,1,1,1,0,2,1,4,4,0,2,3,1,1,1,1,2,2,,2,2,2,2,,,,,,,,,,,,,,,,,,,,,,,,,2,,2,,,,2,2,2,,2,,2,,2,2,1,,,2,5,2,2,2,,,,2,2,,1,2,2,,2,,2,,2,1,2,2,,1,1,2,2,2,1,,,,,1,2,1,2,,,1,1,,2,,,,,,3,0,1,,,,,,,,,,,,,,2,2,1,1,,2,,,2,2,,2,2,,2,2,2,,,,,,,,,,,,,1,2,2,1,2,2,2,2,1,1,1,,,,,,,,,,,,,,
2024,"Egypt, Arab Rep.",EGY,Middle East & North Africa (excluding high income),77385958,135458363,1.514208283,2,27,3,5,1,2,1,0,1,1,0,0,1,4,4,4,1,1,1,1,1,1,2,2,2,,1,1,2,2,,,,,,,,,,,,,,,,,,,,,,,,,2,2,2,,,,2,2,2,,2,2,2,,2,2,2,,,2,2,2,2,2,,,,2,1,3,,1,1,3,1,1,1,1,2,1,2,1,,,1,2,1,2,,,2,2,,2,2,,,,,,,,2,,,,,,4,1,1,,,,,,,,,,,,,,1,,2,1,,1,,1,2,1,1,2,2,,2,1,,1,2,,1,1,1,1,1,2,2,2,2,,,,,,,,,,1,2,,,,,,,,,,,,,,
2024,"Egypt, Arab Rep.",EGY,Middle East & North Africa (excluding high income),77385958,135486495,1.517633993,2,70,1,1,2,2,1,0,1,0,1,0,2,1,4,4,0,2,2,1,1,2,1,2,2,,2,1,2,2,,,,,,,,,,,,,,,,,,,,,,,,,2,,2,,,,2,2,2,,2,,1,,2,2,2,,,,7,,1,2,,,,2,2,,4,2,2,,1,2,2,,2,1,2,2,,1,1,2,2,2,1,,,,,1,2,1,2,,,1,2,,2,,,,,,3,0,1,,,,,,,,,,,,,,1,,1,1,,2,,,2,2,,2,2,,2,2,2,,,,,2,2,2,2,2,2,2,2,,,,,,,,,,1,2,,,,,,,,,,,,,,
2024,"Egypt, Arab Rep.",EGY,Middle East & North Africa (excluding high income),77385958,135622377,0.624315983,2,32,2,5,1,2,0,0,0,0,1,1,2,4,4,4,0,2,2,0,2,,,,,,,,,,2,2,2,2,1,1,1,2,2,,,,,,,,,,,,,,,,2,2,1,,,,,2,2,,2,2,1,1,2,2,2,,,,2,1,1,2,,,,2,2,,1,2,2,,2,,1,2,2,1,2,2,,1,1,2,2,2,1,,,,,2,2,,,,,,,,2,,,,,,4,1,1,,,,,,,,,,,,,,1,,1,1,,1,,1,1,1,1,2,2,,2,2,1,2,2,,2,2,2,1,1,2,2,2,2,,,,,,,,,,1,2,,,,,,,,,,,,,,
2024,"Egypt, Arab Rep.",EGY,Middle East & North Africa (excluding high income),77385958,135776389,0.282923824,1,38,2,3,2,2,0,0,0,0,1,0,4,4,4,4,0,4,3,0,2,,,,,,,,,,2,2,1,2,2,2,1,2,1,,,,,,,,,,,,,,,,2,,2,,,,2,2,2,,2,,2,,2,2,1,,,2,2,1,1,2,,,,,,,,,,,2,,2,,2,2,,,,,2,,,,,,,,,2,2,,,,,,,,2,,,,,,5,0,1,,,,,,,,,,,,,,2,2,1,2,,1,,2,4,2,,2,1,2,2,2,2,,,,,,,,,,,,,1,2,2,2,2,2,2,2,1,1,2,,,,,,,,,,,,,,
2024,"Egypt, Arab Rep.",EGY,Middle East & North Africa (excluding high income),77385958,135812288,1.201354612,2,19,2,4,2,1,1,0,1,0,0,1,4,4,4,4,0,4,3,0,1,2,1,2,2,,1,2,1,2,,,,,,,,,,,,,,,,,,,,,,,,,1,,2,2,1,1,,2,2,,2,,2,,2,2,2,,,2,2,2,4,2,,,,2,2,,4,2,2,,2,,2,,2,2,,,,,2,,,,,,,,,2,2,,,,,,,,2,,,,,,3,1,1,,,,,,,,,,,,,,1,,1,1,,1,,1,4,1,1,2,2,,2,1,,1,1,2,,1,1,1,1,2,2,2,2,,,,,,,,,,1,2,,,,,,,,,,,,,,
2024,"Egypt, Arab Rep.",EGY,Middle East & North Africa (excluding high income),77385958,135848968,0.681341535,1,24,2,5,2,1,0,0,0,0,0,0,4,4,4,4,0,4,3,0,2,,,,,,,,,,2,2,1,2,1,2,1,1,2,,,,,,,,,,,,,,,,2,,2,,,,2,2,2,,2,,2,,2,2,2,,,2,7,,4,2,,,,,,,,,,,2,,2,,2,2,,,,,2,,,,,,,,,2,2,,,,,,,,2,,,,,,4,1,1,,,,,,,,,,,,,,1,,2,1,,1,,1,2,2,,2,2,,2,1,,1,1,1,,1,1,1,2,2,2,2,2,,,,,,,,,,1,2,,,,,,,,,,,,,,
2024,"Egypt, Arab Rep.",EGY,Middle East & North Africa (excluding high income),77385958,135963279,1.76289927,2,23,2,1,2,1,0,1,1,1,1,0,4,4,4,4,0,2,1,1,2,,,,,,,,,,2,2,1,2,2,2,1,2,2,,,,,,,,,,,,,,,,2,2,2,,,,2,2,2,,1,2,2,,2,2,2,,,,4,1,1,2,,,,2,2,,4,2,2,,2,,1,1,2,1,2,2,,1,2,,,,,,,,,2,2,,,,,,,,2,,,,,,6,1,1,,,,,,,,,,,,,,1,,1,1,,1,,1,2,1,1,2,2,,2,1,,1,1,3,,1,1,1,2,2,2,2,2,,,,,,,,,,1,2,,,,,,,,,,,,,,
2024,"Egypt, Arab Rep.",EGY,Middle East & North Africa (excluding high income),77385958,136270019,1.90811598,2,44,1,4,1,2,0,0,0,0,1,0,2,4,4,2,0,2,3,0,2,,,,,,,,,,2,2,2,2,2,2,1,2,1,,,,,,,,,,,,,,,,2,,2,,,,2,2,2,,2,,1,,1,2,1,,,,5,2,4,2,,,,,,,,,,,2,,2,,2,1,2,2,,1,1,2,2,2,1,,,,,2,2,,,,,,,,1,2,2,1,,2,5,1,1,,,,,,,,,,,,,,1,,1,1,,2,,,2,1,2,2,2,,2,1,,2,1,3,,1,2,1,1,2,2,2,2,,,,,,,,,,1,2,,,,,,,,,,,,,,
2024,"Egypt, Arab Rep.",EGY,Middle East & North Africa (excluding high income),77385958,136358841,1.056124755,2,18,2,1,2,2,0,0,0,0,0,1,4,4,4,4,0,4,3,0,2,,,,,,,,,,2,2,1,2,1,2,1,1,2,,,,,,,,,,,,,,,,2,,1,,,,,2,2,,2,,2,2,2,2,2,,,2,2,2,2,2,,,,,,,,,,,2,,2,,2,2,,,,,2,,,,,,,,,2,2,,,,,,,,2,,,,,,5,1,1,,,,,,,,,,,,,,1,,2,1,,1,,1,1,1,1,2,2,,1,1,,1,1,1,,1,1,1,1,2,2,2,2,,,,,,,,,,1,2,,,,,,,,,,,,,,
2024,"Egypt, Arab Rep.",EGY,Middle East & North Africa (excluding high income),77385958,136390665,0.796246069,1,49,1,1,2,2,1,0,1,0,1,0,4,4,4,4,0,2,3,0,1,2,2,3,3,2,1,2,2,2,,,,,,,,,,,,,,,,,,,,,,,,,2,,2,,,,2,2,1,1,1,,2,,1,2,1,,,,4,2,1,2,,,,2,2,,4,2,2,,2,,2,,2,1,2,2,,1,2,,,,,,,,,2,2,,,,,,,,2,,,,,,4,0,1,,,,,,,,,,,,,,1,,1,1,,2,,,2,2,,2,2,,2,2,2,,,,,2,2,2,2,2,2,2,2,,,,,,,,,,1,2,,,,,,,,,,,,,,
2024,"Egypt, Arab Rep.",EGY,Middle East & North Africa (excluding high income),77385958,136446585,0.498921996,1,42,2,1,2,2,0,0,0,0,0,0,4,4,4,4,0,2,3,0,2,,,,,,,,,,2,2,1,2,2,2,1,1,2,,,,,,,,,,,,,,,,2,,2,,,,2,2,2,,2,,2,,2,2,2,,,2,2,2,5,2,,,,,,,,,,,2,,2,,2,1,2,2,,1,2,,,,,,,,,2,2,,,,,,,,2,,,,,,4,1,1,,,,,,,,,,,,,,2,2,2,1,,1,,2,1,2,,2,2,,2,1,,2,1,3,,2,2,2,1,2,2,1,2,1,2,2,2,2,2,1,2,1,1,2,,,,,,,,,,,,,,
2024,"Egypt, Arab Rep.",EGY,Middle East & North Africa (excluding high income),77385958,136603961,1.035696083,2,24,2,4,1,1,1,0,1,0,0,1,1,4,4,4,0,4,2,1,1,2,2,2,2,,1,1,2,2,,,,,,,,,,,,,,,,,,,,,,,,,1,,2,2,1,2,,2,2,,2,,2,,2,2,2,,,2,1,2,3,2,,,,2,2,,4,2,2,,2,,1,2,2,2,,,,,1,2,1,2,,,2,2,,2,2,,,,,,,,2,,,,,,3,1,1,,,,,,,,,,,,,,1,,1,1,,1,,1,1,1,1,2,2,,2,1,,1,1,3,,1,1,1,1,2,2,2,2,,,,,,,,,,1,1,,,,,,,,,,,,,,
2024,"Egypt, Arab Rep.",EGY,Middle East & North Africa (excluding high income),77385958,136641710,0.430670371,1,40,2,5,2,2,0,0,0,0,1,0,4,4,4,4,0,2,2,0,2,,,,,,,,,,2,2,1,2,2,2,1,1,2,,,,,,,,,,,,,,,,2,,2,,,,2,2,2,,2,,1,,2,2,2,,,,2,2,1,2,,,,,,,,,,,2,,1,2,2,1,2,2,,1,2,,,,,,,,,2,2,,,,,,,,2,,,,,,3,1,1,,,,,,,,,,,,,,1,,1,1,,1,,1,1,1,1,1,1,2,1,1,,1,1,3,,1,1,1,1,1,2,2,2,,,,,,,,,,1,2,,,,,,,,,,,,,,
2024,"Egypt, Arab Rep.",EGY,Middle East & North Africa (excluding high income),77385958,136781928,0.257212146,1,45,2,5,2,2,1,0,1,1,0,0,4,4,1,4,0,4,3,1,1,1,1,2,2,,1,1,2,2,,,,,,,,,,,,,,,,,,,,,,,,,2,,2,,,,2,2,2,,2,,2,,2,2,2,,,2,2,4,3,2,,,,2,2,,4,2,2,,2,,2,,2,2,,,,,2,,,,,,,,,2,1,1,2,,,2,2,,2,,,,,,4,0,1,,,,,,,,,,,,,,2,2,1,1,,2,,,3,1,1,2,2,,2,2,2,,,,,,,,,,,,,1,2,2,2,2,2,2,2,1,1,2,,,,,,,,,,,,,,
2024,"Egypt, Arab Rep.",EGY,Middle East & North Africa (excluding high income),77385958,136887035,0.750020959,2,23,2,1,2,2,0,0,0,0,0,0,4,4,4,4,0,4,3,0,2,,,,,,,,,,2,2,1,2,2,2,1,2,2,,,,,,,,,,,,,,,,2,,2,,,,2,2,2,,2,,2,,2,2,2,,,2,2,1,2,2,,,,,,,,,,,2,,2,,2,2,,,,,2,,,,,,,,,2,2,,,,,,,,2,,,,,,3,1,1,,,,,,,,,,,,,,1,,2,1,,1,,1,1,2,,2,2,,2,1,,1,1,2,,1,1,1,2,2,2,2,1,,,,,,,,,,1,2,,,,,,,,,,,,,,
2024,"Egypt, Arab Rep.",EGY,Middle East & North Africa (excluding high income),77385958,137185212,2.889474023,2,15,1,1,2,1,0,0,0,0,0,0,4,4,4,4,0,4,3,0,2,,,,,,,,,,2,2,2,2,1,2,1,2,2,,,,,,,,,,,,,,,,2,,2,,,,2,2,2,,2,,2,,2,2,2,,,2,2,1,1,2,,,,,,,,,,,2,,2,,2,2,,,,,2,,,,,,,,,2,2,,,,,,,,2,,,,,,3,1,1,,,,,,,,,,,,,,1,,1,1,,1,,1,2,1,1,1,2,,2,1,,2,1,2,,1,1,1,1,1,2,2,2,,,,,,,,,,,,,,,,,,,,,,,,,
2024,"Egypt, Arab Rep.",EGY,Middle East & North Africa (excluding high income),77385958,137211044,0.947948508,1,57,1,3,2,2,1,0,1,0,1,0,4,4,4,4,0,4,3,0,1,2,1,2,2,,2,1,2,2,,,,,,,,,,,,,,,,,,,,,,,,,2,,2,,,,2,2,2,,2,,1,,2,2,2,,,,7,,5,2,,,,2,2,,4,2,2,,2,,2,,2,2,,,,,2,,,,,,,,,2,2,,,,,,,,2,,,,,,3,1,1,,,,,,,,,,,,,,1,,1,1,,2,,,2,2,,2,2,,2,2,1,2,1,3,,2,2,1,2,2,2,2,2,,,,,,,,,,1,2,,,,,,,,,,,,,,
2024,"Egypt, Arab Rep.",EGY,Middle East & North Africa (excluding high income),77385958,137342135,0.433032815,1,40,2,3,2,2,0,0,0,0,0,0,4,4,4,4,0,2,3,0,2,,,,,,,,,,2,2,2,2,2,2,1,2,2,,,,,,,,,,,,,,,,2,,2,,,,2,2,2,,2,,2,,2,2,2,,,2,2,1,3,2,,,,,,,,,,,2,,2,,2,1,2,2,,1,2,,,,,,,,,2,2,,,,,,,,2,,,,,,4,1,1,,,,,,,,,,,,,,1,,1,1,,1,,1,1,2,,2,2,,2,1,,1,1,1,,1,1,1,2,2,2,2,2,,,,,,,,,,1,2,,,,,,,,,,,,,,
2024,"Egypt, Arab Rep.",EGY,Middle East & North Africa (excluding high income),77385958,137400866,0.320142631,2,40,2,1,1,2,1,0,1,0,0,0,1,4,4,4,0,2,3,1,1,2,2,2,2,,2,1,2,2,,,,,,,,,,,,,,,,,,,,,,,,,2,,2,,,,2,2,2,,2,,2,,2,2,2,,,2,2,2,1,2,,,,2,2,,4,2,2,,2,,2,,2,1,2,2,,1,1,2,1,2,,,2,1,,2,2,,,,,,,,2,,,,,,3,1,1,,,,,,,,,,,,,,1,,1,1,,1,,1,4,1,1,2,2,,2,1,,1,1,3,,1,1,1,1,1,2,2,2,,,,,,,,,,1,2,,,,,,,,,,,,,,
2024,"Egypt, Arab Rep.",EGY,Middle East & North Africa (excluding high income),77385958,137403965,0.283882895,1,35,2,2,2,2,1,0,1,0,0,0,4,1,4,4,0,2,3,1,1,2,1,2,2,,2,1,2,2,,,,,,,,,,,,,,,,,,,,,,,,,2,,2,,,,2,2,2,,2,,2,,2,2,2,,,2,2,1,1,2,,,,2,2,,1,2,2,,2,,2,,2,1,2,2,,1,2,,,,,,,,,1,2,1,2,,,1,2,,2,,,,,,4,1,1,,,,,,,,,,,,,,1,,1,1,,1,,1,4,1,1,2,2,,2,1,,1,2,,1,1,1,1,1,1,2,1,2,,,,,,,,,,1,2,,,,,,,,,,,,,,
2024,"Egypt, Arab Rep.",EGY,Middle East & North Africa (excluding high income),77385958,137648971,1.061601866,1,21,3,5,2,2,0,0,0,0,0,0,4,4,4,4,0,4,3,0,2,,,,,,,,,,2,2,1,2,1,2,1,1,2,,,,,,,,,,,,,,,,2,,2,,,,2,2,2,,2,,2,,2,2,2,,,2,7,,3,2,,,,,,,,,,,2,,2,,2,2,,,,,2,,,,,,,,,2,2,,,,,,,,2,,,,,,4,1,1,,,,,,,,,,,,,,1,,1,1,,1,,1,2,1,2,2,2,,2,1,,1,2,,1,1,1,1,2,2,2,2,2,,,,,,,,,,1,2,,,,,,,,,,,,,,
2024,"Egypt, Arab Rep.",EGY,Middle East & North Africa (excluding high income),77385958,137712048,0.737627107,2,16,2,4,1,2,0,0,0,0,0,1,2,4,4,4,0,4,3,0,2,,,,,,,,,,2,2,1,2,2,2,1,1,2,,,,,,,,,,,,,,,,2,,2,,,,1,2,2,,2,,2,,2,2,2,,,2,5,3,3,2,,,,,,,,,,,2,,2,,2,2,,,,,1,2,2,2,1,,,,,2,2,,,,,,,,2,,,,,,4,1,1,,,,,,,,,,,,,,1,,2,1,,1,,1,4,1,1,2,1,2,2,1,,1,1,3,,1,1,1,2,1,2,2,2,,,,,,,,,,1,2,,,,,,,,,,,,,,
2024,"Egypt, Arab Rep.",EGY,Middle East & North Africa (excluding high income),77385958,137745944,1.613857871,1,29,3,4,2,2,1,0,1,0,0,1,4,4,4,4,0,2,3,0,1,2,2,2,2,,1,2,2,2,,,,,,,,,,,,,,,,,,,,,,,,,1,,2,2,1,2,,2,2,,2,,2,,2,2,2,,,2,2,3,1,2,,,,2,2,,1,2,2,,2,,2,,2,1,2,2,,1,2,,,,,,,,,2,2,,,,,,,,2,,,,,,3,1,1,,,,,,,,,,,,,,1,,2,1,,1,,1,1,1,1,2,1,2,2,1,,1,1,1,,1,1,1,1,1,2,2,2,,,,,,,,,,1,2,,,,,,,,,,,,,,
2024,"Egypt, Arab Rep.",EGY,Middle East & North Africa (excluding high income),77385958,137762708,1.545435509,1,35,1,3,2,2,1,1,1,1,1,0,2,1,4,4,0,2,1,1,1,2,1,2,2,,2,2,2,2,,,,,,,,,,,,,,,,,,,,,,,,,2,2,2,,,,2,2,2,,1,2,1,,2,2,1,,,,4,1,1,2,,,,2,2,,4,2,2,,1,1,1,1,2,1,2,2,,1,1,2,2,2,1,,,,,1,2,1,2,,,1,2,,2,,,,,,6,1,1,,,,,,,,,,,,,,1,,1,1,,1,,1,2,1,1,2,2,,2,1,,1,1,2,,1,1,1,1,1,2,1,1,,,,,,,,,,1,2,,,,,,,,,,,,,,
2024,"Egypt, Arab Rep.",EGY,Middle East & North Africa (excluding high income),77385958,137978393,0.722274005,1,32,3,1,1,1,1,1,1,1,1,1,2,4,4,4,1,2,3,1,1,1,2,2,2,,1,1,1,1,,,,,,,,,,,,,,,,,,,,,,,,,1,2,2,2,1,2,,2,2,,2,2,2,,2,2,2,1,1,,1,3,4,2,,,,1,1,3,,2,2,,2,,2,,1,1,2,2,,1,1,2,2,2,1,,,,,2,2,,,,,,,,2,,,,,,3,1,1,,,,,,,,,,,,,,1,,1,1,,1,,1,1,1,1,1,1,2,1,1,,1,1,3,,1,1,1,1,1,2,1,2,,,,,,,,,,1,2,,,,,,,,,,,,,,
2024,"Egypt, Arab Rep.",EGY,Middle East & North Africa (excluding high income),77385958,137998990,1.09596701,2,44,1,1,1,2,0,0,0,0,1,0,2,4,4,4,0,2,2,0,2,,,,,,,,,,2,2,1,2,2,2,1,2,2,,,,,,,,,,,,,,,,2,,2,,,,2,2,2,,2,,1,,1,2,1,,,,7,,1,2,,,,,,,,,,,2,,1,2,2,1,2,2,,1,1,2,2,2,1,,,,,2,2,,,,,,,,2,,,,,,3,0,1,,,,,,,,,,,,,,2,2,1,1,,2,,,2,2,,2,2,,2,2,2,,,,,,,,,,,,,1,1,2,1,2,2,2,1,4,1,2,,,,,,,,,,,,,,
2024,"Egypt, Arab Rep.",EGY,Middle East & North Africa (excluding high income),77385958,138039335,1.020605404,2,36,1,2,1,2,1,0,1,0,0,0,2,4,4,4,0,2,3,0,1,2,2,4,4,1,1,2,2,2,,,,,,,,,,,,,,,,,,,,,,,,,2,,2,,,,2,1,2,,2,,2,,2,2,2,,,2,1,2,4,2,,,,2,2,,1,2,2,,2,,2,,2,1,2,2,,1,1,2,2,2,1,,,,,2,2,,,,,,,,2,,,,,,4,1,1,,,,,,,,,,,,,,1,,1,1,,1,,1,1,1,1,2,1,2,2,1,,1,1,3,,1,1,1,1,2,2,2,2,,,,,,,,,,1,2,,,,,,,,,,,,,,
2024,"Egypt, Arab Rep.",EGY,Middle East & North Africa (excluding high income),77385958,138111944,0.430727009,2,41,2,3,1,1,1,0,1,1,1,0,2,1,1,4,0,2,3,1,1,1,1,2,2,,2,1,1,1,,,,,,,,,,,,,,,,,,,,,,,,,2,,2,,,,2,2,2,,2,,1,,2,1,2,1,2,,2,1,2,2,,,,2,2,,4,2,2,,2,,2,,2,1,2,2,,1,1,2,2,2,1,,,,,1,1,1,2,,,1,2,,2,,,,,,5,1,1,,,,,,,,,,,,,,1,,1,1,,1,,1,1,1,1,2,2,,2,1,,1,1,2,,1,1,1,2,2,2,2,2,,,,,,,,,,1,2,,,,,,,,,,,,,,
2024,"Egypt, Arab Rep.",EGY,Middle East & North Africa (excluding high income),77385958,138256664,0.290270706,2,38,2,1,1,1,0,0,0,0,0,1,4,4,4,4,0,2,3,0,2,,,,,,,,,,2,2,1,2,2,2,1,2,2,,,,,,,,,,,,,,,,2,,1,,,,,2,2,,2,,2,2,2,2,2,,,2,6,2,1,2,,,,,,,,,,,2,,2,,2,1,2,2,,1,2,,,,,,,,,2,2,,,,,,,,2,,,,,,6,1,1,,,,,,,,,,,,,,1,,1,1,,1,,1,2,1,1,2,1,2,2,1,,1,1,4,,1,1,1,2,2,2,2,2,,,,,,,,,,1,2,,,,,,,,,,,,,,
2024,"Egypt, Arab Rep.",EGY,Middle East & North Africa (excluding high income),77385958,138428216,1.338532617,1,48,1,1,2,2,0,0,0,0,1,0,4,4,4,4,0,2,3,0,2,,,,,,,,,,2,2,2,2,2,2,1,2,2,,,,,,,,,,,,,,,,2,,2,,,,2,2,2,,2,,2,,2,2,1,,,2,2,2,1,2,,,,,,,,,,,2,,2,,2,1,2,2,,1,2,,,,,,,,,2,2,,,,,,,,2,,,,,,4,0,2,1,2,2,1,2,2,1,1,1,2,2,2,,,,,,,,,,,,,,,,,2,2,,,,,,,,,,,,,,,,,,,,,,1,2,,,,,,,,,,,,,,
2024,"Egypt, Arab Rep.",EGY,Middle East & North Africa (excluding high income),77385958,138534591,2.444520789,2,26,1,1,1,2,0,0,0,0,0,0,2,5,4,4,0,2,3,0,2,,,,,,,,,,2,2,1,2,1,2,1,2,2,,,,,,,,,,,,,,,,2,,2,,,,2,2,2,,2,,2,,2,2,2,,,2,2,1,1,2,,,,,,,,,,,2,,2,,2,1,2,2,,1,1,2,2,2,1,,,,,3,2,,,,,,,,2,,,,,,4,1,1,,,,,,,,,,,,,,1,,1,1,,1,,1,2,1,1,2,2,,2,1,,1,1,2,,1,1,1,2,2,2,2,2,,,,,,,,,,1,2,,,,,,,,,,,,,,
2024,"Egypt, Arab Rep.",EGY,Middle East & North Africa (excluding high income),77385958,138621051,0.345858241,2,46,2,1,1,2,0,0,0,0,1,0,2,4,4,4,0,4,3,0,2,,,,,,,,,,2,2,1,2,1,2,1,2,2,,,,,,,,,,,,,,,,2,,2,,,,2,2,2,,2,,2,,2,2,1,,,2,7,,4,2,,,,,,,,,,,2,,2,,2,2,,,,,1,2,2,2,1,,,,,2,2,,,,,,,,2,,,,,,3,1,1,,,,,,,,,,,,,,1,,1,1,,1,,1,2,1,2,2,2,,2,1,,1,1,1,,1,1,1,2,2,2,2,2,,,,,,,,,,1,2,,,,,,,,,,,,,,
2024,"Egypt, Arab Rep.",EGY,Middle East & North Africa (excluding high income),77385958,138652887,1.568321525,1,38,1,1,2,1,0,0,0,0,0,0,4,4,4,4,0,2,3,0,2,,,,,,,,,,2,2,2,2,2,2,1,2,2,,,,,,,,,,,,,,,,2,,2,,,,2,2,2,,2,,2,,2,2,2,,,2,2,2,3,2,,,,,,,,,,,2,,2,,2,1,2,2,,1,2,,,,,,,,,2,2,,,,,,,,2,,,,,,4,0,1,,,,,,,,,,,,,,2,2,2,1,,2,,,2,2,,1,2,,2,2,2,,,,,,,,,,,,,1,2,2,1,2,1,2,2,4,1,2,,,,,,,,,,,,,,
2024,"Egypt, Arab Rep.",EGY,Middle East & North Africa (excluding high income),77385958,138673546,0.726236042,1,29,3,5,2,2,0,0,0,0,1,0,4,4,4,4,0,2,3,0,2,,,,,,,,,,2,2,2,2,2,2,1,2,2,,,,,,,,,,,,,,,,2,2,2,,,,2,2,2,,2,2,1,,2,2,1,,,,2,1,4,2,,,,2,2,,4,2,2,,2,,2,,1,1,2,2,,1,2,,,,,,,,,2,2,,,,,,,,2,,,,,,5,1,1,,,,,,,,,,,,,,1,,2,1,,1,,1,1,1,1,2,1,2,2,1,,1,1,3,,1,1,1,1,1,2,1,1,,,,,,,,,,1,2,,,,,,,,,,,,,,
2024,"Egypt, Arab Rep.",EGY,Middle East & North Africa (excluding high income),77385958,138928147,1.034101536,1,36,1,2,2,2,0,0,0,0,1,0,4,4,4,4,0,2,3,0,2,,,,,,,,,,2,2,1,2,2,2,1,2,2,,,,,,,,,,,,,,,,2,,2,,,,2,2,2,,1,,2,,1,2,1,,,,4,1,4,2,,,,,,,,,,,2,,2,,2,1,2,2,,1,2,,,,,,,,,2,2,,,,,,,,2,,,,,,4,1,1,,,,,,,,,,,,,,1,,2,1,,1,,1,2,1,1,2,2,,2,1,,1,1,3,,1,1,1,1,1,2,2,2,,,,,,,,,,1,2,,,,,,,,,,,,,,
2024,"Egypt, Arab Rep.",EGY,Middle East & North Africa (excluding high income),77385958,138942403,0.95464409,1,55,1,2,2,2,0,0,0,0,1,0,4,4,4,4,0,2,3,0,2,,,,,,,,,,2,2,2,2,2,2,1,2,2,,,,,,,,,,,,,,,,2,,2,,,,2,2,2,,1,,2,,1,2,1,,,,4,2,2,2,,,,,,,,,,,2,,2,,2,1,2,2,,1,2,,,,,,,,,2,2,,,,,,,,2,,,,,,4,0,1,,,,,,,,,,,,,,2,2,2,1,,2,,,2,2,,2,2,,2,2,2,,,,,,,,,,,,,1,1,2,1,2,2,2,1,4,1,2,,,,,,,,,,,,,,
2024,"Egypt, Arab Rep.",EGY,Middle East & North Africa (excluding high income),77385958,138959732,2.889474023,2,28,3,2,1,2,0,1,1,1,1,1,1,4,4,4,0,4,3,1,2,,,,,,,,,,2,1,1,2,2,2,1,2,2,,,,,,,,,,,,,,,,2,2,2,,,,1,1,1,2,2,1,2,,2,2,2,,,,3,1,4,1,2,2,2,1,2,,4,2,2,,2,,2,,1,2,,,,,1,2,2,1,,,1,2,,2,2,,,,,,,,2,,,,,,2,1,1,,,,,,,,,,,,,,1,,1,1,,1,,1,2,1,1,2,2,,2,1,,1,1,3,,1,1,1,1,1,2,1,1,,,,,,,,,,1,2,,,,,,,,,,,,,,
2024,"Egypt, Arab Rep.",EGY,Middle East & North Africa (excluding high income),77385958,138970853,2.889474023,1,42,1,1,2,1,0,0,0,0,1,0,4,4,4,4,0,4,3,0,2,,,,,,,,,,2,2,2,2,2,2,1,1,2,,,,,,,,,,,,,,,,2,,2,,,,2,2,2,,1,,2,,1,2,2,,,,4,1,1,1,1,2,,,,,,,,,2,,2,,2,2,,,,,2,,,,,,,,,2,2,,,,,,,,2,,,,,,4,0,1,,,,,,,,,,,,,,2,2,1,2,,2,,,4,2,,1,2,,2,2,2,,,,,,,,,,,,,2,2,2,1,2,2,2,1,4,1,2,,,,,,,,,,,,,,
2024,"Egypt, Arab Rep.",EGY,Middle East & North Africa (excluding high income),77385958,139189214,1.160967231,2,59,1,4,1,1,1,0,1,1,1,0,1,4,4,4,0,2,3,1,1,1,1,2,2,,2,1,1,1,,,,,,,,,,,,,,,,,,,,,,,,,2,,2,,,,2,2,2,,2,,1,,2,2,1,1,1,,2,1,1,2,,,,2,2,,4,2,2,,2,,2,,2,1,2,2,,1,1,1,1,2,,,2,1,,2,2,,,,,,,,2,,,,,,6,0,1,,,,,,,,,,,,,,2,2,1,1,,1,,2,4,2,,2,2,,2,2,2,,,,,,,,,,,,,1,2,2,2,2,2,2,1,1,1,2,,,,,,,,,,,,,,
2024,"Egypt, Arab Rep.",EGY,Middle East & North Africa (excluding high income),77385958,139384865,1.20258232,2,58,1,4,1,1,0,1,1,1,1,0,2,4,4,4,0,2,3,1,2,,,,,,,,,,2,2,2,2,1,2,1,1,2,,,,,,,,,,,,,,,,2,2,2,,,,2,2,2,,2,2,1,,1,2,1,,,,7,,1,2,,,,2,2,,1,2,2,,2,,2,,2,1,2,2,,1,1,2,2,2,1,,,,,2,2,,,,,,,,2,,,,,,4,0,1,,,,,,,,,,,,,,2,2,1,1,,2,,,2,2,,2,2,,2,2,2,,,,,,,,,,,,,1,2,2,1,2,2,2,1,1,1,2,,,,,,,,,,,,,,
2024,"Egypt, Arab Rep.",EGY,Middle East & North Africa (excluding high income),77385958,139499132,0.324046317,1,52,2,2,1,2,0,0,0,0,1,0,4,4,4,4,0,2,1,0,2,,,,,,,,,,2,2,1,2,3,2,1,2,2,,,,,,,,,,,,,,,,2,2,2,,,,2,2,2,,1,2,1,,2,1,1,,,,4,1,1,2,,,,2,2,,4,2,2,,1,1,2,,2,1,2,2,,1,2,,,,,,,,,2,2,,,,,,,,2,,,,,,4,1,1,,,,,,,,,,,,,,2,2,1,1,,1,,2,2,2,,2,2,,2,1,,2,2,,1,2,2,2,2,1,2,1,2,1,1,2,2,2,2,1,1,1,1,2,,,,,,,,,,,,,,
2024,"Egypt, Arab Rep.",EGY,Middle East & North Africa (excluding high income),77385958,139542319,0.838631303,1,56,1,3,1,2,1,0,1,1,1,0,4,1,4,4,0,2,3,1,1,1,1,2,2,,1,1,2,2,,,,,,,,,,,,,,,,,,,,,,,,,2,,2,,,,2,2,2,,2,,1,,1,2,1,,,,2,2,2,2,,,,2,2,,4,2,2,,2,,2,,2,1,2,2,,1,2,,,,,,,,,1,2,1,2,,,1,2,,2,,,,,,3,0,1,,,,,,,,,,,,,,1,,1,1,,2,,,2,2,,2,2,,2,2,2,,,,,2,2,2,2,2,2,2,2,,,,,,,,,,1,2,,,,,,,,,,,,,,
2024,"Egypt, Arab Rep.",EGY,Middle East & North Africa (excluding high income),77385958,139592386,0.631362046,1,22,2,2,1,2,1,1,1,1,0,1,1,4,4,4,1,4,3,1,1,1,1,2,1,,1,1,1,2,,,,,,,,,,,,,,,,,,,,,,,,,2,2,1,,,,,2,2,,2,2,2,2,2,2,2,,,2,3,1,2,2,,,,2,1,1,,2,1,1,2,,2,,2,2,,,,,1,2,2,1,,,2,2,,2,2,,,,,,,,2,,,,,,6,1,1,,,,,,,,,,,,,,1,,1,1,,1,,1,1,1,1,2,1,1,2,1,,1,1,3,,1,1,1,1,1,1,2,1,,,,,,,,,,1,2,,,,,,,,,,,,,,
2024,"Egypt, Arab Rep.",EGY,Middle East & North Africa (excluding high income),77385958,139654222,0.3921037,2,45,2,4,2,2,1,0,1,0,0,0,4,4,1,4,0,1,3,1,1,2,1,2,2,,2,1,1,2,,,,,,,,,,,,,,,,,,,,,,,,,2,2,2,,,,2,2,2,,2,2,2,,2,2,2,,,2,5,2,3,2,,,,2,2,,4,1,2,,2,,2,,2,1,1,2,,,2,,,,,,,,,2,1,1,2,,,2,1,,2,,,,,,3,1,1,,,,,,,,,,,,,,1,,1,1,,1,,1,1,1,1,2,2,,2,1,,1,1,2,,1,1,1,1,1,2,2,2,,,,,,,,,,1,2,,,,,,,,,,,,,,
2024,"Egypt, Arab Rep.",EGY,Middle East & North Africa (excluding high income),77385958,139725008,0.720140576,1,55,1,5,2,2,1,0,1,0,1,0,4,4,1,4,0,2,3,1,2,,,,,,,,,,,,,,,,,,,,,,,,,,,,,,,,,,2,,2,,,,2,2,2,,2,,2,,2,2,1,,,2,2,1,2,2,,,,,,,,,,,2,,2,,2,1,2,2,,1,2,,,,,,,,,2,1,1,2,,,1,2,,2,,,,,,4,0,1,,,,,,,,,,,,,,2,2,1,2,,2,,,2,2,,2,2,,2,2,2,,,,,,,,,,,,,1,2,2,1,2,2,2,1,1,1,2,,,,,,,,,,,,,,
2024,"Egypt, Arab Rep.",EGY,Middle East & North Africa (excluding high income),77385958,139813953,0.939802614,1,42,1,2,2,1,0,0,0,0,0,0,4,4,4,4,0,4,3,0,2,,,,,,,,,,2,2,2,2,1,2,1,2,2,,,,,,,,,,,,,,,,2,,2,,,,2,2,2,,2,,2,,2,2,2,,,2,2,1,1,2,,,,,,,,,,,2,,2,,2,2,,,,,2,,,,,,,,,2,2,,,,,,,,2,,,,,,3,0,1,,,,,,,,,,,,,,2,2,1,1,,2,,,1,2,,2,2,,2,2,2,,,,,,,,,,,,,1,2,2,1,1,2,2,1,1,1,2,,,,,,,,,,,,,,
2024,"Egypt, Arab Rep.",EGY,Middle East & North Africa (excluding high income),77385958,139969044,2.889474023,2,27,3,3,1,1,0,0,0,0,1,1,4,4,4,2,0,2,3,0,2,,,,,,,,,,2,2,1,2,2,2,1,2,2,,,,,,,,,,,,,,,,2,,1,,,,,2,2,,2,,1,2,2,2,1,,,,2,1,2,2,,,,,,,,,,,2,,2,,2,1,2,2,,1,2,,,,,,,,,2,2,,,,,,,,1,2,2,1,,2,4,1,1,,,,,,,,,,,,,,1,,1,1,,1,,1,1,1,1,2,2,,2,1,,1,1,2,,1,1,1,1,1,2,2,2,,,,,,,,,,1,2,,,,,,,,,,,,,,
2024,"Egypt, Arab Rep.",EGY,Middle East & North Africa (excluding high income),77385958,140195321,1.44454801,1,34,3,2,2,1,0,0,0,0,0,0,4,4,4,4,0,2,3,0,2,,,,,,,,,,2,2,1,2,2,2,1,1,2,,,,,,,,,,,,,,,,2,,2,,,,2,2,2,,2,,2,,2,2,2,,,2,2,2,4,2,,,,,,,,,,,2,,2,,2,1,2,2,,1,2,,,,,,,,,2,2,,,,,,,,2,,,,,,4,1,1,,,,,,,,,,,,,,1,,2,1,,1,,1,1,1,1,2,2,,2,1,,1,1,1,,1,1,1,1,2,2,2,2,,,,,,,,,,1,2,,,,,,,,,,,,,,
2024,"Egypt, Arab Rep.",EGY,Middle East & North Africa (excluding high income),77385958,140630494,0.257212146,1,36,2,3,2,1,1,0,1,0,1,0,4,4,4,4,0,4,3,0,1,2,2,4,4,1,1,1,1,2,,,,,,,,,,,,,,,,,,,,,,,,,2,,2,,,,2,2,2,,2,,2,,2,2,1,,,2,2,1,3,2,,,,2,2,,1,2,2,,2,,2,,2,2,,,,,2,,,,,,,,,2,2,,,,,,,,2,,,,,,3,1,1,,,,,,,,,,,,,,1,,1,1,,1,,1,1,1,1,2,1,2,2,2,1,1,1,3,,2,2,1,1,2,2,2,2,,,,,,,,,,1,2,,,,,,,,,,,,,,
2024,"Egypt, Arab Rep.",EGY,Middle East & North Africa (excluding high income),77385958,140661677,0.720140576,1,70,1,5,2,2,1,0,1,0,0,0,4,1,1,4,0,2,3,1,1,2,1,2,2,,2,2,2,2,,,,,,,,,,,,,,,,,,,,,,,,,2,,2,,,,2,2,2,,2,,2,,2,2,2,,,2,2,2,4,2,,,,2,2,,4,2,2,,2,,2,,2,1,2,2,,1,2,,,,,,,,,1,1,1,2,,,2,2,,2,,,,,,3,0,1,,,,,,,,,,,,,,1,,1,1,,2,,,2,2,,2,2,,2,2,2,,,,,2,2,2,2,2,2,2,2,,,,,,,,,,1,2,,,,,,,,,,,,,,
2024,"Egypt, Arab Rep.",EGY,Middle East & North Africa (excluding high income),77385958,140665137,0.483718798,2,60,2,5,1,2,1,0,1,1,1,1,4,4,1,4,0,2,2,1,1,1,1,2,2,,2,1,2,1,,,,,,,,,,,,,,,,,,,,,,,,,2,,2,,,,1,2,2,,2,,1,,2,1,1,1,1,,2,3,1,2,,,,2,2,,4,2,2,,1,2,1,2,2,1,2,2,,1,2,,,,,,,,,2,1,1,2,,,1,2,,2,,,,,,3,1,1,,,,,,,,,,,,,,1,,1,1,,1,,1,2,1,1,2,2,,2,1,,2,1,3,,2,2,1,1,1,2,1,2,,,,,,,,,,1,2,,,,,,,,,,,,,,
2024,"Egypt, Arab Rep.",EGY,Middle East & North Africa (excluding high income),77385958,140706684,0.859353782,1,35,3,4,2,2,0,0,0,0,0,0,4,4,4,4,0,4,3,0,2,,,,,,,,,,2,2,2,2,2,2,1,2,2,,,,,,,,,,,,,,,,2,,2,,,,2,2,2,,2,,2,,2,2,2,,,2,2,3,1,2,,,,,,,,,,,2,,2,,2,2,,,,,2,,,,,,,,,2,2,,,,,,,,2,,,,,,4,1,1,,,,,,,,,,,,,,1,,1,1,,1,,1,1,1,1,2,2,,2,1,,1,2,,1,1,1,1,8,2,2,2,2,,,,,,,,,,1,2,,,,,,,,,,,,,,
2024,"Egypt, Arab Rep.",EGY,Middle East & North Africa (excluding high income),77385958,140710273,0.705696773,2,32,2,4,1,2,1,1,1,1,0,1,1,4,4,4,1,2,2,1,1,1,1,2,2,,1,1,1,2,,,,,,,,,,,,,,,,,,,,,,,,,1,1,2,2,1,2,,2,2,,2,2,2,,2,2,2,,,2,2,2,1,2,,,,2,1,2,,2,1,1,1,2,2,,2,1,2,2,,1,1,2,1,2,,,1,2,,2,2,,,,,,,,2,,,,,,4,1,1,,,,,,,,,,,,,,1,,1,1,,1,,1,4,1,1,2,2,,2,1,,1,1,3,,1,1,1,1,2,2,1,2,,,,,,,,,,1,2,,,,,,,,,,,,,,
2024,"Egypt, Arab Rep.",EGY,Middle East & North Africa (excluding high income),77385958,140774002,0.739868177,2,30,2,3,1,1,1,1,1,1,1,0,1,4,4,4,0,2,1,1,1,1,1,2,2,,2,1,1,2,,,,,,,,,,,,,,,,,,,,,,,,,2,2,2,,,,2,2,2,,2,2,1,,2,2,1,,,,7,,1,2,,,,2,2,,4,2,2,,1,1,1,2,2,1,2,2,,1,1,2,1,2,,,2,1,,2,2,,,,,,,,2,,,,,,4,1,1,,,,,,,,,,,,,,1,,1,1,,1,,1,4,1,1,2,2,,2,1,,1,2,,1,1,1,1,1,1,2,2,2,,,,,,,,,,1,2,,,,,,,,,,,,,,
2024,"Egypt, Arab Rep.",EGY,Middle East & North Africa (excluding high income),77385958,140822596,1.039838382,2,35,3,5,1,2,1,1,1,1,1,1,1,4,4,4,1,2,1,1,1,1,1,2,2,,1,1,1,2,,,,,,,,,,,,,,,,,,,,,,,,,1,1,2,2,2,2,,2,2,,2,1,1,,2,2,2,,,,2,2,2,2,,,,2,2,,4,2,1,3,1,1,1,1,2,1,2,2,,1,1,2,1,2,,,2,2,,2,2,,,,,,,,2,,,,,,4,1,1,,,,,,,,,,,,,,1,,1,1,,1,,1,2,2,,2,2,,2,1,,1,2,,1,1,1,1,1,1,2,1,2,,,,,,,,,,1,2,,,,,,,,,,,,,,
2024,"Egypt, Arab Rep.",EGY,Middle East & North Africa (excluding high income),77385958,140981993,1.304816096,2,66,1,5,2,2,1,1,1,1,1,0,4,4,1,4,0,1,3,1,1,2,2,2,2,,2,2,2,2,,,,,,,,,,,,,,,,,,,,,,,,,2,2,2,,,,2,2,2,,2,2,1,,2,2,2,,,,2,1,2,2,,,,2,2,,1,2,2,,2,,2,,2,1,1,2,,,2,,,,,,,,,2,1,1,2,,,1,2,,2,,,,,,4,0,1,,,,,,,,,,,,,,1,,1,1,,2,,,2,1,2,2,2,,2,2,2,,,,,1,2,2,2,2,2,2,2,,,,,,,,,,1,2,,,,,,,,,,,,,,
2024,"Egypt, Arab Rep.",EGY,Middle East & North Africa (excluding high income),77385958,141106764,0.941260162,1,21,2,1,1,2,1,0,1,1,0,0,2,4,4,4,0,4,3,0,1,1,2,3,3,1,2,1,1,2,,,,,,,,,,,,,,,,,,,,,,,,,2,2,2,,,,2,2,2,,2,2,2,,2,2,2,,,2,2,1,1,2,,,,2,2,,4,2,2,,2,,2,,2,2,,,,,1,2,2,2,1,,,,,2,2,,,,,,,,2,,,,,,5,1,1,,,,,,,,,,,,,,1,,1,1,,1,,1,4,1,1,2,2,,2,1,,1,1,3,,1,1,1,1,2,2,2,2,,,,,,,,,,1,2,,,,,,,,,,,,,,
2024,"Egypt, Arab Rep.",EGY,Middle East & North Africa (excluding high income),77385958,141358605,0.599244395,2,58,2,2,1,2,1,0,1,1,1,0,4,4,4,2,0,2,2,0,1,1,1,2,2,,2,2,1,2,,,,,,,,,,,,,,,,,,,,,,,,,2,,2,,,,2,2,2,,2,,1,,1,2,2,,,,2,1,2,2,,,,2,2,,4,2,2,,1,2,1,2,2,1,2,2,,1,2,,,,,,,,,2,2,,,,,,,,1,2,2,1,,2,5,0,1,,,,,,,,,,,,,,2,2,1,1,,1,,2,2,2,,2,2,,2,2,2,,,,,,,,,,,,,1,2,1,2,2,2,2,2,1,1,2,,,,,,,,,,,,,,
2024,"Egypt, Arab Rep.",EGY,Middle East & North Africa (excluding high income),77385958,141614886,0.257212146,1,36,2,4,2,2,0,0,0,0,1,0,4,4,4,4,0,2,3,0,2,,,,,,,,,,2,2,1,2,2,2,2,2,1,,,,,,,,,,,,,,,,2,,2,,,,2,2,2,,2,,1,,2,2,2,,,,7,,4,2,,,,,,,,,,,2,,2,,2,1,2,2,,1,2,,,,,,,,,2,2,,,,,,,,2,,,,,,4,1,1,,,,,,,,,,,,,,1,,1,1,,1,,1,3,1,1,2,2,,2,1,,1,1,3,,1,1,1,2,2,2,2,2,,,,,,,,,,1,2,,,,,,,,,,,,,,
2024,"Egypt, Arab Rep.",EGY,Middle East & North Africa (excluding high income),77385958,141706736,1.301386247,1,58,1,2,1,1,0,0,0,0,0,0,4,4,4,4,0,2,3,0,2,,,,,,,,,,2,2,2,2,2,2,1,2,2,,,,,,,,,,,,,,,,2,,2,,,,2,2,2,,2,,2,,2,2,2,,,2,2,1,1,2,,,,,,,,,,,2,,2,,2,1,2,2,,1,2,,,,,,,,,2,2,,,,,,,,2,,,,,,4,0,2,1,2,2,2,2,2,1,1,1,2,2,2,,,,,,,,,,,,,,,,,2,2,,,,,,,,,,,,,,,,,,,,,,1,2,,,,,,,,,,,,,,
2024,"Egypt, Arab Rep.",EGY,Middle East & North Africa (excluding high income),77385958,141761757,0.316039725,2,75,2,5,2,2,1,0,1,0,0,0,4,4,1,4,0,2,3,1,1,2,1,2,2,,2,1,2,2,,,,,,,,,,,,,,,,,,,,,,,,,2,,2,,,,2,2,2,,2,,2,,2,2,2,,,2,7,,4,2,,,,2,2,,4,2,2,,2,,2,,2,1,2,2,,1,2,,,,,,,,,2,1,1,2,,,1,2,,2,,,,,,1,0,1,,,,,,,,,,,,,,2,2,1,1,,1,,2,3,2,,2,2,,2,2,2,,,,,,,,,,,,,2,2,2,2,2,2,2,1,8,1,2,,,,,,,,,,,,,,
2024,"Egypt, Arab Rep.",EGY,Middle East & North Africa (excluding high income),77385958,141783334,1.018617326,2,21,2,1,2,1,0,0,0,0,0,0,2,4,4,4,0,4,3,0,2,,,,,,,,,,2,2,1,2,2,2,1,2,2,,,,,,,,,,,,,,,,2,,2,,,,2,2,2,,2,,2,,2,2,2,,,2,2,1,2,2,,,,,,,,,,,2,,2,,2,2,,,,,1,2,2,2,1,,,,,2,2,,,,,,,,2,,,,,,3,0,1,,,,,,,,,,,,,,1,,2,1,,1,,1,2,1,1,2,2,,2,2,2,,,,,2,2,2,2,2,2,2,2,,,,,,,,,,1,2,,,,,,,,,,,,,,
2024,"Egypt, Arab Rep.",EGY,Middle East & North Africa (excluding high income),77385958,141973925,0.841816061,1,23,2,3,2,1,0,0,0,0,0,0,4,4,4,4,0,4,3,0,2,,,,,,,,,,2,2,1,2,2,1,1,2,2,,,,,,,,,,,,,,,,2,,2,,,,2,2,2,,2,,2,,2,2,2,,,2,2,2,3,2,,,,,,,,,,,2,,2,,2,2,,,,,2,,,,,,,,,2,2,,,,,,,,2,,,,,,4,1,1,,,,,,,,,,,,,,1,,1,1,,1,,1,4,1,1,2,2,,2,1,,1,1,3,,1,1,1,1,1,2,2,2,,,,,,,,,,1,2,,,,,,,,,,,,,,
2024,"Egypt, Arab Rep.",EGY,Middle East & North Africa (excluding high income),77385958,142023241,0.257212146,1,42,2,1,2,2,0,0,0,0,1,1,4,4,4,4,0,2,3,0,2,,,,,,,,,,2,2,1,2,2,2,2,1,2,,,,,,,,,,,,,,,,2,2,1,,,,,2,2,,2,2,1,1,1,2,1,,,,5,2,2,1,2,2,2,2,2,,4,2,1,2,2,,2,,1,1,2,2,,1,2,,,,,,,,,2,2,,,,,,,,2,,,,,,5,1,1,,,,,,,,,,,,,,1,,1,1,,1,,1,4,1,1,2,2,,1,1,,1,1,3,,1,1,1,1,1,2,2,2,,,,,,,,,,1,2,,,,,,,,,,,,,,
2024,"Egypt, Arab Rep.",EGY,Middle East & North Africa (excluding high income),77385958,142178972,0.747381232,1,18,2,3,2,2,1,1,1,1,0,1,4,4,4,4,0,4,1,1,1,1,2,3,3,1,1,1,1,2,,,,,,,,,,,,,,,,,,,,,,,,,2,1,2,2,2,2,,2,2,,2,2,2,,2,2,2,,,2,1,3,1,2,,,,2,2,,1,2,2,,2,,1,1,2,2,,,,,2,,,,,,,,,2,2,,,,,,,,2,,,,,,5,1,1,,,,,,,,,,,,,,1,,1,1,,1,,1,4,1,1,1,1,2,2,1,,1,1,1,,1,1,1,1,1,2,2,2,,,,,,,,,,1,2,,,,,,,,,,,,,,
2024,"Egypt, Arab Rep.",EGY,Middle East & North Africa (excluding high income),77385958,142316639,1.107211334,1,53,1,5,2,2,0,0,0,0,1,1,4,4,4,4,0,4,3,0,2,,,,,,,,,,2,2,2,2,3,2,1,2,2,,,,,,,,,,,,,,,,2,,2,,,,1,2,2,,2,,1,,2,2,2,,,,5,2,2,2,,,,,,,,,,,2,,2,,2,2,,,,,2,,,,,,,,,2,2,,,,,,,,2,,,,,,4,0,1,,,,,,,,,,,,,,2,2,2,1,,2,,,3,2,,2,2,,2,2,2,,,,,,,,,,,,,1,2,2,1,2,2,2,1,8,1,2,,,,,,,,,,,,,,
2024,"Egypt, Arab Rep.",EGY,Middle East & North Africa (excluding high income),77385958,142349890,0.321321753,1,39,2,4,2,2,0,0,0,0,0,0,4,4,4,4,0,4,3,0,2,,,,,,,,,,2,2,1,2,2,2,1,1,2,,,,,,,,,,,,,,,,2,,2,,,,2,2,2,,2,,2,,2,2,2,,,2,2,3,2,2,,,,,,,,,,,2,,2,,2,2,,,,,2,,,,,,,,,2,2,,,,,,,,2,,,,,,3,1,1,,,,,,,,,,,,,,1,,1,1,,1,,1,2,1,2,2,2,,2,1,,1,1,3,,1,2,1,2,2,2,2,2,,,,,,,,,,1,2,,,,,,,,,,,,,,
2024,"Egypt, Arab Rep.",EGY,Middle East & North Africa (excluding high income),77385958,142357995,1.619656096,2,47,1,1,1,1,0,0,0,0,1,0,4,4,4,4,0,2,3,0,2,,,,,,,,,,2,2,1,2,2,2,1,2,2,,,,,,,,,,,,,,,,2,,2,,,,2,2,2,,1,,1,,2,2,1,,,,4,1,1,2,,,,,,,,,,,2,,2,,2,1,2,2,,1,2,,,,,,,,,2,2,,,,,,,,2,,,,,,3,0,1,,,,,,,,,,,,,,2,2,1,1,,1,,2,2,2,,2,2,,2,2,2,,,,,,,,,,,,,1,2,2,2,2,2,2,1,1,1,2,,,,,,,,,,,,,,
2024,"Egypt, Arab Rep.",EGY,Middle East & North Africa (excluding high income),77385958,142471172,1.013065205,1,23,2,3,2,2,1,0,1,1,1,1,4,4,4,4,0,2,3,1,1,1,2,3,3,1,1,1,1,1,,,,,,,,,,,,,,,,,,,,,,,,,1,,2,3,1,2,,2,2,,2,,2,,2,2,2,1,1,,1,3,1,2,,,,2,2,,1,2,2,,2,,2,,2,1,2,2,,1,2,,,,,,,,,2,2,,,,,,,,2,,,,,,3,1,1,,,,,,,,,,,,,,1,,1,1,,1,,1,1,1,1,2,2,,2,2,1,1,1,3,,1,1,1,1,1,2,2,2,,,,,,,,,,1,2,,,,,,,,,,,,,,
2024,"Egypt, Arab Rep.",EGY,Middle East & North Africa (excluding high income),77385958,142551125,0.547214511,1,34,2,4,2,2,0,0,0,0,1,0,4,4,4,4,0,2,3,0,2,,,,,,,,,,2,2,1,2,2,2,2,2,2,,,,,,,,,,,,,,,,2,,2,,,,2,2,2,,2,,1,,2,2,1,,,,2,2,1,2,,,,,,,,,,,2,,2,,1,1,2,2,,1,2,,,,,,,,,2,2,,,,,,,,2,,,,,,5,1,1,,,,,,,,,,,,,,1,,1,1,,1,,1,1,1,1,2,2,,2,1,,1,1,3,,2,1,2,2,2,2,2,2,,,,,,,,,,1,2,,,,,,,,,,,,,,
2024,"Egypt, Arab Rep.",EGY,Middle East & North Africa (excluding high income),77385958,142624519,1.617509026,1,59,1,5,2,2,0,0,0,0,0,0,4,4,4,4,0,2,3,0,2,,,,,,,,,,2,2,1,2,2,2,2,2,2,,,,,,,,,,,,,,,,2,,2,,,,2,2,2,,2,,2,,2,2,3,,,2,2,1,2,2,,,,,,,,,,,2,,2,,2,1,2,2,,1,2,,,,,,,,,2,2,,,,,,,,2,,,,,,4,1,1,,,,,,,,,,,,,,1,,1,1,,1,,1,2,1,1,2,2,,2,1,,1,1,4,,1,1,2,2,2,2,2,2,,,,,,,,,,1,2,,,,,,,,,,,,,,
2024,"Egypt, Arab Rep.",EGY,Middle East & North Africa (excluding high income),77385958,142815741,0.732112245,2,36,3,5,1,2,1,0,1,0,0,0,1,1,4,4,0,2,3,1,1,2,1,2,2,,1,1,2,2,,,,,,,,,,,,,,,,,,,,,,,,,2,,2,,,,2,2,2,,2,,2,,2,2,2,,,2,2,2,2,2,,,,2,2,,4,2,2,,2,,2,,2,1,2,2,,1,1,1,1,2,,,2,1,,1,2,1,2,,,1,2,,2,,,,,,4,1,1,,,,,,,,,,,,,,1,,2,1,,1,,1,2,1,1,2,1,2,1,1,,1,2,,1,1,1,1,2,2,2,2,2,,,,,,,,,,1,2,,,,,,,,,,,,,,
2024,"Egypt, Arab Rep.",EGY,Middle East & North Africa (excluding high income),77385958,142890710,1.413277444,2,56,1,4,1,1,0,0,0,0,0,0,2,4,4,4,0,2,3,0,2,,,,,,,,,,2,2,1,2,2,2,1,2,2,,,,,,,,,,,,,,,,2,,2,,,,2,2,2,,2,,2,,2,2,2,,,2,2,1,4,2,,,,,,,,,,,2,,2,,2,1,2,2,,1,1,2,2,2,1,,,,,2,2,,,,,,,,2,,,,,,3,0,2,1,2,2,1,2,2,1,1,1,1,2,2,,,,,,,,,,,,,,,,,2,2,,,,,,,,,,,,,,,,,,,,,,1,2,,,,,,,,,,,,,,
2024,"Egypt, Arab Rep.",EGY,Middle East & North Africa (excluding high income),77385958,142954244,1.077821377,2,27,2,5,2,1,0,1,1,1,1,0,4,4,4,4,0,4,3,1,2,,,,,,,,,,2,2,1,2,2,2,1,1,2,,,,,,,,,,,,,,,,2,2,2,,,,2,2,2,,2,2,1,,2,2,2,,,,2,2,2,2,,,,2,2,,1,2,2,,2,,2,,2,2,,,,,2,,,,,,,,,2,2,,,,,,,,2,,,,,,3,1,2,1,2,1,2,2,2,2,1,1,2,1,2,,,,,,,,,,,,,,,,,2,1,2,1,3,,1,1,1,1,1,2,1,2,,,,,,,,,,1,2,,,,,,,,,,,,,,
2024,"Egypt, Arab Rep.",EGY,Middle East & North Africa (excluding high income),77385958,143102272,0.662142488,2,27,2,3,1,2,0,0,0,0,0,0,4,4,4,4,0,2,3,0,2,,,,,,,,,,2,1,1,2,2,2,1,2,2,,,,,,,,,,,,,,,,2,,2,,,,2,2,2,,2,,2,,2,2,2,,,2,4,2,2,2,,,,,,,,,,,2,,2,,2,1,2,2,,1,2,,,,,,,,,2,2,,,,,,,,2,,,,,,3,1,1,,,,,,,,,,,,,,1,,1,1,,1,,1,1,2,,2,2,,2,1,,1,1,3,,1,1,1,1,2,2,2,1,,,,,,,,,,1,2,,,,,,,,,,,,,,
2024,"Egypt, Arab Rep.",EGY,Middle East & North Africa (excluding high income),77385958,143151961,0.590290295,1,25,2,3,2,1,0,0,0,0,0,0,4,4,4,4,0,4,3,0,2,,,,,,,,,,2,2,2,2,2,2,1,2,2,,,,,,,,,,,,,,,,2,,2,,,,2,2,2,,2,,2,,2,2,2,,,2,2,2,1,2,,,,,,,,,,,2,,2,,2,2,,,,,2,,,,,,,,,2,2,,,,,,,,2,,,,,,4,1,1,,,,,,,,,,,,,,1,,2,1,,1,,1,2,2,,1,2,,2,2,1,1,1,3,,1,1,1,1,2,2,2,2,,,,,,,,,,1,2,,,,,,,,,,,,,,
2024,"Egypt, Arab Rep.",EGY,Middle East & North Africa (excluding high income),77385958,143256099,0.321321753,1,35,2,3,2,2,1,0,1,0,1,0,4,1,4,4,0,4,2,1,1,2,1,2,2,,2,1,2,2,,,,,,,,,,,,,,,,,,,,,,,,,2,,2,,,,2,2,2,,1,,2,,2,2,1,,,,2,1,4,2,,,,2,2,,4,2,2,,2,,1,2,2,2,,,,,2,,,,,,,,,1,2,1,2,,,1,2,,2,,,,,,3,0,2,1,2,2,2,2,2,1,1,1,1,1,2,,,,,,,,,,,,,,,,,2,2,,,,,,,,,,,,,,,,,,,,,,1,2,,,,,,,,,,,,,,
2024,"Egypt, Arab Rep.",EGY,Middle East & North Africa (excluding high income),77385958,143304754,0.494759552,1,16,2,4,2,1,0,0,0,0,0,0,4,4,4,4,0,4,3,0,2,,,,,,,,,,2,2,2,2,2,2,1,2,2,,,,,,,,,,,,,,,,2,,2,,,,2,2,2,,2,,2,,2,2,2,,,2,7,,4,2,,,,,,,,,,,2,,2,,2,2,,,,,2,,,,,,,,,2,2,,,,,,,,2,,,,,,4,1,1,,,,,,,,,,,,,,1,,2,1,,1,,1,2,1,1,1,2,,1,1,,2,1,2,,1,1,1,1,1,2,1,2,,,,,,,,,,1,2,,,,,,,,,,,,,,
2024,"Egypt, Arab Rep.",EGY,Middle East & North Africa (excluding high income),77385958,143310378,0.890861215,2,27,2,5,1,1,1,0,1,1,0,0,1,4,4,4,0,4,3,1,1,1,1,2,2,,2,1,2,1,,,,,,,,,,,,,,,,,,,,,,,,,2,,2,,,,2,2,2,,2,,2,,2,2,2,2,,2,2,2,1,2,,,,2,2,,4,2,2,,2,,2,,2,2,,,,,1,2,2,2,2,1,2,1,,2,2,,,,,,,,2,,,,,,3,1,1,,,,,,,,,,,,,,1,,1,1,,1,,1,4,1,1,2,2,,2,1,,2,1,2,,1,1,1,2,2,2,2,2,,,,,,,,,,1,2,,,,,,,,,,,,,,
2024,"Egypt, Arab Rep.",EGY,Middle East & North Africa (excluding high income),77385958,143315555,0.671279874,2,34,2,3,1,2,1,0,1,1,1,0,1,4,4,4,0,2,2,1,1,1,1,2,2,,2,1,2,2,,,,,,,,,,,,,,,,,,,,,,,,,2,,2,,,,2,2,2,,2,,1,,1,2,1,,,,2,1,1,2,,,,2,2,,4,2,2,,2,,1,2,2,1,2,2,,1,1,2,1,2,,,2,1,,2,2,,,,,,,,2,,,,,,4,1,1,,,,,,,,,,,,,,1,,1,1,,1,,1,2,1,1,2,1,2,2,1,,1,1,3,,2,1,1,1,2,2,2,2,,,,,,,,,,1,2,,,,,,,,,,,,,,
2024,"Egypt, Arab Rep.",EGY,Middle East & North Africa (excluding high income),77385958,143339253,2.578466098,2,26,1,5,1,2,0,0,0,0,0,1,2,4,4,4,0,2,2,0,2,,,,,,,,,,2,2,1,2,2,2,1,2,2,,,,,,,,,,,,,,,,2,,1,,,,,2,2,,2,,2,2,2,2,2,,,2,2,2,4,2,,,,,,,,,,,1,2,1,2,2,1,2,2,,1,1,2,2,2,1,,,,,2,2,,,,,,,,2,,,,,,3,1,1,,,,,,,,,,,,,,1,,1,1,,1,,1,4,1,1,2,1,2,2,1,,1,1,3,,1,1,1,1,2,2,1,2,,,,,,,,,,1,2,,,,,,,,,,,,,,
2024,"Egypt, Arab Rep.",EGY,Middle East & North Africa (excluding high income),77385958,143654015,0.705696773,2,34,2,2,1,1,1,1,1,1,1,0,1,4,4,4,1,2,3,1,1,1,1,2,2,,2,1,1,1,,,,,,,,,,,,,,,,,,,,,,,,,2,2,2,,,,2,2,2,,2,2,2,,2,2,2,1,2,,2,1,1,2,,,,2,1,3,,2,1,3,2,,2,,2,1,2,2,,1,1,1,1,2,,,2,2,,2,2,,,,,,,,2,,,,,,3,1,1,,,,,,,,,,,,,,1,,1,1,,1,,1,4,1,1,2,2,,2,1,,1,1,3,,1,1,1,1,1,2,2,2,,,,,,,,,,1,2,,,,,,,,,,,,,,
2024,"Egypt, Arab Rep.",EGY,Middle East & North Africa (excluding high income),77385958,143658557,2.023511991,2,60,1,4,2,2,1,1,1,1,1,1,4,1,1,4,0,2,1,1,1,1,1,4,2,,2,1,1,2,,,,,,,,,,,,,,,,,,,,,,,,,2,1,2,3,2,2,,2,2,,2,1,1,,2,2,2,,,,2,3,3,2,,,,2,2,,4,2,2,,1,1,1,1,2,1,2,2,,1,2,,,,,,,,,1,1,1,2,,,1,2,,2,,,,,,4,1,1,,,,,,,,,,,,,,1,,1,1,,1,,1,1,1,1,2,2,,2,1,,1,1,3,,1,1,1,1,2,2,1,2,,,,,,,,,,1,2,,,,,,,,,,,,,,
2024,"Egypt, Arab Rep.",EGY,Middle East & North Africa (excluding high income),77385958,143792566,0.841816061,1,17,2,1,2,1,0,0,0,0,1,0,4,4,4,4,0,4,3,0,2,,,,,,,,,,2,2,1,2,1,2,1,2,2,,,,,,,,,,,,,,,,2,,2,,,,2,2,2,,2,,2,,2,2,1,,,2,2,1,1,2,,,,,,,,,,,2,,2,,2,2,,,,,2,,,,,,,,,2,2,,,,,,,,2,,,,,,3,0,2,2,2,2,2,1,2,1,5,1,2,2,1,,,,,,,,,,,,,,,,,2,2,,,,,,,,,,,,,,,,,,,,,,2,,2,2,1,1,2,2,2,2,2,2,2,2,,
2024,"Egypt, Arab Rep.",EGY,Middle East & North Africa (excluding high income),77385958,143823222,1.05926435,2,17,2,2,1,2,0,0,0,0,1,1,2,4,4,4,0,4,1,0,2,,,,,,,,,,2,2,1,2,1,2,1,2,2,,,,,,,,,,,,,,,,2,2,2,,,,1,2,2,,2,2,1,,2,2,2,,,,7,,2,2,,,,2,2,,4,2,2,,1,1,1,1,2,2,,,,,1,2,2,2,1,,,,,2,2,,,,,,,,2,,,,,,3,0,1,,,,,,,,,,,,,,2,2,1,1,,1,,2,1,2,,2,2,,2,2,2,,,,,,,,,,,,,1,2,2,2,2,2,2,2,1,1,2,,,,,,,,,,,,,,
2024,"Egypt, Arab Rep.",EGY,Middle East & North Africa (excluding high income),77385958,143833953,1.362683069,1,23,2,2,2,1,0,0,0,0,1,0,4,4,4,4,0,2,3,0,2,,,,,,,,,,2,2,2,2,2,2,2,2,2,,,,,,,,,,,,,,,,2,,2,,,,2,2,2,,2,,1,,2,2,2,,,,2,1,4,2,,,,,,,,,,,2,,2,,2,1,2,2,,1,2,,,,,,,,,2,2,,,,,,,,2,,,,,,4,0,2,1,1,2,2,2,2,2,1,2,,,,1,,,,,,,,,,,,,,,,2,2,,,,,,,,,,,,,,,,,,,,,,1,2,,,,,,,,,,,,,,
2024,"Egypt, Arab Rep.",EGY,Middle East & North Africa (excluding high income),77385958,143898765,0.257212146,2,45,2,4,1,1,1,0,1,0,0,1,1,4,4,4,0,2,3,1,1,2,1,2,2,,2,1,2,2,,,,,,,,,,,,,,,,,,,,,,,,,2,,1,,,,,2,2,,2,,2,2,2,2,2,,,2,3,3,3,2,,,,2,2,,1,2,2,,2,,2,,1,1,2,2,,1,1,1,1,2,,,2,2,,2,2,,,,,,,,2,,,,,,6,1,1,,,,,,,,,,,,,,1,,1,1,,1,,1,1,1,1,2,2,,2,1,,1,1,3,,1,1,1,1,1,2,1,2,,,,,,,,,,1,2,,,,,,,,,,,,,,
2024,"Egypt, Arab Rep.",EGY,Middle East & North Africa (excluding high income),77385958,143956801,0.976769156,1,38,1,1,1,2,0,0,0,0,1,1,2,3,4,4,0,2,2,0,2,,,,,,,,,,2,1,2,2,2,2,1,1,1,,,,,,,,,,,,,,,,2,,1,,,,,2,2,,2,,1,1,1,2,1,,,,2,1,1,2,,,,,,,,,,,1,2,1,2,2,1,2,2,,1,1,2,2,2,1,,,,,1,2,2,2,2,2,,,,2,,,,,,5,0,2,1,2,2,2,2,2,1,1,1,2,2,1,,,,,,,,,,,,,,,,,2,2,,,,,,,,,,,,,,,,,,,,,,1,2,,,,,,,,,,,,,,
2024,"Egypt, Arab Rep.",EGY,Middle East & North Africa (excluding high income),77385958,144114389,1.349522324,1,33,3,4,1,2,0,0,0,0,1,1,4,4,4,4,0,2,2,0,2,,,,,,,,,,2,2,1,2,2,2,1,2,2,,,,,,,,,,,,,,,,2,,1,,,,,2,2,,2,,1,1,2,2,2,,,,2,1,2,2,,,,,,,,,,,1,2,1,2,2,1,2,2,,1,2,,,,,,,,,2,2,,,,,,,,2,,,,,,4,1,1,,,,,,,,,,,,,,1,,1,1,,1,,1,1,1,1,2,1,2,2,1,,1,1,3,,1,1,1,1,1,2,2,2,,,,,,,,,,1,2,,,,,,,,,,,,,,
2024,"Egypt, Arab Rep.",EGY,Middle East & North Africa (excluding high income),77385958,144288746,2.153141907,1,40,1,3,2,1,0,0,0,0,1,0,4,4,4,4,0,2,2,0,2,,,,,,,,,,2,2,2,1,2,2,1,2,2,,,,,,,,,,,,,,,,2,,2,,,,2,2,2,,2,,1,,1,2,1,,,,7,,1,2,,,,,,,,,,,2,,1,2,2,1,2,2,,1,2,,,,,,,,,2,2,,,,,,,,2,,,,,,4,0,2,1,1,2,1,2,2,2,1,2,,,,1,,,,,,,,,,,,,,,,2,2,,,,,,,,,,,,,,,,,,,,,,1,2,,,,,,,,,,,,,,
2024,"Egypt, Arab Rep.",EGY,Middle East & North Africa (excluding high income),77385958,144695677,0.579663162,2,26,2,5,1,2,0,0,0,0,0,0,4,4,4,4,0,2,3,0,2,,,,,,,,,,2,2,1,2,2,2,1,2,2,,,,,,,,,,,,,,,,2,,2,,,,2,2,2,,2,,2,,2,2,2,,,2,3,2,4,2,,,,,,,,,,,2,,2,,2,1,2,2,,1,2,,,,,,,,,2,2,,,,,,,,2,,,,,,2,1,1,,,,,,,,,,,,,,1,,2,1,,1,,1,1,1,1,2,1,2,2,1,,1,1,1,,1,1,1,1,2,2,2,2,,,,,,,,,,1,2,,,,,,,,,,,,,,
2024,"Egypt, Arab Rep.",EGY,Middle East & North Africa (excluding high income),77385958,144751774,0.786694183,1,48,1,4,2,2,1,0,1,1,1,1,4,4,4,4,0,2,2,0,1,1,2,2,2,,2,1,2,2,,,,,,,,,,,,,,,,,,,,,,,,,2,,1,,,,,2,2,,2,,1,1,2,2,1,,,,2,1,2,2,,,,2,2,,4,2,2,,1,2,1,2,2,1,2,2,,1,2,,,,,,,,,2,2,,,,,,,,2,,,,,,4,0,1,,,,,,,,,,,,,,2,2,2,1,,2,,,2,2,,1,2,,2,2,2,,,,,,,,,,,,,1,2,2,1,2,2,2,2,1,1,2,,,,,,,,,,,,,,
2024,"Egypt, Arab Rep.",EGY,Middle East & North Africa (excluding high income),77385958,144782568,0.257212146,1,49,2,2,2,2,0,0,0,0,0,0,4,4,4,4,0,4,3,0,2,,,,,,,,,,2,2,1,2,1,2,1,2,2,,,,,,,,,,,,,,,,2,,2,,,,2,2,2,,2,,2,,2,2,2,,,2,7,,4,2,,,,,,,,,,,2,,2,,2,2,,,,,2,,,,,,,,,2,2,,,,,,,,2,,,,,,5,1,1,,,,,,,,,,,,,,1,,1,1,,1,,1,2,1,1,2,2,,2,1,,2,1,3,,1,1,1,2,2,2,2,2,,,,,,,,,,1,2,,,,,,,,,,,,,,
2024,"Egypt, Arab Rep.",EGY,Middle East & North Africa (excluding high income),77385958,144826393,0.597086836,1,34,2,5,1,2,1,0,1,0,1,1,2,4,4,4,0,2,3,1,1,2,2,3,3,1,1,1,1,1,,,,,,,,,,,,,,,,,,,,,,,,,1,,2,3,1,2,,2,2,,2,,1,,2,2,1,1,1,,2,2,2,2,,,,2,2,,1,2,2,,2,,2,,2,1,2,2,,1,1,1,2,2,1,,,,,2,2,,,,,,,,2,,,,,,4,1,1,,,,,,,,,,,,,,1,,1,1,,1,,1,1,1,1,1,2,,2,1,,1,1,3,,1,1,1,1,1,2,1,1,,,,,,,,,,1,2,,,,,,,,,,,,,,
2024,"Egypt, Arab Rep.",EGY,Middle East & North Africa (excluding high income),77385958,144887969,2.889474023,2,32,1,4,1,1,0,0,0,0,1,0,2,4,4,2,0,2,2,0,2,,,,,,,,,,2,2,2,1,1,2,1,2,1,,,,,,,,,,,,,,,,2,,2,,,,2,2,2,,2,,1,,1,2,1,,,,5,1,4,2,,,,,,,,,,,2,,1,2,2,1,2,2,,1,1,2,2,2,1,,,,,2,2,,,,,,,,1,2,2,1,,2,4,0,1,,,,,,,,,,,,,,2,2,1,1,,2,,,2,2,,2,2,,2,2,2,,,,,,,,,,,,,1,2,2,1,2,2,2,1,4,1,2,,,,,,,,,,,,,,
2024,"Egypt, Arab Rep.",EGY,Middle East & North Africa (excluding high income),77385958,144926002,1.150884614,2,56,1,3,2,1,1,0,1,0,0,0,4,1,4,4,0,2,3,1,1,2,1,2,2,,2,1,2,2,,,,,,,,,,,,,,,,,,,,,,,,,2,,2,,,,2,2,2,,2,,2,,2,2,2,,,2,7,,4,2,,,,2,2,,4,1,2,,2,,2,,2,1,2,2,,1,2,,,,,,,,,1,2,1,2,,,1,2,,2,,,,,,3,0,1,,,,,,,,,,,,,,2,2,1,1,,2,,,2,2,,2,2,,2,2,2,,,,,,,,,,,,,1,2,2,1,2,2,2,1,4,1,2,,,,,,,,,,,,,,
2024,"Egypt, Arab Rep.",EGY,Middle East & North Africa (excluding high income),77385958,145049622,1.042195423,1,42,3,4,2,2,1,0,1,0,0,0,4,4,4,4,0,2,3,0,1,2,2,4,4,1,1,1,2,2,,,,,,,,,,,,,,,,,,,,,,,,,2,,2,,,,2,2,2,,2,,2,,2,2,2,,,2,5,2,4,1,2,1,2,2,2,,4,2,2,,2,,2,,2,1,2,2,,1,2,,,,,,,,,2,2,,,,,,,,2,,,,,,5,1,2,1,2,2,2,2,2,2,1,2,,,,1,,,,,,,,,,,,,,,,1,,2,2,,1,2,2,1,1,1,2,1,2,,,,,,,,,,1,2,,,,,,,,,,,,,,
2024,"Egypt, Arab Rep.",EGY,Middle East & North Africa (excluding high income),77385958,145058624,0.262278606,2,49,2,4,1,1,0,0,0,0,1,0,2,4,4,4,0,4,3,0,2,,,,,,,,,,2,2,1,2,2,2,1,2,2,,,,,,,,,,,,,,,,2,,2,,,,2,2,2,,2,,2,,2,2,1,,,2,4,2,2,2,,,,,,,,,,,2,,2,,2,2,,,,,1,2,2,2,1,,,,,2,2,,,,,,,,2,,,,,,4,0,2,1,2,2,2,2,2,2,1,2,,,,1,,,,,,,,,,,,,,,,2,2,,,,,,,,,,,,,,,,,,,,,,1,2,,,,,,,,,,,,,,
2024,"Egypt, Arab Rep.",EGY,Middle East & North Africa (excluding high income),77385958,145066862,1.431524872,1,55,1,5,2,2,0,0,0,0,1,0,4,4,4,4,0,2,3,0,2,,,,,,,,,,2,2,2,2,2,2,1,2,2,,,,,,,,,,,,,,,,2,,2,,,,2,2,2,,2,,1,,1,2,2,,,,2,1,5,2,,,,,,,,,,,2,,2,,2,1,2,2,,1,2,,,,,,,,,2,2,,,,,,,,2,,,,,,5,0,1,,,,,,,,,,,,,,2,2,1,2,,2,,,2,2,,2,2,,2,2,2,,,,,,,,,,,,,2,2,8,1,2,2,2,1,4,1,2,,,,,,,,,,,,,,
2024,"Egypt, Arab Rep.",EGY,Middle East & North Africa (excluding high income),77385958,145162381,1.387819937,1,47,1,3,1,2,0,1,1,1,1,1,4,4,4,4,0,2,1,1,2,,,,,,,,,,2,1,2,2,2,2,1,2,2,,,,,,,,,,,,,,,,2,1,1,3,2,2,,2,2,,2,2,1,1,1,1,2,,,,2,1,4,2,,,,2,2,,1,2,2,,1,1,1,1,2,1,2,2,,1,2,,,,,,,,,2,2,,,,,,,,2,,,,,,4,1,1,,,,,,,,,,,,,,1,,1,1,,1,,1,1,1,2,2,1,2,1,1,,1,1,3,,1,1,1,1,2,2,2,2,,,,,,,,,,1,2,,,,,,,,,,,,,,
2024,"Egypt, Arab Rep.",EGY,Middle East & North Africa (excluding high income),77385958,145239293,1.632953901,2,29,3,1,1,2,1,0,1,1,0,0,1,4,4,4,0,4,3,1,1,1,1,2,2,,2,1,2,2,,,,,,,,,,,,,,,,,,,,,,,,,2,2,2,,,,2,2,2,,2,2,2,,2,2,2,,,2,2,2,1,2,,,,2,2,,4,2,2,,2,,2,,2,2,,,,,1,2,1,2,,,2,1,,2,2,,,,,,,,2,,,,,,3,1,1,,,,,,,,,,,,,,1,,1,1,,1,,1,2,1,1,2,2,,2,1,,1,1,2,,1,1,1,1,2,2,2,2,,,,,,,,,,1,2,,,,,,,,,,,,,,
2024,"Egypt, Arab Rep.",EGY,Middle East & North Africa (excluding high income),77385958,145249416,1.292389748,1,50,1,3,2,2,1,0,1,0,1,0,4,1,4,4,0,4,3,1,1,2,1,2,2,,2,1,2,2,,,,,,,,,,,,,,,,,,,,,,,,,2,,2,,,,2,2,2,,2,,1,,1,2,1,,,,4,1,1,2,,,,2,2,,4,2,2,,2,,2,,2,2,,,,,2,,,,,,,,,1,2,1,2,,,1,2,,2,,,,,,3,0,1,,,,,,,,,,,,,,2,2,2,1,,1,,2,2,2,,2,1,2,2,2,2,,,,,,,,,,,,,1,2,2,2,2,2,2,2,1,1,2,,,,,,,,,,,,,,
2024,"Egypt, Arab Rep.",EGY,Middle East & North Africa (excluding high income),77385958,145311220,1.242511147,2,43,1,2,1,2,0,0,0,0,0,0,2,4,4,4,0,2,3,0,2,,,,,,,,,,2,2,3,2,2,2,1,2,2,,,,,,,,,,,,,,,,2,,2,,,,2,2,2,,2,,2,,2,2,2,,,2,5,1,4,2,,,,,,,,,,,2,,2,,2,1,2,2,,1,1,2,2,2,1,,,,,2,2,,,,,,,,2,,,,,,4,0,1,,,,,,,,,,,,,,2,2,1,1,,2,,,2,2,,1,2,,2,2,2,,,,,,,,,,,,,1,2,2,1,2,2,2,2,1,1,2,,,,,,,,,,,,,,
2024,"Egypt, Arab Rep.",EGY,Middle East & North Africa (excluding high income),77385958,145344855,0.695647474,2,55,2,4,1,2,1,0,1,1,0,0,1,4,4,4,0,2,3,1,1,1,1,2,2,,2,1,2,1,,,,,,,,,,,,,,,,,,,,,,,,,2,,2,,,,2,2,2,,2,,2,,2,2,2,2,,2,7,,1,2,,,,2,2,,4,2,2,,2,,2,,2,1,2,2,,1,1,1,2,2,2,1,2,1,,2,2,,,,,,,,2,,,,,,3,1,1,,,,,,,,,,,,,,1,,1,1,,1,,1,4,2,,2,2,,2,1,,1,1,3,,2,1,1,2,2,2,2,2,,,,,,,,,,1,2,,,,,,,,,,,,,,
2024,"Egypt, Arab Rep.",EGY,Middle East & North Africa (excluding high income),77385958,145433092,0.300959026,2,39,2,5,1,2,0,0,0,0,1,0,2,4,4,4,0,2,2,0,2,,,,,,,,,,2,2,1,2,1,2,1,2,2,,,,,,,,,,,,,,,,2,,2,,,,2,2,2,,2,,1,,2,2,1,,,,7,,4,2,,,,,,,,,,,2,,1,2,2,1,2,2,,1,1,2,2,2,1,,,,,2,2,,,,,,,,2,,,,,,4,0,1,,,,,,,,,,,,,,2,2,1,1,,2,,,3,2,,2,2,,2,2,2,,,,,,,,,,,,,1,2,2,2,2,2,2,1,8,1,2,,,,,,,,,,,,,,
2024,"Egypt, Arab Rep.",EGY,Middle East & North Africa (excluding high income),77385958,145448737,0.502365317,2,41,2,4,1,2,1,1,1,1,1,0,1,4,4,4,0,2,3,1,1,2,1,2,2,,2,1,2,2,,,,,,,,,,,,,,,,,,,,,,,,,2,2,2,,,,2,2,2,,2,2,2,,2,2,1,,,2,2,1,1,2,,,,2,2,,1,2,2,,2,,2,,2,1,2,2,,1,1,2,1,2,,,2,1,,2,2,,,,,,,,2,,,,,,3,1,1,,,,,,,,,,,,,,1,,1,1,,1,,1,2,1,1,2,2,,2,1,,2,1,3,,1,1,1,1,2,2,2,2,,,,,,,,,,1,1,,,,,,,,,,,,,,
2024,"Egypt, Arab Rep.",EGY,Middle East & North Africa (excluding high income),77385958,145691780,0.959458313,1,57,1,5,2,1,1,0,1,0,1,0,4,1,4,4,0,4,3,1,2,,,,,,,,,,,,,,,,,,,,,,,,,,,,,,,,,,2,,2,,,,2,2,2,,1,,2,,1,2,2,,,,7,,3,1,2,1,,,,,,,,,2,,2,,2,2,,,,,2,,,,,,,,,1,2,2,2,2,1,1,1,,2,,,,,,3,0,2,1,2,2,2,2,2,1,1,1,2,1,2,,,,,,,,,,,,,,,,,2,2,,,,,,,,,,,,,,,,,,,,,,1,2,,,,,,,,,,,,,,
2024,"Egypt, Arab Rep.",EGY,Middle East & North Africa (excluding high income),77385958,146065761,0.705696773,2,33,2,1,1,1,1,0,1,1,1,0,2,1,4,4,0,2,3,1,1,1,1,2,2,,2,1,2,2,,,,,,,,,,,,,,,,,,,,,,,,,2,,2,,,,2,2,2,,2,,1,,1,2,2,,,,2,1,1,2,,,,2,2,,4,2,2,,2,,2,,2,1,2,2,,1,1,2,2,2,1,,,,,1,2,1,2,,,1,1,,2,,,,,,4,1,1,,,,,,,,,,,,,,1,,1,1,,1,,1,1,2,,2,2,,1,1,,1,1,2,,1,1,1,2,2,2,2,2,,,,,,,,,,1,2,,,,,,,,,,,,,,
2024,"Egypt, Arab Rep.",EGY,Middle East & North Africa (excluding high income),77385958,146097626,1.174334486,2,64,1,2,1,2,0,0,0,0,1,0,2,4,4,4,0,2,3,0,2,,,,,,,,,,2,2,2,2,2,2,1,2,2,,,,,,,,,,,,,,,,2,,2,,,,2,2,2,,2,,1,,2,2,1,,,,8,,4,2,,,,,,,,,,,2,,2,,2,1,2,2,,1,1,2,2,2,1,,,,,2,2,,,,,,,,2,,,,,,4,1,1,,,,,,,,,,,,,,1,,1,1,,1,,1,1,1,1,2,2,,1,1,,1,1,3,,1,1,1,2,2,2,2,2,,,,,,,,,,1,2,,,,,,,,,,,,,,
2024,"Egypt, Arab Rep.",EGY,Middle East & North Africa (excluding high income),77385958,146199286,0.425955601,1,36,2,5,2,2,0,0,0,0,1,0,4,4,4,4,0,4,3,0,2,,,,,,,,,,2,2,1,2,2,2,1,2,2,,,,,,,,,,,,,,,,2,,2,,,,2,2,2,,2,,1,,2,2,1,,,,2,1,4,2,,,,,,,,,,,2,,2,,2,2,,,,,2,,,,,,,,,2,2,,,,,,,,2,,,,,,4,1,1,,,,,,,,,,,,,,1,,1,1,,1,,1,1,1,1,2,1,2,2,1,,1,1,3,,2,1,1,1,1,2,2,2,,,,,,,,,,1,2,,,,,,,,,,,,,,
2024,"Egypt, Arab Rep.",EGY,Middle East & North Africa (excluding high income),77385958,146213917,2.053697327,1,40,1,2,2,2,1,0,1,1,1,1,4,1,4,4,0,4,3,1,1,1,1,2,2,,2,3,2,2,,,,,,,,,,,,,,,,,,,,,,,,,2,,1,,,,,2,2,,2,,1,1,1,2,2,,,,2,1,2,2,,,,2,2,,4,2,2,,2,,2,,2,2,,,,,2,,,,,,,,,1,2,1,2,,,1,2,,2,,,,,,3,0,2,1,1,2,1,2,2,1,7,1,1,2,1,,,,,,,,,,,,,,,,,2,2,,,,,,,,,,,,,,,,,,,,,,1,2,,,,,,,,,,,,,,
2024,"Egypt, Arab Rep.",EGY,Middle East & North Africa (excluding high income),77385958,146223785,1.205427032,2,18,2,3,2,2,0,1,1,1,1,0,4,4,4,4,0,4,1,1,2,,,,,,,,,,2,2,1,2,2,2,1,2,2,,,,,,,,,,,,,,,,2,2,2,,,,2,2,2,,2,2,1,,2,2,1,,,,2,3,2,2,,,,2,2,,1,2,1,2,1,1,1,1,2,2,,,,,2,,,,,,,,,2,2,,,,,,,,2,,,,,,4,1,1,,,,,,,,,,,,,,1,,2,1,,1,,1,2,1,1,2,2,,2,1,,1,2,,1,1,1,1,1,2,2,2,1,,,,,,,,,,1,2,,,,,,,,,,,,,,
2024,"Egypt, Arab Rep.",EGY,Middle East & North Africa (excluding high income),77385958,146230460,0.941489572,2,16,2,3,2,1,1,0,1,1,0,0,4,1,4,4,0,4,3,1,1,1,1,2,2,,2,2,2,2,,,,,,,,,,,,,,,,,,,,,,,,,2,,2,,,,2,2,2,,2,,2,,2,2,2,,,2,2,2,5,2,,,,2,2,,5,2,2,,2,,2,,2,2,,,,,2,,,,,,,,,1,2,1,2,,,1,2,,2,,,,,,5,1,2,1,2,2,2,2,2,2,1,2,,,,1,,,,,,,,,,,,,,,,2,1,4,1,3,,2,2,1,2,2,2,2,2,,,,,,,,,,2,,2,1,2,2,2,2,2,2,2,2,2,2,,
2024,"Egypt, Arab Rep.",EGY,Middle East & North Africa (excluding high income),77385958,146231165,0.405968606,1,51,2,5,2,2,1,0,1,1,1,0,4,4,4,4,0,2,3,0,1,1,1,2,2,,2,2,2,2,,,,,,,,,,,,,,,,,,,,,,,,,2,,2,,,,2,2,2,,2,,2,,2,2,1,,,2,2,1,1,2,,,,2,2,,4,2,2,,2,,2,,2,1,2,2,,1,2,,,,,,,,,2,2,,,,,,,,2,,,,,,3,1,1,,,,,,,,,,,,,,1,,1,1,,1,,1,1,2,,2,2,,2,1,,1,1,3,,1,1,1,2,2,2,2,2,,,,,,,,,,1,2,,,,,,,,,,,,,,
2024,"Egypt, Arab Rep.",EGY,Middle East & North Africa (excluding high income),77385958,146241100,1.726326921,2,64,1,5,1,2,1,0,1,1,0,1,4,4,4,2,0,2,3,0,1,1,2,2,2,,1,2,2,2,,,,,,,,,,,,,,,,,,,,,,,,,1,,2,2,2,2,,2,2,,2,,2,,2,2,2,,,2,2,1,3,2,,,,2,2,,1,2,2,,2,,2,,2,1,2,2,,1,2,,,,,,,,,2,2,,,,,,,,1,2,2,1,,2,4,0,1,,,,,,,,,,,,,,2,2,1,1,,1,,2,2,2,,2,2,,2,2,2,,,,,,,,,,,,,1,2,2,2,2,2,2,2,1,1,2,,,,,,,,,,,,,,
2024,"Egypt, Arab Rep.",EGY,Middle East & North Africa (excluding high income),77385958,146353654,1.573388366,1,46,1,3,1,1,1,0,1,1,1,1,1,4,4,4,0,2,2,1,1,1,1,2,2,,2,2,2,2,,,,,,,,,,,,,,,,,,,,,,,,,2,,1,,,,,2,2,,2,,2,1,2,2,2,,,,2,1,2,2,,,,2,2,,4,2,2,,1,2,1,2,2,1,2,2,,1,1,1,1,2,,,2,1,,2,2,,,,,,,,2,,,,,,4,0,1,,,,,,,,,,,,,,2,2,1,1,,2,,,2,2,,2,2,,2,2,2,,,,,,,,,,,,,1,2,2,1,2,2,2,1,4,1,2,,,,,,,,,,,,,,
2024,"Egypt, Arab Rep.",EGY,Middle East & North Africa (excluding high income),77385958,146442439,0.927071674,1,45,3,5,1,2,1,0,1,1,0,0,1,4,4,4,0,4,3,1,1,1,1,2,2,,2,1,1,2,,,,,,,,,,,,,,,,,,,,,,,,,2,,2,,,,2,2,2,,2,,2,,2,2,2,,,2,7,,3,2,,,,2,2,,4,2,2,,2,,2,,2,2,,,,,1,1,1,2,,,2,2,,2,2,,,,,,,,2,,,,,,1,1,1,,,,,,,,,,,,,,1,,1,1,,1,,1,4,2,,2,2,,2,1,,1,1,3,,1,1,1,1,1,2,1,2,,,,,,,,,,1,2,,,,,,,,,,,,,,
2024,"Egypt, Arab Rep.",EGY,Middle East & North Africa (excluding high income),77385958,146469464,0.842143521,2,53,1,1,1,2,1,0,1,0,1,0,2,1,4,4,0,2,3,1,1,2,1,4,2,,2,1,2,2,,,,,,,,,,,,,,,,,,,,,,,,,2,,2,,,,2,2,2,,2,,1,,1,2,1,,,,2,1,4,2,,,,2,2,,4,2,2,,2,,2,,2,1,2,2,,1,1,2,2,2,1,,,,,1,2,1,2,,,1,2,,2,,,,,,3,0,1,,,,,,,,,,,,,,2,2,1,1,,2,,,2,2,,2,2,,2,2,2,,,,,,,,,,,,,1,2,2,1,2,2,2,1,4,1,2,,,,,,,,,,,,,,
2024,"Egypt, Arab Rep.",EGY,Middle East & North Africa (excluding high income),77385958,146563946,0.314692478,2,56,3,5,1,2,1,1,1,1,0,0,1,4,4,4,1,2,1,1,1,2,1,2,2,,2,1,1,2,,,,,,,,,,,,,,,,,,,,,,,,,2,2,2,,,,2,1,2,,2,2,2,,2,2,2,,,2,3,3,1,2,,,,2,2,,4,2,1,3,1,1,1,1,2,1,2,2,,1,1,2,2,1,,,2,2,,2,2,,,,,,,,2,,,,,,1,1,1,,,,,,,,,,,,,,1,,1,1,,1,,1,2,1,1,2,1,2,2,1,,1,1,3,,1,1,1,2,2,2,2,2,,,,,,,,,,1,2,,,,,,,,,,,,,,
2024,"Egypt, Arab Rep.",EGY,Middle East & North Africa (excluding high income),77385958,146613514,1.056124755,2,17,2,1,2,2,0,0,0,0,1,0,4,4,4,4,0,4,3,0,2,,,,,,,,,,2,2,1,2,1,2,1,2,2,,,,,,,,,,,,,,,,2,,2,,,,2,2,2,,2,,1,,1,2,1,,,,7,,4,2,,,,,,,,,,,2,,2,,2,2,,,,,2,,,,,,,,,2,2,,,,,,,,2,,,,,,3,1,1,,,,,,,,,,,,,,1,,2,1,,1,,1,2,1,1,1,2,,2,1,,2,1,2,,1,1,1,1,2,2,2,2,,,,,,,,,,2,,2,1,1,1,2,2,1,2,1,2,2,2,,
2024,"Egypt, Arab Rep.",EGY,Middle East & North Africa (excluding high income),77385958,146801655,0.454800123,2,17,2,5,1,2,0,0,0,0,0,1,4,4,4,4,0,4,2,0,2,,,,,,,,,,2,2,1,2,2,2,1,1,2,,,,,,,,,,,,,,,,2,,2,,,,1,2,2,,2,,2,,2,2,2,,,2,3,1,4,2,,,,,,,,,,,1,2,2,,2,2,,,,,2,,,,,,,,,2,2,,,,,,,,2,,,,,,3,1,1,,,,,,,,,,,,,,2,2,2,1,,1,,1,2,2,,2,1,2,2,1,,2,1,3,,1,1,1,1,2,2,2,2,1,2,2,2,2,2,2,2,1,1,2,,,,,,,,,,,,,,
2024,"Egypt, Arab Rep.",EGY,Middle East & North Africa (excluding high income),77385958,146925121,0.492921564,1,55,2,5,1,1,1,1,1,1,1,1,1,4,4,4,0,4,1,1,1,1,1,2,2,,2,1,1,1,,,,,,,,,,,,,,,,,,,,,,,,,2,2,1,,,,,2,2,,2,2,2,2,2,2,2,1,1,,1,3,4,2,,,,2,2,,4,2,2,,1,1,2,,2,2,,,,,1,1,1,2,,,2,1,,2,2,,,,,,,,2,,,,,,6,1,1,,,,,,,,,,,,,,1,,1,1,,1,,1,3,2,,2,1,2,2,1,,1,1,2,,1,1,1,1,1,2,1,2,,,,,,,,,,1,2,,,,,,,,,,,,,,
2024,"Egypt, Arab Rep.",EGY,Middle East & North Africa (excluding high income),77385958,147105433,0.444767148,2,52,2,5,1,2,1,1,1,1,1,0,1,4,4,4,0,2,1,1,1,2,1,2,2,,2,1,2,2,,,,,,,,,,,,,,,,,,,,,,,,,2,2,2,,,,2,2,2,,2,2,1,,2,2,2,,,,2,2,2,2,,,,2,2,,4,2,2,,2,,1,1,2,1,2,2,,1,1,1,1,2,,,2,1,,2,2,,,,,,,,2,,,,,,3,1,1,,,,,,,,,,,,,,1,,1,1,,1,,1,1,1,1,2,2,,2,1,,1,1,3,,1,1,1,1,1,2,1,2,,,,,,,,,,1,2,,,,,,,,,,,,,,
2024,"Egypt, Arab Rep.",EGY,Middle East & North Africa (excluding high income),77385958,147300386,0.529064985,1,45,3,5,2,1,1,1,1,1,0,0,4,1,4,4,0,2,1,1,1,1,1,2,2,,2,1,1,2,,,,,,,,,,,,,,,,,,,,,,,,,2,2,2,,,,2,2,2,,2,2,2,,2,2,2,,,2,2,1,1,2,,,,2,2,,4,2,2,,2,,1,1,2,1,2,2,,1,2,,,,,,,,,1,2,1,2,,,1,2,,2,,,,,,4,1,1,,,,,,,,,,,,,,1,,1,1,,1,,1,4,1,1,2,2,,2,1,,1,1,3,,1,1,1,1,1,2,1,2,,,,,,,,,,1,2,,,,,,,,,,,,,,
2024,"Egypt, Arab Rep.",EGY,Middle East & North Africa (excluding high income),77385958,147473052,0.69597279,1,45,1,3,2,2,0,1,1,1,1,0,4,4,4,4,0,2,1,1,2,,,,,,,,,,2,2,2,2,3,2,1,2,2,,,,,,,,,,,,,,,,2,2,2,,,,2,2,2,,2,2,1,,1,2,1,,,,7,,1,2,,,,2,2,,4,2,2,,1,2,1,1,2,1,2,2,,1,2,,,,,,,,,2,2,,,,,,,,2,,,,,,4,0,1,,,,,,,,,,,,,,1,,1,1,,2,,,1,1,2,2,2,,2,2,2,,,,,2,2,2,2,2,2,2,2,,,,,,,,,,1,2,,,,,,,,,,,,,,
2024,"Egypt, Arab Rep.",EGY,Middle East & North Africa (excluding high income),77385958,147528761,0.965210748,1,55,1,5,2,2,0,0,0,0,1,0,4,4,4,4,0,2,2,0,2,,,,,,,,,,2,2,2,2,2,2,1,2,2,,,,,,,,,,,,,,,,2,,2,,,,2,2,2,,2,,1,,1,2,2,,,,2,2,2,2,,,,,,,,,,,1,2,2,,2,1,2,2,,1,2,,,,,,,,,2,2,,,,,,,,2,,,,,,3,0,2,1,2,2,1,2,2,1,7,1,2,2,2,,,,,,,,,,,,,,,,,2,2,,,,,,,,,,,,,,,,,,,,,,1,2,,,,,,,,,,,,,,
2024,"Egypt, Arab Rep.",EGY,Middle East & North Africa (excluding high income),77385958,147541353,1.778885798,1,59,1,4,2,2,0,0,0,0,1,0,4,4,4,4,0,4,3,0,2,,,,,,,,,,2,2,2,2,1,2,1,2,2,,,,,,,,,,,,,,,,2,,2,,,,2,2,2,,2,,1,,1,2,1,,,,2,2,2,2,,,,,,,,,,,2,,2,,2,2,,,,,2,,,,,,,,,2,2,,,,,,,,2,,,,,,3,0,2,2,2,2,1,2,2,1,4,1,2,2,2,,,,,,,,,,,,,,,,,2,2,,,,,,,,,,,,,,,,,,,,,,1,2,,,,,,,,,,,,,,
2024,"Egypt, Arab Rep.",EGY,Middle East & North Africa (excluding high income),77385958,147552114,2.450935505,1,23,3,3,2,2,0,0,0,0,0,0,4,4,4,4,0,4,3,0,2,,,,,,,,,,2,2,1,2,2,2,1,2,2,,,,,,,,,,,,,,,,2,,2,,,,2,2,2,,2,,2,,2,2,2,,,2,2,2,3,2,,,,,,,,,,,2,,2,,2,2,,,,,2,,,,,,,,,2,2,,,,,,,,2,,,,,,4,1,1,,,,,,,,,,,,,,1,,1,1,,1,,1,1,1,1,2,2,,2,1,,1,1,3,,1,1,1,1,1,2,2,2,,,,,,,,,,1,2,,,,,,,,,,,,,,
2024,"Egypt, Arab Rep.",EGY,Middle East & North Africa (excluding high income),77385958,148117232,1.229958068,1,57,1,5,2,2,0,0,0,0,1,1,4,4,4,4,0,2,2,0,2,,,,,,,,,,2,2,2,2,2,2,1,2,2,,,,,,,,,,,,,,,,2,,1,,,,,2,2,,2,,1,1,1,2,1,,,,2,2,1,1,1,1,,,,,,,,,2,,1,2,1,1,2,2,,1,2,,,,,,,,,2,2,,,,,,,,2,,,,,,4,0,1,,,,,,,,,,,,,,2,2,1,1,,2,,,2,2,,2,2,,2,2,2,,,,,,,,,,,,,1,2,2,1,2,2,2,2,1,1,2,,,,,,,,,,,,,,
2024,"Egypt, Arab Rep.",EGY,Middle East & North Africa (excluding high income),77385958,148135467,1.04764777,1,39,3,3,2,2,1,1,1,1,1,1,4,4,4,4,1,2,3,1,1,1,2,2,2,,1,1,1,1,,,,,,,,,,,,,,,,,,,,,,,,,1,1,2,2,1,2,,2,2,,2,2,2,,2,2,2,1,1,,1,3,1,2,,,,1,1,2,,2,2,,2,,2,,1,1,2,2,,1,2,,,,,,,,,2,2,,,,,,,,2,,,,,,5,1,1,,,,,,,,,,,,,,1,,1,1,,1,,1,1,1,1,1,1,2,2,1,,1,1,3,,1,1,1,1,1,2,2,2,,,,,,,,,,1,2,,,,,,,,,,,,,,
2024,"Egypt, Arab Rep.",EGY,Middle East & North Africa (excluding high income),77385958,148281098,0.640285262,2,39,2,2,1,2,1,0,1,1,1,1,4,4,4,4,0,2,2,0,1,1,2,2,2,,1,1,2,2,,,,,,,,,,,,,,,,,,,,,,,,,1,,1,2,2,2,,1,2,,2,,1,1,2,2,2,,,,2,3,1,2,,,,2,2,,4,2,2,,2,,1,2,2,1,2,2,,1,2,,,,,,,,,2,2,,,,,,,,2,,,,,,3,1,1,,,,,,,,,,,,,,1,,1,1,,1,,1,1,1,1,2,2,,2,2,1,1,1,3,,1,1,1,1,2,2,1,2,,,,,,,,,,1,2,,,,,,,,,,,,,,
2024,"Egypt, Arab Rep.",EGY,Middle East & North Africa (excluding high income),77385958,148313211,0.502365317,2,38,2,2,1,2,1,0,1,0,0,0,1,4,4,4,0,2,3,1,1,2,1,2,2,,2,2,2,2,,,,,,,,,,,,,,,,,,,,,,,,,2,,2,,,,2,2,2,,2,,2,,2,2,2,,,2,5,1,2,2,,,,2,2,,4,2,2,,2,,2,,2,1,2,2,,1,1,1,1,2,,,2,1,,2,2,,,,,,,,2,,,,,,4,1,1,,,,,,,,,,,,,,1,,1,1,,1,,1,1,1,1,2,2,,2,1,,1,1,3,,1,1,1,1,2,2,2,2,,,,,,,,,,1,2,,,,,,,,,,,,,,
2024,"Egypt, Arab Rep.",EGY,Middle East & North Africa (excluding high income),77385958,148369276,0.893167918,2,46,1,1,2,2,0,0,0,0,1,0,2,4,4,4,0,4,3,0,2,,,,,,,,,,2,2,2,2,3,2,1,2,2,,,,,,,,,,,,,,,,2,,2,,,,2,2,2,,2,,1,,1,2,1,,,,7,,1,1,2,1,,,,,,,,,2,,2,,2,2,,,,,1,2,2,2,1,,,,,2,2,,,,,,,,2,,,,,,4,0,2,1,2,2,2,2,2,2,1,1,2,2,2,,,,,,,,,,,,,,,,,2,2,,,,,,,,,,,,,,,,,,,,,,1,2,,,,,,,,,,,,,,
2024,"Egypt, Arab Rep.",EGY,Middle East & North Africa (excluding high income),77385958,148545526,0.257212146,1,36,2,1,2,2,0,0,0,0,1,0,4,4,4,4,0,4,2,0,2,,,,,,,,,,2,2,2,2,2,2,1,2,2,,,,,,,,,,,,,,,,2,,2,,,,2,2,2,,2,,1,,2,2,1,,,,7,,4,2,,,,,,,,,,,2,,1,2,2,2,,,,,2,,,,,,,,,2,2,,,,,,,,2,,,,,,3,0,1,,,,,,,,,,,,,,2,2,2,1,,2,,,3,2,,2,2,,2,2,2,,,,,,,,,,,,,1,1,2,1,2,2,2,1,8,1,2,,,,,,,,,,,,,,
2024,"Egypt, Arab Rep.",EGY,Middle East & North Africa (excluding high income),77385958,148634789,0.993111152,1,53,1,5,2,1,1,0,1,1,1,0,4,1,1,4,0,4,3,1,1,1,1,2,2,,2,1,2,1,,,,,,,,,,,,,,,,,,,,,,,,,2,,2,,,,2,2,2,,2,,2,,2,2,1,1,2,,4,3,2,2,,,,2,2,,4,2,2,,2,,2,,2,2,,,,,2,,,,,,,,,1,1,1,2,,,1,1,,2,,,,,,3,0,1,,,,,,,,,,,,,,2,2,1,1,,2,,,2,2,,2,2,,2,2,2,,,,,,,,,,,,,1,1,2,1,2,2,2,1,1,1,2,,,,,,,,,,,,,,
2024,"Egypt, Arab Rep.",EGY,Middle East & North Africa (excluding high income),77385958,148688445,1.90225147,1,70,1,1,2,2,1,0,1,0,0,0,4,1,4,4,0,4,3,1,1,2,1,2,2,,2,2,2,2,,,,,,,,,,,,,,,,,,,,,,,,,2,,2,,,,2,2,2,,2,,2,,2,2,2,,,2,7,,3,2,,,,2,2,,4,2,2,,2,,2,,2,2,,,,,2,,,,,,,,,1,2,1,2,,,1,2,,2,,,,,,3,0,1,,,,,,,,,,,,,,2,2,1,2,,2,,,2,2,,2,2,,2,2,2,,,,,,,,,,,,,1,2,2,1,2,2,2,1,4,1,2,,,,,,,,,,,,,,
2024,"Egypt, Arab Rep.",EGY,Middle East & North Africa (excluding high income),77385958,148830066,1.013065205,1,19,2,4,2,2,0,0,0,0,1,0,4,4,4,4,0,4,3,0,2,,,,,,,,,,2,2,2,2,2,2,1,2,2,,,,,,,,,,,,,,,,2,,2,,,,2,2,2,,2,,1,,2,2,2,,,,2,2,2,2,,,,,,,,,,,2,,2,,2,2,,,,,2,,,,,,,,,2,2,,,,,,,,2,,,,,,3,1,1,,,,,,,,,,,,,,1,,1,1,,1,,1,1,1,1,2,1,2,2,1,,1,1,3,,1,1,1,1,1,2,2,2,,,,,,,,,,1,2,,,,,,,,,,,,,,
2024,"Egypt, Arab Rep.",EGY,Middle East & North Africa (excluding high income),77385958,148857683,0.509308663,2,22,2,5,1,2,0,0,0,0,0,0,2,4,4,4,0,4,3,0,2,,,,,,,,,,2,2,2,2,2,1,1,2,2,,,,,,,,,,,,,,,,2,,2,,,,2,2,2,,2,,2,,2,2,2,,,2,7,,2,2,,,,,,,,,,,2,,2,,2,2,,,,,1,1,2,2,1,,,,,2,2,,,,,,,,2,,,,,,4,1,1,,,,,,,,,,,,,,1,,1,1,,2,,,4,2,,2,2,,2,1,,2,1,3,,1,2,1,2,2,2,2,2,,,,,,,,,,1,2,,,,,,,,,,,,,,
2024,"Egypt, Arab Rep.",EGY,Middle East & North Africa (excluding high income),77385958,148961248,0.904070274,2,19,2,3,1,1,0,0,0,0,0,0,2,4,4,4,0,4,3,0,2,,,,,,,,,,2,2,1,2,2,2,1,2,2,,,,,,,,,,,,,,,,2,,2,,,,2,2,2,,2,,2,,2,2,2,,,2,2,2,4,2,,,,,,,,,,,2,,2,,2,2,,,,,1,2,2,2,1,,,,,2,2,,,,,,,,2,,,,,,4,1,1,,,,,,,,,,,,,,1,,1,1,,1,,1,4,1,1,2,2,,2,1,,1,1,2,,1,1,1,1,2,2,2,2,,,,,,,,,,1,2,,,,,,,,,,,,,,
2024,"Egypt, Arab Rep.",EGY,Middle East & North Africa (excluding high income),77385958,148981054,1.011755996,2,57,1,3,1,2,0,0,0,0,0,0,2,4,4,4,0,2,3,0,2,,,,,,,,,,2,2,1,2,1,2,1,2,2,,,,,,,,,,,,,,,,2,,2,,,,2,2,2,,2,,2,,2,2,2,,,2,7,,4,2,,,,,,,,,,,2,,2,,2,1,2,2,,1,1,2,2,2,1,,,,,2,2,,,,,,,,2,,,,,,1,1,1,,,,,,,,,,,,,,1,,2,1,,1,,1,2,2,,2,2,,2,1,,1,1,1,,1,1,2,2,2,2,2,2,,,,,,,,,,1,2,,,,,,,,,,,,,,
2024,"Egypt, Arab Rep.",EGY,Middle East & North Africa (excluding high income),77385958,148988495,0.708062048,2,32,2,4,1,1,1,1,1,1,1,1,2,1,4,4,0,2,3,1,1,2,1,2,2,,2,2,2,2,,,,,,,,,,,,,,,,,,,,,,,,,2,1,2,2,2,2,,2,2,,2,2,2,,2,2,1,,,2,2,1,4,2,,,,2,2,,4,2,2,,2,,2,,2,1,2,2,,1,1,2,2,2,1,,,,,1,2,1,2,,,1,2,,2,,,,,,3,1,1,,,,,,,,,,,,,,1,,1,1,,1,,1,4,1,1,2,2,,2,1,,2,1,2,,1,1,1,2,2,2,2,2,,,,,,,,,,1,2,,,,,,,,,,,,,,
2024,"Egypt, Arab Rep.",EGY,Middle East & North Africa (excluding high income),77385958,149356814,1.371881588,1,37,3,2,2,2,0,0,0,0,0,0,4,4,4,4,0,4,3,0,2,,,,,,,,,,2,2,1,2,2,2,2,2,3,,,,,,,,,,,,,,,,2,,2,,,,2,2,2,,2,,2,,2,2,2,,,2,7,,5,2,,,,,,,,,,,2,,2,,2,2,,,,,2,,,,,,,,,2,2,,,,,,,,2,,,,,,3,0,2,1,2,2,2,1,2,2,1,2,,,,2,,,,,,,,,,,,,,,,2,2,,,,,,,,,,,,,,,,,,,,,,1,1,,,,,,,,,,,,,,
2024,"Egypt, Arab Rep.",EGY,Middle East & North Africa (excluding high income),77385958,149519908,1.686918137,1,36,1,2,2,1,0,0,0,0,1,0,4,4,4,4,0,4,2,0,2,,,,,,,,,,2,2,2,2,2,2,1,2,2,,,,,,,,,,,,,,,,2,,2,,,,2,2,2,,2,,1,,1,2,1,,,,2,1,4,2,,,,,,,,,,,2,,1,2,2,2,,,,,2,,,,,,,,,2,2,,,,,,,,2,,,,,,4,0,1,,,,,,,,,,,,,,2,2,2,2,,1,,2,2,2,,2,1,2,2,2,2,,,,,,,,,,,,,1,2,2,1,2,2,2,1,1,1,2,,,,,,,,,,,,,,
2024,"Egypt, Arab Rep.",EGY,Middle East & North Africa (excluding high income),77385958,149762320,0.855930461,1,18,2,2,2,2,0,0,0,0,1,1,4,4,4,4,0,2,2,0,2,,,,,,,,,,2,2,1,2,2,2,1,2,2,,,,,,,,,,,,,,,,2,,2,,,,1,2,2,,2,,1,,2,2,1,,,,2,2,1,1,1,1,,,,,,,,,2,,1,2,2,1,2,2,,1,2,,,,,,,,,2,2,,,,,,,,2,,,,,,4,1,1,,,,,,,,,,,,,,1,,2,1,,1,,1,2,1,1,1,2,,2,1,,1,1,3,,1,1,1,1,2,2,2,2,,,,,,,,,,1,2,,,,,,,,,,,,,,
2024,"Egypt, Arab Rep.",EGY,Middle East & North Africa (excluding high income),77385958,149791138,0.331757161,1,48,2,4,2,2,0,0,0,0,1,0,4,4,4,4,0,2,2,0,2,,,,,,,,,,2,2,1,2,2,2,1,2,2,,,,,,,,,,,,,,,,2,,2,,,,2,2,2,,2,,1,,1,2,1,,,,5,1,2,2,,,,,,,,,,,2,,1,2,2,1,2,2,,1,2,,,,,,,,,2,2,,,,,,,,2,,,,,,3,1,1,,,,,,,,,,,,,,1,,2,1,,1,,1,1,1,1,1,2,,2,1,,1,1,3,,1,1,1,1,1,2,1,2,,,,,,,,,,1,2,,,,,,,,,,,,,,
2024,"Egypt, Arab Rep.",EGY,Middle East & North Africa (excluding high income),77385958,149924459,1.001533651,1,22,2,3,1,1,0,0,0,0,0,0,2,4,4,4,0,4,3,0,2,,,,,,,,,,2,2,1,2,2,2,1,2,2,,,,,,,,,,,,,,,,2,,2,,,,2,2,2,,2,,2,,2,2,2,,,2,2,2,1,2,,,,,,,,,,,2,,2,,2,2,,,,,1,2,2,2,1,,,,,2,2,,,,,,,,2,,,,,,3,1,1,,,,,,,,,,,,,,1,,1,1,,1,,1,2,1,1,2,1,2,2,1,,1,1,3,,1,1,1,1,1,2,1,1,,,,,,,,,,1,2,,,,,,,,,,,,,,
2024,"Egypt, Arab Rep.",EGY,Middle East & North Africa (excluding high income),77385958,150436458,0.341200913,2,35,2,5,1,2,0,1,1,1,1,1,2,4,4,4,0,4,2,1,2,,,,,,,,,,2,2,1,2,2,1,1,2,2,,,,,,,,,,,,,,,,2,1,2,3,2,2,,2,2,,2,2,2,,2,2,1,,,2,5,1,2,2,,,,2,2,,1,2,2,,1,2,2,,2,2,,,,,1,2,2,2,1,,,,,2,2,,,,,,,,2,,,,,,4,1,1,,,,,,,,,,,,,,1,,1,1,,1,,1,4,1,1,2,2,,1,1,,1,1,2,,2,1,1,2,1,1,1,1,,,,,,,,,,1,2,,,,,,,,,,,,,,
2024,"Egypt, Arab Rep.",EGY,Middle East & North Africa (excluding high income),77385958,150525873,0.37586053,1,18,2,1,2,1,0,0,0,0,0,0,4,4,4,4,0,4,3,0,2,,,,,,,,,,2,2,1,2,1,2,1,2,2,,,,,,,,,,,,,,,,2,,2,,,,2,2,2,,2,,2,,2,2,2,,,2,2,2,2,2,,,,,,,,,,,2,,2,,2,2,,,,,2,,,,,,,,,2,2,,,,,,,,2,,,,,,5,0,2,2,2,2,2,2,1,1,6,1,2,2,2,,,,,,,,,,,,,,,,,2,2,,,,,,,,,,,,,,,,,,,,,,1,2,,,,,,,,,,,,,,
2024,"Egypt, Arab Rep.",EGY,Middle East & North Africa (excluding high income),77385958,150708571,0.349319959,2,37,2,4,1,2,0,0,0,0,0,0,2,4,4,2,0,2,3,0,2,,,,,,,,,,2,2,1,2,2,2,1,2,2,,,,,,,,,,,,,,,,2,,2,,,,2,2,2,,2,,2,,2,2,2,,,2,5,1,4,2,,,,,,,,,,,2,,2,,1,1,2,2,,1,1,2,2,2,1,,,,,2,2,,,,,,,,1,2,2,1,,2,4,0,1,,,,,,,,,,,,,,2,2,1,1,,1,,2,2,2,,2,2,,2,2,2,,,,,,,,,,,,,1,1,2,2,2,2,2,1,8,1,2,,,,,,,,,,,,,,
2024,"Egypt, Arab Rep.",EGY,Middle East & North Africa (excluding high income),77385958,150776562,0.609597274,1,19,2,4,1,2,1,0,1,1,0,1,2,4,4,4,0,4,3,0,1,1,2,3,3,1,2,2,2,2,,,,,,,,,,,,,,,,,,,,,,,,,1,,2,3,2,2,,2,2,,2,,2,,2,2,2,,,2,2,1,4,2,,,,2,2,,4,2,2,,2,,2,,2,2,,,,,1,2,2,2,1,,,,,2,2,,,,,,,,2,,,,,,5,1,2,1,2,1,2,2,2,1,1,1,1,2,2,,,,,,,,,,,,,,,,,1,,1,1,2,,1,1,1,2,2,2,2,2,,,,,,,,,,1,2,,,,,,,,,,,,,,
2024,"Egypt, Arab Rep.",EGY,Middle East & North Africa (excluding high income),77385958,150921803,1.726326921,2,72,1,4,2,1,1,0,1,0,0,0,4,4,1,4,0,2,3,1,1,2,1,2,2,,2,1,2,2,,,,,,,,,,,,,,,,,,,,,,,,,2,,2,,,,2,2,2,,2,,2,,2,2,2,,,2,7,,4,2,,,,2,2,,4,2,2,,2,,2,,2,1,2,2,,1,2,,,,,,,,,2,1,1,2,,,1,2,,2,,,,,,4,0,2,2,2,2,1,2,2,2,4,2,,,,1,,,,,,,,,,,,,,,,2,2,,,,,,,,,,,,,,,,,,,,,,1,2,,,,,,,,,,,,,,
2024,"Egypt, Arab Rep.",EGY,Middle East & North Africa (excluding high income),77385958,151008452,1.020731452,1,50,1,3,2,2,0,0,0,0,1,0,4,4,4,4,0,4,3,0,2,,,,,,,,,,2,2,2,2,2,2,1,2,2,,,,,,,,,,,,,,,,2,,2,,,,2,2,2,,2,,1,,2,2,2,,,,7,,1,2,,,,,,,,,,,2,,2,,2,2,,,,,2,,,,,,,,,2,2,,,,,,,,2,,,,,,3,0,2,1,2,2,1,2,2,1,4,1,1,2,2,,,,,,,,,,,,,,,,,2,2,,,,,,,,,,,,,,,,,,,,,,1,2,,,,,,,,,,,,,,
2024,"Egypt, Arab Rep.",EGY,Middle East & North Africa (excluding high income),77385958,151178093,0.954349915,1,70,1,5,2,1,0,0,0,0,1,0,4,4,4,4,0,4,3,0,2,,,,,,,,,,2,2,2,2,2,2,2,2,2,,,,,,,,,,,,,,,,2,,2,,,,2,2,2,,2,,2,,2,2,1,,,2,2,2,1,2,,,,,,,,,,,2,,2,,2,2,,,,,2,,,,,,,,,2,2,,,,,,,,2,,,,,,4,0,2,1,2,2,2,2,2,2,1,2,,,,2,,,,,,,,,,,,,,,,2,2,,,,,,,,,,,,,,,,,,,,,,1,2,,,,,,,,,,,,,,
2024,"Egypt, Arab Rep.",EGY,Middle East & North Africa (excluding high income),77385958,151238602,0.624577173,1,23,2,4,2,1,0,0,0,0,0,0,4,4,4,4,0,4,3,0,2,,,,,,,,,,2,2,2,2,2,2,1,2,2,,,,,,,,,,,,,,,,2,,2,,,,2,2,2,,2,,2,,2,2,2,,,2,5,1,2,1,1,1,,,,,,,,,2,,2,,2,2,,,,,2,,,,,,,,,2,2,,,,,,,,2,,,,,,4,0,1,,,,,,,,,,,,,,2,2,2,1,,1,,2,1,2,,2,2,,2,2,2,,,,,,,,,,,,,1,2,2,2,2,2,1,2,7,1,2,,,,,,,,,,,,,,
2024,"Egypt, Arab Rep.",EGY,Middle East & North Africa (excluding high income),77385958,151324841,0.660472443,2,59,2,5,1,1,1,0,1,1,1,0,1,4,4,2,0,2,3,1,1,1,1,2,2,,2,1,1,2,,,,,,,,,,,,,,,,,,,,,,,,,2,,2,,,,2,1,1,1,1,,2,,2,1,2,,,,5,2,2,2,,,,2,2,,4,2,2,,2,,2,,2,1,2,2,,1,1,1,1,2,,,2,1,,2,2,,,,,,,,1,2,2,1,,2,3,1,1,,,,,,,,,,,,,,1,,1,1,,1,,1,4,1,1,2,2,,2,1,,1,1,3,,1,1,1,1,2,2,2,2,,,,,,,,,,1,2,,,,,,,,,,,,,,
2024,"Egypt, Arab Rep.",EGY,Middle East & North Africa (excluding high income),77385958,151327590,1.446313101,2,48,1,2,1,1,0,0,0,0,1,1,2,4,4,4,0,2,2,0,2,,,,,,,,,,2,2,1,2,2,2,1,2,2,,,,,,,,,,,,,,,,2,,2,,,,1,2,2,,2,,1,,1,2,1,,,,2,1,4,1,1,1,,,,,,,,,2,,1,2,2,1,2,2,,1,1,2,2,2,1,,,,,2,2,,,,,,,,2,,,,,,3,0,1,,,,,,,,,,,,,,1,,1,1,,2,,,2,1,2,2,2,,2,2,2,,,,,2,2,2,2,2,2,2,2,,,,,,,,,,1,2,,,,,,,,,,,,,,
2024,"Egypt, Arab Rep.",EGY,Middle East & North Africa (excluding high income),77385958,151376656,0.300959026,2,42,2,4,1,2,1,1,1,1,1,1,1,4,4,4,1,1,2,1,1,1,1,2,2,,2,1,1,2,,,,,,,,,,,,,,,,,,,,,,,,,2,1,2,3,2,2,,1,2,,2,2,2,,1,2,1,,,1,3,2,2,2,,,,1,1,3,,1,2,,2,,1,2,1,1,1,1,,,1,2,1,2,,,2,2,,2,2,,,,,,,,2,,,,,,3,1,1,,,,,,,,,,,,,,1,,1,1,,1,,1,4,1,1,2,1,2,2,1,,1,1,3,,1,1,1,1,1,2,2,1,,,,,,,,,,1,2,,,,,,,,,,,,,,
2024,"Egypt, Arab Rep.",EGY,Middle East & North Africa (excluding high income),77385958,151419238,1.292389748,1,49,1,1,2,2,0,0,0,0,1,0,4,4,4,4,0,4,3,0,2,,,,,,,,,,2,2,2,2,2,2,1,2,2,,,,,,,,,,,,,,,,2,,2,,,,2,2,2,,2,,2,,2,2,1,,,2,7,,1,3,,,,,,,,,,,2,,2,,2,2,,,,,2,,,,,,,,,2,2,,,,,,,,2,,,,,,3,0,1,,,,,,,,,,,,,,2,2,1,1,,2,,,2,2,,2,2,,2,2,2,,,,,,,,,,,,,2,2,2,1,2,2,2,1,4,1,2,,,,,,,,,,,,,,
2024,"Egypt, Arab Rep.",EGY,Middle East & North Africa (excluding high income),77385958,151747762,0.492921564,1,58,2,2,2,1,1,0,1,1,1,0,4,4,1,4,0,4,3,1,1,1,1,2,2,,2,1,2,2,,,,,,,,,,,,,,,,,,,,,,,,,2,,2,,,,2,2,2,,2,,2,,2,2,1,,,2,2,1,2,2,,,,2,2,,4,2,2,,2,,2,,2,2,,,,,2,,,,,,,,,2,1,1,2,,,1,2,,2,,,,,,4,0,1,,,,,,,,,,,,,,2,2,1,2,,1,,2,1,2,,2,1,2,2,2,2,,,,,,,,,,,,,1,2,2,2,2,2,2,1,1,1,2,,,,,,,,,,,,,,
2024,"Egypt, Arab Rep.",EGY,Middle East & North Africa (excluding high income),77385958,152440090,1.257946954,1,58,1,2,2,1,0,0,0,0,0,0,4,4,4,4,0,4,3,0,2,,,,,,,,,,2,2,2,2,1,2,1,2,2,,,,,,,,,,,,,,,,2,,2,,,,2,2,2,,2,,2,,2,2,2,,,2,2,1,2,2,,,,,,,,,,,2,,2,,2,2,,,,,2,,,,,,,,,2,2,,,,,,,,2,,,,,,3,0,2,1,1,2,1,2,2,1,7,1,1,2,2,,,,,,,,,,,,,,,,,2,2,,,,,,,,,,,,,,,,,,,,,,1,2,,,,,,,,,,,,,,
2024,"Egypt, Arab Rep.",EGY,Middle East & North Africa (excluding high income),77385958,152509159,1.305435516,1,55,1,5,2,1,0,0,0,0,1,0,4,4,4,4,0,2,2,0,2,,,,,,,,,,2,2,2,2,2,2,1,2,2,,,,,,,,,,,,,,,,2,,2,,,,2,2,2,,2,,1,,1,2,2,,,,2,1,3,2,,,,,,,,,,,2,,1,2,2,1,2,2,,1,2,,,,,,,,,2,2,,,,,,,,2,,,,,,4,0,1,,,,,,,,,,,,,,2,2,2,1,,2,,,3,2,,2,2,,2,2,2,,,,,,,,,,,,,1,1,2,1,2,2,2,1,8,1,2,,,,,,,,,,,,,,
2024,"Egypt, Arab Rep.",EGY,Middle East & North Africa (excluding high income),77385958,152734737,1.254218476,1,66,1,2,1,2,0,0,0,0,1,0,2,4,4,4,0,2,2,0,2,,,,,,,,,,2,2,2,2,2,2,1,1,2,,,,,,,,,,,,,,,,2,,2,,,,2,2,2,,2,,1,,1,2,1,,,,7,,1,2,,,,,,,,,,,2,,1,2,2,1,2,2,,1,1,2,2,2,1,,,,,2,2,,,,,,,,2,,,,,,3,0,1,,,,,,,,,,,,,,2,2,2,1,,2,,,2,2,,2,2,,2,2,2,,,,,,,,,,,,,1,2,2,1,2,2,2,1,1,1,2,,,,,,,,,,,,,,
2024,"Egypt, Arab Rep.",EGY,Middle East & North Africa (excluding high income),77385958,152804625,0.706111862,2,39,3,4,1,1,1,1,1,1,0,1,1,4,4,4,0,2,3,1,1,1,1,2,2,,1,1,1,1,,,,,,,,,,,,,,,,,,,,,,,,,1,2,2,3,2,2,,2,2,,2,2,2,,2,2,2,2,,2,2,2,2,2,,,,2,2,,4,2,2,,2,,2,,2,1,2,2,,1,1,1,1,2,,,2,1,,2,2,,,,,,,,2,,,,,,3,1,1,,,,,,,,,,,,,,1,,1,1,,1,,1,2,1,1,2,2,,2,1,,1,1,3,,1,1,2,2,1,2,2,2,,,,,,,,,,1,2,,,,,,,,,,,,,,
2024,"Egypt, Arab Rep.",EGY,Middle East & North Africa (excluding high income),77385958,153228971,0.498100617,1,23,2,5,1,2,1,0,1,1,0,0,1,4,4,4,0,4,3,1,1,1,1,2,2,,2,2,2,2,,,,,,,,,,,,,,,,,,,,,,,,,2,,2,,,,2,2,2,,2,,2,,2,2,2,,,2,2,2,2,2,,,,2,2,,4,2,2,,2,,2,,2,2,,,,,1,1,1,2,,,2,1,,2,2,,,,,,,,2,,,,,,4,1,1,,,,,,,,,,,,,,1,,1,1,,1,,1,4,1,1,2,2,,2,1,,1,1,3,,1,1,1,1,1,2,1,2,,,,,,,,,,1,2,,,,,,,,,,,,,,
2024,"Egypt, Arab Rep.",EGY,Middle East & North Africa (excluding high income),77385958,153270042,0.290270706,2,40,2,4,1,2,1,0,1,0,0,0,4,4,4,4,0,2,3,0,1,2,1,4,2,,2,1,2,2,,,,,,,,,,,,,,,,,,,,,,,,,2,,2,,,,2,2,2,,2,,2,,2,2,2,,,2,3,2,1,2,,,,2,2,,4,2,2,,2,,2,,2,1,2,2,,1,2,,,,,,,,,2,2,,,,,,,,2,,,,,,3,1,1,,,,,,,,,,,,,,1,,1,1,,1,,1,4,1,1,1,2,,2,1,,1,1,3,,1,1,1,1,2,2,2,2,,,,,,,,,,1,2,,,,,,,,,,,,,,
2024,"Egypt, Arab Rep.",EGY,Middle East & North Africa (excluding high income),77385958,153416899,0.264576364,2,51,2,1,1,1,0,0,0,0,1,0,4,4,4,4,0,2,3,0,2,,,,,,,,,,2,2,1,2,1,2,1,2,2,,,,,,,,,,,,,,,,2,,2,,,,2,2,2,,1,,1,,2,2,1,,,,2,1,1,1,2,1,,,,,,,,,2,,2,,2,1,2,2,,1,2,,,,,,,,,2,2,,,,,,,,2,,,,,,5,0,1,,,,,,,,,,,,,,2,2,1,1,,1,,2,4,2,,2,2,,2,2,2,,,,,,,,,,,,,1,2,2,2,2,2,2,1,1,1,2,,,,,,,,,,,,,,
2024,"Egypt, Arab Rep.",EGY,Middle East & North Africa (excluding high income),77385958,153545119,2.889474023,1,22,1,1,1,2,1,0,1,0,1,0,2,4,4,4,0,4,2,0,1,2,2,4,4,2,2,2,2,1,,,,,,,,,,,,,,,,,,,,,,,,,2,,2,,,,2,2,2,,1,,1,,1,2,1,2,,,7,,4,2,,,,2,2,,4,2,2,,2,,1,2,2,2,,,,,1,2,2,2,1,,,,,2,2,,,,,,,,2,,,,,,4,1,1,,,,,,,,,,,,,,1,,2,1,,1,,1,1,1,1,2,2,,1,1,,1,2,,1,1,1,1,1,1,2,2,1,,,,,,,,,,1,2,,,,,,,,,,,,,,
2024,"Egypt, Arab Rep.",EGY,Middle East & North Africa (excluding high income),77385958,153578345,2.212691498,2,23,3,5,1,1,0,0,0,0,1,0,2,4,4,2,0,2,1,0,2,,,,,,,,,,2,2,1,1,1,1,1,1,1,,,,,,,,,,,,,,,,2,,2,,,,2,2,2,,2,,1,,2,2,1,,,,2,2,4,2,,,,,,,,,,,2,,1,1,2,1,2,2,,1,1,1,2,2,1,,,,,2,2,,,,,,,,1,2,2,1,,1,1,1,1,,,,,,,,,,,,,,1,,1,1,,1,,1,2,1,1,1,1,2,2,1,,1,1,2,,1,1,1,1,1,2,2,2,,,,,,,,,,1,2,,,,,,,,,,,,,,
2024,"Egypt, Arab Rep.",EGY,Middle East & North Africa (excluding high income),77385958,153870662,0.577311759,2,50,2,3,1,2,0,0,0,0,0,0,4,4,4,4,0,2,3,0,2,,,,,,,,,,2,2,1,2,2,2,1,2,2,,,,,,,,,,,,,,,,2,,2,,,,2,2,2,,2,,2,,2,2,2,,,2,7,,1,2,,,,,,,,,,,2,,2,,2,1,2,2,,1,2,,,,,,,,,2,2,,,,,,,,2,,,,,,4,1,1,,,,,,,,,,,,,,1,,1,1,,1,,1,4,1,1,2,2,,2,1,,2,1,3,,1,1,1,2,2,2,2,2,,,,,,,,,,1,2,,,,,,,,,,,,,,
2024,"Egypt, Arab Rep.",EGY,Middle East & North Africa (excluding high income),77385958,153940128,0.838631303,1,69,1,4,2,2,0,0,0,0,0,0,4,4,4,4,0,2,3,0,2,,,,,,,,,,2,2,2,2,2,1,1,2,1,,,,,,,,,,,,,,,,2,,2,,,,2,2,2,,2,,2,,2,2,2,,,2,2,2,5,2,,,,,,,,,,,2,,2,,2,1,2,2,,1,2,,,,,,,,,2,2,,,,,,,,2,,,,,,3,0,1,,,,,,,,,,,,,,1,,2,1,,2,,,1,2,,2,1,2,2,2,2,,,,,2,2,2,2,2,2,2,2,,,,,,,,,,1,2,,,,,,,,,,,,,,
2024,"Egypt, Arab Rep.",EGY,Middle East & North Africa (excluding high income),77385958,153984748,2.889474023,2,21,1,3,1,2,0,0,0,0,1,0,4,4,4,4,0,4,3,0,2,,,,,,,,,,2,2,2,2,2,1,1,2,2,,,,,,,,,,,,,,,,2,,2,,,,2,2,2,,2,,1,,2,2,2,,,,7,,1,2,,,,,,,,,,,2,,2,,2,2,,,,,2,,,,,,,,,2,2,,,,,,,,2,,,,,,3,0,2,1,2,2,2,2,2,1,1,1,2,2,2,,,,,,,,,,,,,,,,,2,2,,,,,,,,,,,,,,,,,,,,,,1,2,,,,,,,,,,,,,,
2024,"Egypt, Arab Rep.",EGY,Middle East & North Africa (excluding high income),77385958,154116788,0.963473485,1,42,1,2,2,2,1,0,1,1,1,0,4,1,4,4,0,2,2,1,1,1,1,2,2,,2,1,1,2,,,,,,,,,,,,,,,,,,,,,,,,,2,,2,,,,2,2,2,,2,,1,,1,2,1,,,,2,1,2,2,,,,2,2,,4,2,2,,2,,1,2,2,1,2,2,,1,2,,,,,,,,,1,2,1,2,,,1,2,,2,,,,,,4,0,1,,,,,,,,,,,,,,1,,1,1,,1,,1,2,1,2,2,2,,2,2,2,,,,,2,2,2,2,2,2,2,2,,,,,,,,,,1,2,,,,,,,,,,,,,,
2024,"Egypt, Arab Rep.",EGY,Middle East & North Africa (excluding high income),77385958,154150750,2.464380123,1,23,3,4,2,2,0,1,1,1,0,0,4,4,4,4,0,4,1,1,2,,,,,,,,,,2,2,1,2,2,2,1,2,2,,,,,,,,,,,,,,,,2,2,2,,,,2,2,2,,2,2,2,,2,2,2,,,2,2,3,2,2,,,,2,2,,1,2,1,2,2,,1,1,1,2,,,,,2,,,,,,,,,2,2,,,,,,,,2,,,,,,3,1,1,,,,,,,,,,,,,,1,,1,1,,1,,1,3,1,1,2,2,,2,1,,1,2,,1,1,1,1,1,1,2,1,2,,,,,,,,,,1,2,,,,,,,,,,,,,,
2024,"Egypt, Arab Rep.",EGY,Middle East & North Africa (excluding high income),77385958,154262776,1.908699829,1,55,1,2,1,1,0,0,0,0,1,0,2,4,4,2,0,2,3,0,2,,,,,,,,,,2,2,2,2,2,2,2,2,2,,,,,,,,,,,,,,,,2,,2,,,,2,2,2,,1,,2,,2,2,1,,,,4,3,1,2,,,,,,,,,,,2,,2,,2,1,2,2,,1,1,2,2,2,1,,,,,2,2,,,,,,,,1,2,2,1,,2,3,0,2,2,2,2,2,2,2,2,,2,,,,2,,,,,,,,,,,,,,,,2,2,,,,,,,,,,,,,,,,,,,,,,1,2,,,,,,,,,,,,,,
2024,"Egypt, Arab Rep.",EGY,Middle East & North Africa (excluding high income),77385958,154365560,0.738140889,1,51,1,4,2,2,1,0,1,0,1,0,4,1,4,4,0,2,3,1,1,2,1,4,2,,2,1,2,2,,,,,,,,,,,,,,,,,,,,,,,,,2,,2,,,,2,2,2,,2,,1,,1,2,1,,,,4,1,3,2,,,,2,2,,4,2,2,,2,,2,,2,1,2,2,,1,2,,,,,,,,,1,2,1,2,,,1,2,,2,,,,,,4,0,1,,,,,,,,,,,,,,2,2,2,1,,2,,,2,2,,2,2,,2,2,2,,,,,,,,,,,,,1,2,2,1,2,2,2,1,8,1,1,,,,,,,,,,,,,,
2024,"Egypt, Arab Rep.",EGY,Middle East & North Africa (excluding high income),77385958,154463865,2.166822014,1,32,3,5,1,2,1,0,1,0,1,0,2,4,4,4,0,4,3,1,1,2,2,2,2,,2,1,1,1,,,,,,,,,,,,,,,,,,,,,,,,,2,,2,,,,2,2,2,,2,,2,,2,2,2,1,2,,2,1,2,2,,,,2,2,,4,2,2,,2,,2,,2,2,,,,,1,2,2,2,1,,,,,2,2,,,,,,,,2,,,,,,5,1,1,,,,,,,,,,,,,,1,,1,1,,1,,1,1,1,1,1,1,2,1,1,,1,2,,1,1,1,1,1,1,2,1,2,,,,,,,,,,1,2,,,,,,,,,,,,,,
2024,"Egypt, Arab Rep.",EGY,Middle East & North Africa (excluding high income),77385958,154506370,0.959458313,1,65,1,1,1,2,1,0,1,0,0,0,4,4,1,4,0,2,3,1,1,2,1,2,2,,2,1,2,2,,,,,,,,,,,,,,,,,,,,,,,,,2,,2,,,,2,2,2,,2,,2,,2,2,2,,,2,7,,1,2,,,,2,2,,4,2,2,,2,,2,,2,1,2,2,,1,2,,,,,,,,,2,1,2,2,2,1,1,2,,2,,,,,,4,0,1,,,,,,,,,,,,,,2,2,2,2,,2,,,2,2,,2,2,,2,2,2,,,,,,,,,,,,,1,2,2,1,2,2,2,1,8,1,2,,,,,,,,,,,,,,
2024,"Egypt, Arab Rep.",EGY,Middle East & North Africa (excluding high income),77385958,154766673,0.593829382,1,34,2,2,2,1,0,0,0,0,1,0,4,4,4,4,0,4,3,0,2,,,,,,,,,,2,2,1,2,2,2,1,2,1,,,,,,,,,,,,,,,,2,,2,,,,2,2,2,,2,,1,,1,2,1,,,,2,2,4,2,,,,,,,,,,,2,,2,,2,2,,,,,2,,,,,,,,,2,2,,,,,,,,2,,,,,,4,1,1,,,,,,,,,,,,,,1,,1,1,,1,,1,2,1,2,2,1,2,2,1,,2,1,2,,2,2,1,1,2,2,2,2,,,,,,,,,,1,2,,,,,,,,,,,,,,
2024,"Egypt, Arab Rep.",EGY,Middle East & North Africa (excluding high income),77385958,154942533,0.885435442,1,34,2,3,2,1,0,0,0,0,1,1,4,4,4,4,0,4,3,0,2,,,,,,,,,,2,2,1,2,2,2,1,1,2,,,,,,,,,,,,,,,,2,,1,,,,,2,2,,2,,1,2,2,2,2,,,,2,2,4,2,,,,,,,,,,,2,,2,,2,2,,,,,2,,,,,,,,,2,2,,,,,,,,2,,,,,,6,0,1,,,,,,,,,,,,,,2,2,1,1,,1,,2,1,2,,2,2,,2,2,2,,,,,,,,,,,,,2,2,2,2,2,2,2,1,8,1,2,,,,,,,,,,,,,,
2024,"Egypt, Arab Rep.",EGY,Middle East & North Africa (excluding high income),77385958,154982688,1.194369104,1,47,1,2,2,1,1,0,1,1,0,0,4,1,4,4,0,4,3,1,1,1,1,2,2,,2,1,2,2,,,,,,,,,,,,,,,,,,,,,,,,,2,,2,,,,2,2,2,,2,,2,,2,2,2,,,2,7,,1,2,,,,2,2,,4,2,2,,2,,2,,2,2,,,,,2,,,,,,,,,1,2,2,2,2,1,1,2,,2,,,,,,3,0,1,,,,,,,,,,,,,,2,2,2,1,,1,,2,4,2,,2,2,,2,2,2,,,,,,,,,,,,,1,2,2,2,2,2,2,1,97,1,2,,,,,,,,,,,,,,
2024,"Egypt, Arab Rep.",EGY,Middle East & North Africa (excluding high income),77385958,155138792,1.885786171,2,24,1,5,1,1,1,1,1,1,1,1,4,4,4,4,0,2,1,1,1,1,1,2,2,,1,1,1,2,,,,,,,,,,,,,,,,,,,,,,,,,1,1,2,3,2,2,,2,2,,2,2,2,,2,2,1,,,2,2,2,1,2,,,,2,2,,1,1,1,2,1,1,2,,2,1,2,2,,1,2,,,,,,,,,2,2,,,,,,,,2,,,,,,3,1,1,,,,,,,,,,,,,,1,,1,1,,1,,1,1,1,1,2,1,2,2,1,,1,1,3,,1,1,1,1,1,1,2,1,,,,,,,,,,1,2,,,,,,,,,,,,,,
2024,"Egypt, Arab Rep.",EGY,Middle East & North Africa (excluding high income),77385958,155358555,0.705696773,2,29,2,2,1,2,0,0,0,0,1,0,2,4,4,4,0,4,2,0,2,,,,,,,,,,2,2,1,2,2,2,1,2,2,,,,,,,,,,,,,,,,2,,2,,,,2,2,2,,2,,1,,2,2,2,,,,2,1,1,2,,,,,,,,,,,2,,1,2,2,2,,,,,1,2,2,2,1,,,,,2,2,,,,,,,,2,,,,,,4,1,1,,,,,,,,,,,,,,1,,1,1,,1,,1,1,2,,2,2,,2,1,,2,1,2,,2,2,1,2,2,2,2,2,,,,,,,,,,1,2,,,,,,,,,,,,,,
2024,"Egypt, Arab Rep.",EGY,Middle East & North Africa (excluding high income),77385958,155415227,1.53277116,1,22,1,2,2,1,0,0,0,0,1,0,4,4,4,4,0,3,2,0,2,,,,,,,,,,2,2,2,2,2,2,1,2,2,,,,,,,,,,,,,,,,2,,2,,,,2,2,2,,2,,1,,2,2,1,,,,2,2,1,2,,,,,,,,,,,2,,1,2,2,1,2,2,,2,2,,,,,,,,,2,2,,,,,,,,2,,,,,,4,0,2,1,2,2,2,2,2,2,1,2,,,,1,,,,,,,,,,,,,,,,2,2,,,,,,,,,,,,,,,,,,,,,,1,2,,,,,,,,,,,,,,
2024,"Egypt, Arab Rep.",EGY,Middle East & North Africa (excluding high income),77385958,155553792,0.502365317,2,35,2,5,1,2,0,0,0,0,0,0,4,4,4,4,0,2,3,0,2,,,,,,,,,,2,2,1,2,2,2,1,1,2,,,,,,,,,,,,,,,,2,,2,,,,2,2,2,,2,,2,,2,2,2,,,2,2,2,3,2,,,,,,,,,,,2,,2,,2,1,2,2,,1,2,,,,,,,,,2,2,,,,,,,,2,,,,,,5,1,1,,,,,,,,,,,,,,1,,1,1,,1,,1,3,1,1,2,2,,2,1,,1,1,3,,1,1,1,1,1,2,2,1,,,,,,,,,,1,2,,,,,,,,,,,,,,
2024,"Egypt, Arab Rep.",EGY,Middle East & North Africa (excluding high income),77385958,155557872,0.373082416,1,39,2,1,2,2,0,0,0,0,1,0,4,4,4,4,0,4,3,0,2,,,,,,,,,,2,2,1,2,1,2,1,2,2,,,,,,,,,,,,,,,,2,,2,,,,2,2,2,,1,,1,,1,2,1,,,,7,,4,2,,,,,,,,,,,2,,2,,2,2,,,,,2,,,,,,,,,2,2,,,,,,,,2,,,,,,4,1,1,,,,,,,,,,,,,,1,,1,1,,1,,1,2,1,1,2,1,2,2,1,,1,1,2,,1,1,1,2,2,2,2,2,,,,,,,,,,1,2,,,,,,,,,,,,,,
2024,"Egypt, Arab Rep.",EGY,Middle East & North Africa (excluding high income),77385958,155980781,1.716676372,2,29,3,2,1,1,1,0,1,0,1,1,4,4,4,4,0,2,2,0,1,2,2,2,1,,1,1,2,2,,,,,,,,,,,,,,,,,,,,,,,,,1,,2,2,2,2,,2,2,,2,,1,,2,1,2,,,,2,2,1,2,,,,2,2,,4,2,2,,1,2,1,2,2,1,2,2,,1,2,,,,,,,,,2,2,,,,,,,,2,,,,,,3,1,1,,,,,,,,,,,,,,1,,1,1,,1,,1,2,1,1,2,2,,1,1,,1,1,2,,1,1,1,1,1,2,2,2,,,,,,,,,,1,2,,,,,,,,,,,,,,
2024,"Egypt, Arab Rep.",EGY,Middle East & North Africa (excluding high income),77385958,156020761,1.205427032,2,21,2,2,2,2,1,0,1,1,1,0,4,4,4,4,0,4,3,0,1,1,2,3,3,1,2,2,2,2,,,,,,,,,,,,,,,,,,,,,,,,,2,,2,,,,2,2,2,,2,,1,,1,2,2,,,,2,2,4,2,,,,2,2,,1,2,1,2,2,,2,,2,2,,,,,2,,,,,,,,,2,2,,,,,,,,2,,,,,,3,1,1,,,,,,,,,,,,,,1,,2,1,,1,,1,1,1,1,2,1,2,2,1,,1,2,,1,1,1,1,1,2,2,2,2,,,,,,,,,,1,2,,,,,,,,,,,,,,
2024,"Egypt, Arab Rep.",EGY,Middle East & North Africa (excluding high income),77385958,156033488,0.593829382,1,25,2,4,2,2,0,0,0,0,1,0,4,4,4,4,0,2,3,0,2,,,,,,,,,,2,2,1,2,2,2,1,2,2,,,,,,,,,,,,,,,,2,,2,,,,2,2,2,,2,,2,,2,2,1,,,2,4,2,2,2,,,,,,,,,,,2,,2,,2,1,2,2,,1,2,,,,,,,,,2,2,,,,,,,,2,,,,,,4,1,1,,,,,,,,,,,,,,1,,2,1,,1,,1,1,1,1,1,2,,2,2,1,2,2,,1,1,1,1,1,1,2,2,2,,,,,,,,,,1,2,,,,,,,,,,,,,,
2024,"Egypt, Arab Rep.",EGY,Middle East & North Africa (excluding high income),77385958,156083328,0.919374627,2,22,2,5,2,2,0,0,0,0,0,0,2,4,4,4,0,4,3,0,2,,,,,,,,,,2,2,1,2,2,2,1,2,2,,,,,,,,,,,,,,,,2,,2,,,,2,2,2,,2,,2,,2,2,2,,,2,2,2,1,2,,,,,,,,,,,2,,2,,2,2,,,,,1,2,2,2,1,,,,,2,2,,,,,,,,2,,,,,,4,1,1,,,,,,,,,,,,,,1,,2,1,,1,,1,2,2,,2,2,,2,1,,1,2,,1,1,1,1,1,2,2,2,2,,,,,,,,,,1,2,,,,,,,,,,,,,,
2024,"Egypt, Arab Rep.",EGY,Middle East & North Africa (excluding high income),77385958,156248021,1.453879628,2,49,1,2,1,1,0,0,0,0,1,0,2,4,4,4,0,2,3,0,2,,,,,,,,,,2,2,2,2,2,2,1,2,2,,,,,,,,,,,,,,,,2,,2,,,,2,2,2,,2,,1,,1,2,2,,,,2,1,2,2,,,,,,,,,,,2,,2,,2,1,2,2,,1,1,2,2,2,1,,,,,2,2,,,,,,,,2,,,,,,4,0,1,,,,,,,,,,,,,,2,2,2,1,,2,,,2,2,,2,2,,2,2,2,,,,,,,,,,,,,1,2,2,1,2,2,2,2,4,1,2,,,,,,,,,,,,,,
2024,"Egypt, Arab Rep.",EGY,Middle East & North Africa (excluding high income),77385958,156290693,1.592492139,1,48,1,1,2,2,1,0,1,1,0,0,4,1,4,4,0,4,3,1,1,1,1,2,2,,2,1,2,1,,,,,,,,,,,,,,,,,,,,,,,,,2,,2,,,,2,2,2,,2,,2,,2,2,2,2,,2,7,,1,2,,,,2,2,,4,2,2,,2,,2,,2,2,,,,,2,,,,,,,,,1,2,2,2,2,1,1,2,,2,,,,,,3,0,1,,,,,,,,,,,,,,2,2,1,2,,2,,,2,2,,2,2,,2,2,2,,,,,,,,,,,,,1,2,2,1,2,2,2,1,97,1,2,,,,,,,,,,,,,,
2024,"Egypt, Arab Rep.",EGY,Middle East & North Africa (excluding high income),77385958,156300942,0.300959026,2,35,2,2,1,2,0,0,0,0,1,0,2,4,4,4,0,2,2,0,2,,,,,,,,,,2,2,1,2,2,2,1,1,2,,,,,,,,,,,,,,,,2,,2,,,,2,2,2,,2,,1,,1,2,1,,,,7,,1,2,,,,,,,,,,,2,,1,2,2,1,2,2,,1,1,2,2,2,1,,,,,2,2,,,,,,,,2,,,,,,3,1,1,,,,,,,,,,,,,,1,,1,1,,1,,1,2,1,1,2,2,,2,1,,1,1,1,,1,2,1,1,1,2,2,2,,,,,,,,,,1,2,,,,,,,,,,,,,,
2024,"Egypt, Arab Rep.",EGY,Middle East & North Africa (excluding high income),77385958,156350741,0.300959026,2,42,2,2,1,2,1,0,1,0,1,1,1,4,4,4,0,2,3,1,1,2,1,2,2,,1,1,1,2,,,,,,,,,,,,,,,,,,,,,,,,,1,,1,2,2,2,,2,2,,2,,1,1,1,2,2,,,,1,2,3,2,,,,2,2,,4,2,2,,2,,2,,2,1,2,2,,1,1,1,1,2,,,2,2,,2,2,,,,,,,,2,,,,,,1,1,1,,,,,,,,,,,,,,1,,1,1,,1,,1,4,1,1,2,2,,2,1,,1,1,3,,1,1,1,1,1,2,1,2,,,,,,,,,,1,2,,,,,,,,,,,,,,
2024,"Egypt, Arab Rep.",EGY,Middle East & North Africa (excluding high income),77385958,156361603,0.718547584,2,31,2,2,1,2,1,0,1,1,1,1,1,4,4,4,1,4,2,1,1,1,1,2,2,,1,1,1,2,,,,,,,,,,,,,,,,,,,,,,,,,1,,2,2,2,1,,2,2,,2,,1,,1,2,2,,,,2,1,4,2,,,,2,1,3,,2,2,,1,2,1,2,2,2,,,,,1,1,1,2,,,2,2,,2,2,,,,,,,,2,,,,,,3,1,1,,,,,,,,,,,,,,1,,1,1,,1,,1,4,1,1,2,1,2,2,1,,1,1,3,,1,1,1,1,2,2,1,2,,,,,,,,,,1,2,,,,,,,,,,,,,,
2024,"Egypt, Arab Rep.",EGY,Middle East & North Africa (excluding high income),77385958,156475673,0.583209084,1,31,2,4,2,2,0,0,0,0,0,0,4,4,4,4,0,4,3,0,2,,,,,,,,,,2,2,1,2,3,1,1,2,1,,,,,,,,,,,,,,,,2,,2,,,,2,2,2,,2,,2,,2,2,2,,,2,2,2,3,2,,,,,,,,,,,2,,2,,2,2,,,,,2,,,,,,,,,2,2,,,,,,,,2,,,,,,3,0,2,2,2,2,2,1,2,1,5,1,2,2,2,,,,,,,,,,,,,,,,,2,2,,,,,,,,,,,,,,,,,,,,,,1,2,,,,,,,,,,,,,,
2024,"Egypt, Arab Rep.",EGY,Middle East & North Africa (excluding high income),77385958,156743206,1.195276741,1,47,1,3,2,1,0,0,0,0,1,0,4,4,4,4,0,3,3,0,2,,,,,,,,,,2,2,1,2,2,2,1,2,2,,,,,,,,,,,,,,,,2,,2,,,,2,2,2,,1,,1,,2,1,1,,,,4,1,4,2,,,,,,,,,,,2,,2,,2,1,2,2,,2,2,,,,,,,,,2,2,,,,,,,,2,,,,,,3,0,1,,,,,,,,,,,,,,2,2,2,1,,2,,,2,2,,2,2,,2,2,2,,,,,,,,,,,,,1,2,2,2,2,2,2,1,1,1,2,,,,,,,,,,,,,,
2024,"Egypt, Arab Rep.",EGY,Middle East & North Africa (excluding high income),77385958,156838264,0.443054156,1,32,2,2,1,2,1,0,1,0,1,0,4,4,4,4,0,2,2,0,1,2,2,4,4,2,2,2,2,2,,,,,,,,,,,,,,,,,,,,,,,,,2,,2,,,,2,2,2,,2,,1,,1,2,1,,,,2,1,4,2,,,,2,2,,4,2,2,,2,,1,2,2,1,2,2,,1,2,,,,,,,,,2,2,,,,,,,,2,,,,,,4,1,1,,,,,,,,,,,,,,1,,2,1,,1,,1,4,2,,2,1,2,2,1,,1,1,3,,1,1,1,1,1,2,2,2,,,,,,,,,,1,2,,,,,,,,,,,,,,
2024,"Egypt, Arab Rep.",EGY,Middle East & North Africa (excluding high income),77385958,156904749,1.873318304,1,30,1,2,2,2,1,0,1,1,1,0,4,1,1,4,0,2,2,1,1,1,1,4,2,,2,2,2,2,,,,,,,,,,,,,,,,,,,,,,,,,2,,2,,,,2,2,2,,2,,1,,2,2,1,,,,7,,4,2,,,,2,2,,4,2,2,,2,,1,2,2,1,2,2,,1,2,,,,,,,,,1,1,1,2,,,1,2,,2,,,,,,4,0,1,,,,,,,,,,,,,,2,2,1,1,,2,,,3,2,,2,2,,2,2,2,,,,,,,,,,,,,1,2,2,1,2,2,2,1,1,1,2,,,,,,,,,,,,,,
2024,"Egypt, Arab Rep.",EGY,Middle East & North Africa (excluding high income),77385958,156952200,0.843459069,1,40,1,2,2,2,1,0,1,0,1,0,4,4,4,4,0,2,2,0,1,2,1,4,4,2,2,2,2,2,,,,,,,,,,,,,,,,,,,,,,,,,2,,2,,,,2,2,2,,2,,1,,2,2,2,,,,7,,4,2,,,,2,2,,4,2,2,,2,,1,2,2,1,2,2,,1,2,,,,,,,,,2,2,,,,,,,,2,,,,,,4,1,1,,,,,,,,,,,,,,1,,1,1,,1,,1,1,1,1,2,2,,2,1,,1,1,3,,1,2,1,1,2,2,2,2,,,,,,,,,,1,2,,,,,,,,,,,,,,
2024,"Egypt, Arab Rep.",EGY,Middle East & North Africa (excluding high income),77385958,157057003,2.337705799,1,18,1,4,2,1,0,0,0,0,1,0,4,4,4,4,0,2,2,0,2,,,,,,,,,,2,2,2,2,2,1,1,2,2,,,,,,,,,,,,,,,,2,,2,,,,2,2,2,,2,,1,,1,2,1,,,,7,,3,2,,,,,,,,,,,2,,1,2,2,1,2,2,,1,2,,,,,,,,,2,2,,,,,,,,2,,,,,,3,0,2,1,2,2,2,2,2,1,7,1,1,2,2,,,,,,,,,,,,,,,,,2,2,,,,,,,,,,,,,,,,,,,,,,1,2,,,,,,,,,,,,,,
2024,"Egypt, Arab Rep.",EGY,Middle East & North Africa (excluding high income),77385958,157070232,0.705043647,2,26,3,5,1,2,1,1,1,1,1,1,2,4,4,4,1,2,1,1,1,1,1,2,2,,1,2,1,2,,,,,,,,,,,,,,,,,,,,,,,,,2,1,2,2,2,1,,1,2,,2,2,1,,1,1,1,,,,2,2,3,2,,,,2,1,2,,1,1,2,1,1,1,1,2,1,2,2,,1,1,2,2,2,1,,,,,2,2,,,,,,,,2,,,,,,3,1,1,,,,,,,,,,,,,,1,,1,1,,1,,1,4,1,1,2,1,2,2,1,,1,1,3,,1,1,1,1,1,1,1,1,,,,,,,,,,1,2,,,,,,,,,,,,,,
2024,"Egypt, Arab Rep.",EGY,Middle East & North Africa (excluding high income),77385958,157101029,0.324560512,2,36,2,5,1,2,0,0,0,0,0,0,2,4,4,4,0,2,3,0,2,,,,,,,,,,2,2,1,2,1,1,1,2,2,,,,,,,,,,,,,,,,2,,2,,,,2,2,2,,2,,2,,2,2,2,,,2,2,2,2,2,,,,,,,,,,,2,,2,,2,1,2,2,,1,1,2,2,2,1,,,,,2,2,,,,,,,,2,,,,,,3,0,1,,,,,,,,,,,,,,2,2,1,1,,2,,,1,2,,2,2,,2,2,2,,,,,,,,,,,,,1,2,1,1,2,2,2,1,3,1,2,,,,,,,,,,,,,,
2024,"Egypt, Arab Rep.",EGY,Middle East & North Africa (excluding high income),77385958,157245516,0.634222109,2,56,2,5,1,1,1,0,1,1,0,0,1,4,4,2,0,2,3,1,1,1,1,2,2,,1,1,2,2,,,,,,,,,,,,,,,,,,,,,,,,,2,,2,,,,2,2,2,,2,,2,,2,2,2,,,2,2,3,1,2,,,,2,2,,1,2,2,,2,,2,,2,1,2,2,,1,1,1,1,2,,,2,2,,2,2,,,,,,,,1,2,2,1,,1,3,1,1,,,,,,,,,,,,,,1,,1,1,,1,,1,1,2,,2,2,,2,1,,1,1,3,,1,2,1,1,2,2,1,2,,,,,,,,,,1,2,,,,,,,,,,,,,,
2024,"Egypt, Arab Rep.",EGY,Middle East & North Africa (excluding high income),77385958,157393391,2.889474023,2,24,1,3,2,1,0,0,0,0,0,1,2,4,4,4,0,4,3,0,2,,,,,,,,,,2,2,1,2,2,2,2,2,2,,,,,,,,,,,,,,,,2,,2,,,,1,2,2,,2,,2,,2,2,2,,,2,6,2,3,2,,,,,,,,,,,2,,2,,2,2,,,,,1,2,2,2,1,,,,,2,2,,,,,,,,2,,,,,,3,1,1,,,,,,,,,,,,,,1,,1,1,,1,,1,4,1,1,2,2,,2,1,,1,1,3,,1,1,1,2,2,2,2,2,,,,,,,,,,1,2,,,,,,,,,,,,,,
2024,"Egypt, Arab Rep.",EGY,Middle East & North Africa (excluding high income),77385958,157485124,1.431524872,1,60,1,5,2,2,1,0,1,1,0,0,4,1,1,4,0,2,3,1,1,1,1,2,2,,2,1,2,2,,,,,,,,,,,,,,,,,,,,,,,,,2,,2,,,,2,2,2,,2,,2,,2,2,2,,,2,2,2,2,2,,,,2,2,,1,2,2,,2,,2,,2,1,2,2,,1,2,,,,,,,,,1,1,1,2,,,1,2,,2,,,,,,4,0,1,,,,,,,,,,,,,,2,2,1,1,,2,,,2,2,,2,2,,2,2,2,,,,,,,,,,,,,2,2,2,1,2,2,2,2,4,1,2,,,,,,,,,,,,,,
2024,"Egypt, Arab Rep.",EGY,Middle East & North Africa (excluding high income),77385958,157532528,0.963473485,1,41,1,2,1,2,0,0,0,0,1,0,4,4,4,4,0,2,3,0,2,,,,,,,,,,2,2,1,2,2,2,1,2,2,,,,,,,,,,,,,,,,2,,2,,,,2,2,2,,1,,2,,2,1,2,,,,7,,1,2,,,,,,,,,,,2,,2,,2,1,2,2,,1,2,,,,,,,,,2,2,,,,,,,,2,,,,,,6,0,1,,,,,,,,,,,,,,2,2,2,1,,1,,2,4,2,,2,2,,2,2,2,,,,,,,,,,,,,1,1,2,2,2,2,2,2,1,1,2,,,,,,,,,,,,,,
2024,"Egypt, Arab Rep.",EGY,Middle East & North Africa (excluding high income),77385958,157552842,0.262278606,2,47,2,5,2,1,1,0,1,0,1,0,4,1,1,4,0,2,3,1,1,2,1,2,2,,2,2,2,2,,,,,,,,,,,,,,,,,,,,,,,,,2,,2,,,,2,2,2,,1,,2,,2,2,2,,,,4,1,4,2,,,,2,2,,4,2,2,,2,,2,,2,1,2,2,,1,2,,,,,,,,,1,1,1,2,,,1,2,,2,,,,,,3,0,2,1,2,2,2,2,2,1,1,1,1,2,2,,,,,,,,,,,,,,,,,2,2,,,,,,,,,,,,,,,,,,,,,,1,2,,,,,,,,,,,,,,
2024,"Egypt, Arab Rep.",EGY,Middle East & North Africa (excluding high income),77385958,157801952,1.304130236,2,28,3,5,1,1,1,1,1,1,0,1,4,4,4,2,0,2,1,1,1,1,1,2,2,,1,1,2,2,,,,,,,,,,,,,,,,,,,,,,,,,2,2,2,,,,1,2,2,,2,2,2,,2,2,2,,,2,2,2,4,2,,,,2,2,,1,2,2,,1,1,1,1,2,1,2,2,,1,2,,,,,,,,,2,2,,,,,,,,1,2,2,1,,1,4,1,1,,,,,,,,,,,,,,1,,1,1,,1,,1,2,1,1,2,1,2,2,1,,1,1,4,,2,1,1,1,1,2,1,2,,,,,,,,,,1,2,,,,,,,,,,,,,,
2024,"Egypt, Arab Rep.",EGY,Middle East & North Africa (excluding high income),77385958,157818387,1.138947038,2,19,2,1,1,2,1,1,1,1,0,0,4,4,4,4,1,1,1,1,2,,,,,,,,,,,,,,,,,,,,,,,,,,,,,,,,,,2,2,2,,,,2,2,2,,2,2,2,,2,2,2,,,2,2,1,1,2,,,,2,2,,4,2,1,3,1,1,1,1,2,1,1,2,,,2,,,,,,,,,2,2,,,,,,,,2,,,,,,3,1,1,,,,,,,,,,,,,,1,,1,1,,1,,1,2,1,1,2,2,,2,1,,1,1,1,,1,1,1,1,2,2,2,2,,,,,,,,,,1,2,,,,,,,,,,,,,,
2024,"Egypt, Arab Rep.",EGY,Middle East & North Africa (excluding high income),77385958,157933773,1.197341498,2,21,2,3,1,2,0,0,0,0,0,0,2,4,4,4,0,2,3,0,2,,,,,,,,,,2,2,2,2,1,2,1,2,2,,,,,,,,,,,,,,,,2,2,2,,,,2,2,2,,2,2,2,,2,2,2,,,2,5,1,3,2,,,,2,2,,4,2,2,,2,,2,,2,1,2,2,,1,1,2,2,2,1,,,,,2,2,,,,,,,,2,,,,,,2,0,1,,,,,,,,,,,,,,2,2,2,1,,2,,,2,2,,2,2,,2,2,2,,,,,,,,,,,,,1,1,2,2,2,2,2,2,1,1,2,,,,,,,,,,,,,,
2024,"Egypt, Arab Rep.",EGY,Middle East & North Africa (excluding high income),77385958,158047798,0.60129116,2,60,1,3,2,1,1,0,1,0,0,0,4,1,4,4,0,2,2,1,1,2,1,2,2,,2,2,2,2,,,,,,,,,,,,,,,,,,,,,,,,,2,,2,,,,2,2,2,,2,,2,,2,2,2,,,2,7,,1,2,,,,2,2,,4,1,2,,2,,1,2,2,1,2,2,,1,2,,,,,,,,,1,2,1,2,,,1,2,,2,,,,,,3,0,2,1,2,2,1,2,2,2,1,2,,,,2,,,,,,,,,,,,,,,,2,2,,,,,,,,,,,,,,,,,,,,,,1,2,,,,,,,,,,,,,,
2024,"Egypt, Arab Rep.",EGY,Middle East & North Africa (excluding high income),77385958,158061030,1.242511147,2,44,1,3,1,2,0,1,1,1,1,0,4,4,4,4,0,2,1,1,2,,,,,,,,,,2,2,1,2,2,2,1,2,2,,,,,,,,,,,,,,,,2,2,2,,,,2,2,2,,2,2,1,,1,2,2,,,,2,2,3,2,,,,2,2,,4,2,2,,1,1,1,1,2,1,2,2,,1,2,,,,,,,,,2,2,,,,,,,,2,,,,,,3,0,1,,,,,,,,,,,,,,2,2,1,1,,2,,,2,2,,2,2,,2,2,2,,,,,,,,,,,,,1,1,2,1,2,2,1,1,8,1,2,,,,,,,,,,,,,,
2024,"Egypt, Arab Rep.",EGY,Middle East & North Africa (excluding high income),77385958,158066240,1.225832837,2,18,2,3,2,2,0,0,0,0,0,0,4,4,4,4,0,4,3,0,2,,,,,,,,,,2,2,2,2,2,2,1,2,2,,,,,,,,,,,,,,,,2,2,2,,,,2,2,2,,2,2,2,,2,2,2,,,2,2,3,2,2,,,,2,2,,4,2,2,,2,,2,,2,2,,,,,2,,,,,,,,,2,2,,,,,,,,2,,,,,,3,1,2,2,2,2,2,2,2,1,7,1,1,2,2,,,,,,,,,,,,,,,,,1,,2,1,3,,1,1,1,1,1,2,2,2,,,,,,,,,,1,2,,,,,,,,,,,,,,
2024,"Egypt, Arab Rep.",EGY,Middle East & North Africa (excluding high income),77385958,158229133,1.817517647,1,23,3,3,2,2,0,0,0,0,0,0,4,4,4,4,0,4,3,0,2,,,,,,,,,,2,2,2,2,2,2,1,2,2,,,,,,,,,,,,,,,,2,,2,,,,2,2,2,,2,,2,,2,2,2,,,2,7,,1,2,,,,,,,,,,,2,,2,,2,2,,,,,2,,,,,,,,,2,2,,,,,,,,2,,,,,,4,1,1,,,,,,,,,,,,,,1,,1,1,,1,,1,1,1,1,2,2,,2,1,,1,2,,1,1,1,1,1,1,2,2,2,,,,,,,,,,1,2,,,,,,,,,,,,,,
2024,"Egypt, Arab Rep.",EGY,Middle East & North Africa (excluding high income),77385958,158361305,0.290270706,2,37,2,3,1,1,1,0,1,0,1,0,2,1,4,4,0,2,3,1,1,2,1,2,2,,2,2,2,2,,,,,,,,,,,,,,,,,,,,,,,,,2,,2,,,,2,2,2,,2,,1,,1,2,1,,,,2,2,1,2,,,,2,2,,4,2,2,,2,,2,,2,1,2,2,,1,1,2,2,2,1,,,,,1,2,1,2,,,1,2,,2,,,,,,4,1,1,,,,,,,,,,,,,,1,,2,1,,1,,1,1,1,1,2,2,,2,1,,3,2,,2,2,2,1,1,2,2,2,2,,,,,,,,,,1,2,,,,,,,,,,,,,,
2024,"Egypt, Arab Rep.",EGY,Middle East & North Africa (excluding high income),77385958,158394398,0.480056707,2,23,2,5,1,2,1,1,1,1,1,0,1,4,4,4,0,2,3,1,1,2,2,2,2,,1,1,2,2,,,,,,,,,,,,,,,,,,,,,,,,,2,2,2,,,,2,2,2,,2,2,1,,2,1,2,,,,2,2,3,2,,,,2,2,,4,2,1,2,2,,2,,2,1,2,2,,1,1,2,1,2,,,2,2,,2,2,,,,,,,,2,,,,,,3,1,1,,,,,,,,,,,,,,1,,1,1,,1,,1,1,1,1,2,2,,1,1,,1,1,3,,1,1,1,1,1,2,2,2,,,,,,,,,,1,2,,,,,,,,,,,,,,
2024,"Egypt, Arab Rep.",EGY,Middle East & North Africa (excluding high income),77385958,158423044,1.17011955,1,40,1,3,1,1,1,0,1,0,1,1,4,1,4,4,0,2,3,1,1,2,1,2,2,,2,2,2,2,,,,,,,,,,,,,,,,,,,,,,,,,2,,1,,,,,2,2,,2,,2,2,2,2,1,,,2,2,2,3,2,,,,2,2,,4,2,2,,2,,2,,2,1,2,2,,1,2,,,,,,,,,1,2,1,2,,,1,2,,2,,,,,,3,0,2,2,2,2,2,1,2,1,5,2,,,,1,,,,,,,,,,,,,,,,2,2,,,,,,,,,,,,,,,,,,,,,,1,2,,,,,,,,,,,,,,
2024,"Egypt, Arab Rep.",EGY,Middle East & North Africa (excluding high income),77385958,158506819,0.268668069,1,38,2,1,2,1,1,0,1,1,0,0,4,1,4,4,0,4,3,1,1,1,1,2,2,,2,1,2,1,,,,,,,,,,,,,,,,,,,,,,,,,2,,2,,,,2,2,2,,2,,2,,2,2,2,2,,2,7,,1,2,,,,2,2,,4,2,2,,2,,2,,2,2,,,,,2,,,,,,,,,1,2,2,2,2,1,1,2,,2,,,,,,3,0,1,,,,,,,,,,,,,,2,2,1,2,,1,,2,4,2,,2,2,,2,2,2,,,,,,,,,,,,,1,2,2,2,2,2,2,1,8,1,2,,,,,,,,,,,,,,
2024,"Egypt, Arab Rep.",EGY,Middle East & North Africa (excluding high income),77385958,158512299,1.091098839,2,59,1,2,2,2,1,0,1,1,0,0,4,4,4,4,0,2,3,0,1,1,1,2,2,,2,1,2,2,,,,,,,,,,,,,,,,,,,,,,,,,2,,2,,,,2,2,2,,2,,2,,2,2,2,,,2,5,1,2,2,,,,2,2,,4,2,2,,2,,2,,2,1,2,2,,1,2,,,,,,,,,2,2,,,,,,,,2,,,,,,4,0,1,,,,,,,,,,,,,,1,,1,1,,1,,2,3,2,,2,2,,2,2,2,,,,,2,2,2,2,2,2,2,2,,,,,,,,,,1,2,,,,,,,,,,,,,,
2024,"Egypt, Arab Rep.",EGY,Middle East & North Africa (excluding high income),77385958,158543204,2.631003684,2,30,1,2,1,2,0,0,0,0,1,0,2,4,4,4,0,2,3,0,2,,,,,,,,,,2,2,1,2,2,2,1,2,2,,,,,,,,,,,,,,,,2,,2,,,,2,2,2,,1,,1,,2,1,2,,,,4,1,4,2,,,,,,,,,,,2,,2,,2,1,2,2,,1,1,2,2,2,1,,,,,2,2,,,,,,,,2,,,,,,4,1,1,,,,,,,,,,,,,,1,,2,1,,2,,,2,1,1,2,2,,2,1,,2,1,2,,1,1,1,2,2,2,2,2,,,,,,,,,,1,2,,,,,,,,,,,,,,
2024,"Egypt, Arab Rep.",EGY,Middle East & North Africa (excluding high income),77385958,158601091,0.283882895,1,38,2,2,1,2,0,0,0,0,1,0,2,4,4,4,0,4,3,0,2,,,,,,,,,,2,2,2,2,1,2,1,2,2,,,,,,,,,,,,,,,,2,,2,,,,2,2,2,,2,,2,,2,2,1,,,2,2,1,1,2,,,,,,,,,,,2,,2,,2,2,,,,,1,2,2,2,1,,,,,2,2,,,,,,,,2,,,,,,4,0,1,,,,,,,,,,,,,,2,2,2,1,,2,,,1,2,,2,2,,2,2,2,,,,,,,,,,,,,1,2,2,2,1,2,2,1,1,1,2,,,,,,,,,,,,,,
2024,"Egypt, Arab Rep.",EGY,Middle East & North Africa (excluding high income),77385958,158975896,1.20258232,2,75,1,5,2,2,1,0,1,0,0,0,4,1,1,4,0,2,3,1,1,2,1,2,2,,2,2,2,2,,,,,,,,,,,,,,,,,,,,,,,,,2,,2,,,,2,2,2,,2,,2,,2,2,2,,,2,2,2,1,2,,,,2,2,,1,2,2,,2,,2,,2,1,2,2,,1,2,,,,,,,,,1,1,1,2,,,1,2,,2,,,,,,4,0,1,,,,,,,,,,,,,,2,2,1,1,,2,,,2,2,,2,2,,2,2,2,,,,,,,,,,,,,1,2,2,1,2,2,2,1,1,1,2,,,,,,,,,,,,,,
2024,"Egypt, Arab Rep.",EGY,Middle East & North Africa (excluding high income),77385958,158997342,0.60035918,2,31,2,3,1,2,1,0,1,0,1,1,1,4,4,4,0,2,2,1,1,2,1,2,2,,2,1,2,2,,,,,,,,,,,,,,,,,,,,,,,,,2,,1,,,,,2,2,,2,,1,1,2,2,2,,,,2,2,2,2,,,,2,2,,4,2,2,,1,2,1,2,2,1,2,2,,1,1,2,1,2,,,2,1,,2,2,,,,,,,,2,,,,,,1,1,1,,,,,,,,,,,,,,1,,1,1,,1,,1,1,1,1,2,2,,2,1,,1,1,3,,1,1,1,1,1,2,1,2,,,,,,,,,,1,2,,,,,,,,,,,,,,
2024,"Egypt, Arab Rep.",EGY,Middle East & North Africa (excluding high income),77385958,159153415,0.583209084,1,32,2,5,2,2,0,0,0,0,0,0,4,4,4,4,0,4,3,0,2,,,,,,,,,,2,2,1,2,2,1,1,2,2,,,,,,,,,,,,,,,,2,,2,,,,2,2,2,,2,,2,,2,2,2,,,2,2,2,4,2,,,,,,,,,,,2,,2,,2,2,,,,,2,,,,,,,,,2,2,,,,,,,,2,,,,,,4,0,1,,,,,,,,,,,,,,2,2,1,1,,2,,,2,1,1,2,2,,2,2,2,,,,,,,,,,,,,1,2,2,2,2,2,2,2,1,1,2,,,,,,,,,,,,,,
2024,"Egypt, Arab Rep.",EGY,Middle East & North Africa (excluding high income),77385958,159236886,0.954349915,1,59,1,5,2,1,1,0,1,1,0,0,4,1,4,4,0,2,3,1,1,1,1,2,2,,1,2,2,2,,,,,,,,,,,,,,,,,,,,,,,,,2,,2,,,,2,2,2,,2,,2,,2,2,2,,,2,2,2,2,2,,,,2,2,,1,2,2,,2,,2,,2,1,2,2,,1,2,,,,,,,,,1,2,1,2,,,1,2,,2,,,,,,4,1,1,,,,,,,,,,,,,,1,,8,1,,1,,1,2,2,,2,2,,2,1,,2,2,,1,2,2,1,2,2,2,2,2,,,,,,,,,,1,2,,,,,,,,,,,,,,
2024,"Egypt, Arab Rep.",EGY,Middle East & North Africa (excluding high income),77385958,159247708,0.347986395,1,50,1,3,2,2,1,0,1,1,1,0,4,4,4,4,0,2,3,0,1,1,1,2,2,,2,1,2,2,,,,,,,,,,,,,,,,,,,,,,,,,2,,2,,,,2,2,2,,2,,1,,1,2,1,,,,7,,5,2,,,,2,2,,4,2,2,,2,,2,,2,1,2,2,,1,2,,,,,,,,,2,2,,,,,,,,2,,,,,,4,0,1,,,,,,,,,,,,,,2,2,1,1,,2,,,2,2,,2,2,,2,2,2,,,,,,,,,,,,,1,2,2,1,2,2,2,1,1,1,2,,,,,,,,,,,,,,
2024,"Egypt, Arab Rep.",EGY,Middle East & North Africa (excluding high income),77385958,159298110,1.349522324,1,25,3,4,1,2,1,0,1,1,0,0,1,4,4,4,0,4,3,1,1,1,1,4,2,,1,1,2,2,,,,,,,,,,,,,,,,,,,,,,,,,2,,2,,,,2,2,2,,2,,2,,2,2,2,,,2,2,2,3,2,,,,2,2,,4,2,2,,2,,2,,2,2,,,,,1,1,1,2,,,2,2,,2,2,,,,,,,,2,,,,,,4,1,1,,,,,,,,,,,,,,1,,1,1,,1,,1,1,1,1,2,1,2,1,1,,1,1,1,,1,1,1,2,1,2,2,2,,,,,,,,,,1,2,,,,,,,,,,,,,,
2024,"Egypt, Arab Rep.",EGY,Middle East & North Africa (excluding high income),77385958,159326412,0.947948508,1,72,1,1,2,2,1,0,1,0,0,0,4,4,3,4,0,4,3,0,1,2,1,2,2,,2,2,2,2,,,,,,,,,,,,,,,,,,,,,,,,,2,,2,,,,2,2,2,,2,,2,,2,2,2,,,2,2,1,4,2,,,,2,2,,4,2,2,,2,,2,,2,2,,,,,2,,,,,,,,,2,1,2,2,2,2,,,,2,,,,,,4,0,1,,,,,,,,,,,,,,2,2,2,1,,8,,,2,2,,2,2,,2,2,2,,,,,,,,,,,,,2,2,2,1,2,2,2,2,4,1,2,,,,,,,,,,,,,,
2024,"Egypt, Arab Rep.",EGY,Middle East & North Africa (excluding high income),77385958,159448907,1.358240087,2,45,1,1,2,2,0,0,0,0,1,0,2,4,4,4,0,2,2,0,2,,,,,,,,,,2,2,2,2,2,2,1,2,2,,,,,,,,,,,,,,,,2,,2,,,,2,2,2,,2,,1,,1,2,1,,,,2,1,1,2,,,,,,,,,,,2,,1,2,2,1,2,2,,1,1,2,2,2,1,,,,,2,2,,,,,,,,2,,,,,,4,0,1,,,,,,,,,,,,,,2,2,1,1,,2,,,2,2,,2,2,,2,2,2,,,,,,,,,,,,,1,2,2,1,2,2,2,2,1,1,2,,,,,,,,,,,,,,
2024,"Egypt, Arab Rep.",EGY,Middle East & North Africa (excluding high income),77385958,159509757,1.95401444,2,40,1,4,1,2,0,0,0,0,0,0,2,4,4,4,0,2,3,0,2,,,,,,,,,,2,2,2,2,2,2,1,2,2,,,,,,,,,,,,,,,,2,,2,,,,2,2,2,,2,,2,,2,2,2,,,2,2,1,2,2,,,,,,,,,,,2,,2,,2,1,2,2,,1,1,2,2,2,1,,,,,2,2,,,,,,,,2,,,,,,4,1,1,,,,,,,,,,,,,,1,,1,1,,2,,,2,2,,2,2,,2,1,,1,1,3,,1,1,1,2,2,2,2,2,,,,,,,,,,1,2,,,,,,,,,,,,,,
2024,"Egypt, Arab Rep.",EGY,Middle East & North Africa (excluding high income),77385958,159556739,0.622465548,2,25,2,4,1,2,0,0,0,0,1,0,4,4,4,4,0,2,1,0,2,,,,,,,,,,2,2,1,2,2,2,1,2,2,,,,,,,,,,,,,,,,2,,2,,,,2,2,2,,2,,1,,1,2,1,,,,2,2,3,2,,,,,,,,,,,2,,1,1,2,1,2,2,,1,2,,,,,,,,,2,2,,,,,,,,2,,,,,,4,1,1,,,,,,,,,,,,,,1,,1,1,,1,,1,2,1,1,2,2,,2,1,,1,1,3,,1,1,1,1,1,2,2,2,,,,,,,,,,1,2,,,,,,,,,,,,,,
2024,"Egypt, Arab Rep.",EGY,Middle East & North Africa (excluding high income),77385958,159593786,0.58714744,1,30,2,4,1,1,0,0,0,0,0,0,4,4,4,4,0,4,3,0,2,,,,,,,,,,2,2,1,2,2,2,1,2,2,,,,,,,,,,,,,,,,2,,2,,,,2,2,2,,2,,2,,2,2,2,,,2,7,,1,2,,,,,,,,,,,2,,2,,2,2,,,,,2,,,,,,,,,2,2,,,,,,,,2,,,,,,4,0,1,,,,,,,,,,,,,,2,2,1,1,,1,,2,1,2,,2,2,,2,2,2,,,,,,,,,,,,,1,2,2,2,2,2,2,2,1,1,2,,,,,,,,,,,,,,
2024,"Egypt, Arab Rep.",EGY,Middle East & North Africa (excluding high income),77385958,159679969,1.249154346,1,16,2,1,2,1,0,0,0,0,0,0,4,4,4,4,0,4,3,0,2,,,,,,,,,,2,2,2,2,1,1,1,2,2,,,,,,,,,,,,,,,,2,,2,,,,2,2,2,,2,,2,,2,2,2,,,2,7,,1,2,,,,,,,,,,,2,,2,,2,2,,,,,2,,,,,,,,,2,2,,,,,,,,2,,,,,,3,0,2,1,2,2,2,1,2,2,5,1,2,2,2,,,,,,,,,,,,,,,,,2,2,,,,,,,,,,,,,,,,,,,,,,1,2,,,,,,,,,,,,,,
2024,"Egypt, Arab Rep.",EGY,Middle East & North Africa (excluding high income),77385958,159686860,0.343610895,2,41,2,5,1,2,1,0,1,0,1,1,2,4,4,4,0,2,2,1,1,2,2,3,3,1,1,1,1,1,,,,,,,,,,,,,,,,,,,,,,,,,1,,2,3,1,2,,2,2,,2,,1,,2,2,1,1,2,,2,2,3,2,,,,2,2,,1,2,2,,1,2,1,2,2,1,2,2,,1,1,2,2,2,1,,,,,2,2,,,,,,,,2,,,,,,5,1,1,,,,,,,,,,,,,,1,,1,1,,1,,1,1,1,1,2,1,2,2,1,,1,1,2,,2,1,1,1,1,2,2,2,,,,,,,,,,1,2,,,,,,,,,,,,,,
2024,"Egypt, Arab Rep.",EGY,Middle East & North Africa (excluding high income),77385958,159863249,0.947948508,1,62,1,1,2,2,0,0,0,0,0,0,4,4,4,4,0,2,3,0,2,,,,,,,,,,2,2,2,2,2,2,2,2,2,,,,,,,,,,,,,,,,2,,2,,,,2,2,2,,2,,2,,2,2,2,,,2,2,1,3,1,2,2,,,,,,,,,2,,2,,2,1,2,2,,1,2,,,,,,,,,2,2,,,,,,,,2,,,,,,4,0,1,,,,,,,,,,,,,,2,2,1,1,,2,,,1,2,,2,2,,2,2,2,,,,,,,,,,,,,2,2,2,2,2,2,2,1,8,1,2,,,,,,,,,,,,,,
2024,"Egypt, Arab Rep.",EGY,Middle East & North Africa (excluding high income),77385958,159984933,0.502365317,2,41,2,2,1,2,1,0,1,1,0,0,1,4,4,4,0,2,3,1,1,1,1,2,2,,2,1,2,1,,,,,,,,,,,,,,,,,,,,,,,,,2,,2,,,,2,2,2,,2,,2,,2,2,2,2,,2,2,2,1,2,,,,2,2,,4,2,2,,2,,2,,2,1,2,2,,1,1,2,2,2,2,1,2,1,,2,2,,,,,,,,2,,,,,,4,1,1,,,,,,,,,,,,,,1,,1,1,,1,,2,4,1,1,2,2,,2,2,1,2,1,3,,1,1,1,2,2,2,2,2,,,,,,,,,,1,2,,,,,,,,,,,,,,
2024,"Egypt, Arab Rep.",EGY,Middle East & North Africa (excluding high income),77385958,160037166,1.423468181,1,30,3,4,2,2,0,0,0,0,0,0,4,4,4,4,0,4,3,0,2,,,,,,,,,,2,2,1,2,2,2,1,2,2,,,,,,,,,,,,,,,,2,,2,,,,2,2,2,,2,,2,,2,2,2,,,2,2,3,3,2,,,,,,,,,,,2,,2,,2,2,,,,,2,,,,,,,,,2,2,,,,,,,,2,,,,,,3,1,1,,,,,,,,,,,,,,1,,1,1,,1,,1,4,1,1,2,2,,2,1,,1,1,3,,1,1,1,2,2,2,2,2,,,,,,,,,,1,2,,,,,,,,,,,,,,
2024,"Egypt, Arab Rep.",EGY,Middle East & North Africa (excluding high income),77385958,160094285,0.386362102,1,20,2,1,2,2,0,0,0,0,1,0,4,4,4,4,0,4,2,0,2,,,,,,,,,,2,2,2,2,1,2,1,1,2,,,,,,,,,,,,,,,,2,,2,,,,2,2,2,,2,,1,,2,2,2,,,,7,,2,2,,,,,,,,,,,2,,1,2,2,2,,,,,2,,,,,,,,,2,2,,,,,,,,2,,,,,,5,1,1,,,,,,,,,,,,,,1,,1,1,,1,,1,2,1,2,2,2,,2,1,,1,1,2,,1,1,1,2,2,2,2,2,,,,,,,,,,1,2,,,,,,,,,,,,,,
2024,"Egypt, Arab Rep.",EGY,Middle East & North Africa (excluding high income),77385958,160183056,1.466159534,2,22,3,5,2,2,1,1,1,1,0,1,4,4,4,4,1,2,1,1,1,1,2,2,2,,1,1,1,2,,,,,,,,,,,,,,,,,,,,,,,,,1,1,2,2,2,2,,1,2,,2,2,2,,2,2,2,,,2,7,,1,2,,,,2,2,,1,1,1,3,1,1,1,1,2,1,2,2,,1,2,,,,,,,,,2,2,,,,,,,,2,,,,,,4,1,1,,,,,,,,,,,,,,1,,1,1,,1,,1,2,1,1,2,2,,2,1,,1,1,3,,1,1,1,1,1,2,2,2,,,,,,,,,,1,2,,,,,,,,,,,,,,
2024,"Egypt, Arab Rep.",EGY,Middle East & North Africa (excluding high income),77385958,160293907,0.327487737,2,45,2,3,1,2,0,0,0,0,0,0,4,4,4,4,0,2,3,0,2,,,,,,,,,,2,2,1,2,2,2,1,2,2,,,,,,,,,,,,,,,,2,,2,,,,2,2,2,,2,,2,,2,2,2,,,2,2,2,1,2,,,,,,,,,,,2,,2,,2,1,2,2,,1,2,,,,,,,,,2,2,,,,,,,,2,,,,,,4,1,1,,,,,,,,,,,,,,1,,1,1,,1,,1,1,1,2,2,2,,2,1,,1,2,,1,1,1,1,2,2,2,2,2,,,,,,,,,,1,2,,,,,,,,,,,,,,
2024,"Egypt, Arab Rep.",EGY,Middle East & North Africa (excluding high income),77385958,160326544,2.123803777,1,30,1,4,2,2,0,0,0,0,0,0,4,4,4,4,0,4,3,0,2,,,,,,,,,,2,2,1,2,2,2,2,2,2,,,,,,,,,,,,,,,,2,,2,,,,2,2,2,,2,,2,,2,2,2,,,2,2,3,2,2,,,,,,,,,,,2,,2,,2,2,,,,,2,,,,,,,,,2,2,,,,,,,,2,,,,,,3,0,2,1,2,2,2,2,2,1,1,2,,,,1,,,,,,,,,,,,,,,,2,2,,,,,,,,,,,,,,,,,,,,,,1,2,,,,,,,,,,,,,,
2024,"Egypt, Arab Rep.",EGY,Middle East & North Africa (excluding high income),77385958,160336536,0.636143786,1,50,2,4,2,2,0,0,0,0,0,0,4,4,4,4,0,4,3,0,2,,,,,,,,,,2,2,2,2,2,2,1,1,2,,,,,,,,,,,,,,,,2,,2,,,,2,2,2,,2,,2,,2,2,2,,,2,5,2,3,2,,,,,,,,,,,2,,2,,2,2,,,,,2,,,,,,,,,2,2,,,,,,,,2,,,,,,6,1,1,,,,,,,,,,,,,,1,,2,2,,1,,2,1,2,,2,2,,2,1,,4,1,3,,2,2,1,2,2,2,2,2,,,,,,,,,,1,2,,,,,,,,,,,,,,
2024,"Egypt, Arab Rep.",EGY,Middle East & North Africa (excluding high income),77385958,160500873,1.251287294,2,40,1,1,1,2,0,0,0,0,1,0,2,4,4,4,0,2,3,0,2,,,,,,,,,,2,2,2,2,2,2,1,2,1,,,,,,,,,,,,,,,,2,,2,,,,2,2,2,,2,,1,,1,2,1,,,,2,1,4,2,,,,,,,,,,,2,,2,,2,1,2,2,,1,1,2,2,2,1,,,,,2,2,,,,,,,,2,,,,,,4,0,1,,,,,,,,,,,,,,2,2,1,1,,2,,,2,2,,2,2,,2,2,2,,,,,,,,,,,,,1,2,2,1,2,2,2,1,4,1,2,,,,,,,,,,,,,,
2024,"Egypt, Arab Rep.",EGY,Middle East & North Africa (excluding high income),77385958,160535805,0.550040007,2,45,3,5,1,1,1,1,1,1,0,1,1,4,4,4,0,2,3,1,1,1,1,2,2,,1,1,1,2,,,,,,,,,,,,,,,,,,,,,,,,,1,1,2,2,2,2,,2,2,,2,2,2,,2,2,2,,,2,2,3,2,2,,,,2,2,,1,1,2,,2,,2,,2,1,2,2,,1,1,1,1,2,,,2,2,,2,2,,,,,,,,2,,,,,,3,1,1,,,,,,,,,,,,,,1,,1,1,,1,,1,4,1,1,1,2,,2,1,,1,1,3,,2,2,1,1,1,2,1,2,,,,,,,,,,1,2,,,,,,,,,,,,,,
2024,"Egypt, Arab Rep.",EGY,Middle East & North Africa (excluding high income),77385958,160541300,0.430727009,2,42,2,2,1,1,0,0,0,0,0,0,4,4,4,4,0,4,3,0,2,,,,,,,,,,2,2,1,2,2,2,1,2,2,,,,,,,,,,,,,,,,2,,2,,,,2,2,2,,2,,2,,2,2,2,,,2,2,2,1,2,,,,,,,,,,,2,,2,,2,2,,,,,2,,,,,,,,,2,2,,,,,,,,2,,,,,,3,1,1,,,,,,,,,,,,,,1,,1,1,,1,,1,4,1,1,2,2,,2,1,,1,1,3,,1,1,1,2,2,2,2,2,,,,,,,,,,1,2,,,,,,,,,,,,,,
2024,"Egypt, Arab Rep.",EGY,Middle East & North Africa (excluding high income),77385958,160625076,1.342559748,2,27,2,1,1,2,0,0,0,0,0,0,4,4,4,4,0,4,3,0,2,,,,,,,,,,2,2,1,2,2,2,1,2,2,,,,,,,,,,,,,,,,2,,2,,,,2,2,2,,2,,2,,2,2,2,,,2,2,1,1,2,,,,,,,,,,,2,,2,,2,2,,,,,2,,,,,,,,,2,2,,,,,,,,2,,,,,,4,1,1,,,,,,,,,,,,,,1,,1,1,,1,,1,2,1,1,2,2,,2,1,,1,1,2,,1,1,1,2,2,2,2,2,,,,,,,,,,1,2,,,,,,,,,,,,,,
2024,"Egypt, Arab Rep.",EGY,Middle East & North Africa (excluding high income),77385958,160789573,0.743361601,2,53,1,1,2,2,0,0,0,0,1,0,4,4,4,4,0,4,2,0,2,,,,,,,,,,2,2,1,2,1,2,1,2,2,,,,,,,,,,,,,,,,2,,2,,,,2,2,2,,2,,1,,1,2,1,,,,7,,4,2,,,,,,,,,,,2,,1,2,2,2,,,,,2,,,,,,,,,2,2,,,,,,,,2,,,,,,5,0,1,,,,,,,,,,,,,,2,2,1,1,,2,,,2,2,,2,2,,2,2,2,,,,,,,,,,,,,1,1,2,2,2,2,2,1,1,1,2,,,,,,,,,,,,,,
2024,"Egypt, Arab Rep.",EGY,Middle East & North Africa (excluding high income),77385958,160811121,0.502365317,2,41,2,4,1,2,0,0,0,0,0,0,2,4,4,4,0,2,3,0,2,,,,,,,,,,2,1,2,2,2,2,1,2,1,,,,,,,,,,,,,,,,2,,2,,,,2,2,2,,2,,2,,2,2,2,,,2,2,1,1,2,,,,,,,,,,,2,,2,,2,1,2,2,,1,1,2,2,2,1,,,,,2,2,,,,,,,,2,,,,,,3,1,1,,,,,,,,,,,,,,1,,1,1,,1,,1,2,2,,2,2,,2,1,,2,1,3,,1,1,1,1,2,2,2,2,,,,,,,,,,1,2,,,,,,,,,,,,,,
2024,"Egypt, Arab Rep.",EGY,Middle East & North Africa (excluding high income),77385958,160848973,1.197341498,2,17,2,5,2,2,0,0,0,0,1,1,4,4,4,4,0,2,3,0,2,,,,,,,,,,1,2,1,2,1,1,1,2,2,,,,,,,,,,,,,,,,2,,2,,,,1,2,2,,2,,2,,2,2,1,,,2,2,1,2,2,,,,,,,,,,,2,,2,,2,1,2,2,,1,2,,,,,,,,,2,2,,,,,,,,2,,,,,,4,1,1,,,,,,,,,,,,,,2,1,1,1,,1,,1,4,1,1,2,2,,2,1,,1,1,3,,1,1,1,1,1,2,2,2,2,2,2,2,2,2,2,2,,1,2,,,,,,,,,,,,,,
2024,"Egypt, Arab Rep.",EGY,Middle East & North Africa (excluding high income),77385958,160916627,0.343505011,2,37,2,4,1,1,1,1,1,1,0,1,4,4,4,4,0,2,2,1,1,1,2,2,2,,1,1,1,2,,,,,,,,,,,,,,,,,,,,,,,,,1,2,2,2,2,2,,2,2,,2,2,2,,2,2,2,,,2,1,3,4,2,,,,2,2,,4,2,2,,2,,1,2,2,1,2,2,,1,2,,,,,,,,,2,2,,,,,,,,2,,,,,,2,1,1,,,,,,,,,,,,,,1,,1,1,,1,,1,1,1,1,2,2,,2,1,,1,1,3,,1,1,1,1,2,2,2,2,,,,,,,,,,1,2,,,,,,,,,,,,,,
2024,"Egypt, Arab Rep.",EGY,Middle East & North Africa (excluding high income),77385958,160939785,0.939443606,1,29,1,4,2,1,0,0,0,0,1,1,4,4,4,4,0,2,3,0,2,,,,,,,,,,2,1,1,2,2,2,1,2,2,,,,,,,,,,,,,,,,2,,1,,,,,2,2,,2,,1,2,1,2,2,,,,2,2,1,2,,,,,,,,,,,2,,2,,1,1,2,2,,1,2,,,,,,,,,2,2,,,,,,,,2,,,,,,3,1,1,,,,,,,,,,,,,,1,,1,1,,1,,1,2,1,1,2,2,,2,1,,1,1,3,,1,1,2,2,1,2,2,2,,,,,,,,,,1,2,,,,,,,,,,,,,,
2024,"Egypt, Arab Rep.",EGY,Middle East & North Africa (excluding high income),77385958,160953756,1.013788208,2,66,3,5,2,2,1,0,1,1,0,1,4,4,1,4,1,2,3,1,1,1,1,2,2,,1,1,2,2,,,,,,,,,,,,,,,,,,,,,,,,,1,,2,3,2,1,,2,2,,2,,2,,2,2,2,,,2,1,3,4,2,,,,1,1,3,,2,2,,2,,2,,2,1,2,2,,1,2,,,,,,,,,2,1,1,2,,,2,2,,2,,,,,,1,1,1,,,,,,,,,,,,,,1,,1,1,,1,,1,4,2,,2,2,,2,1,,1,1,3,,1,1,1,1,2,2,2,2,,,,,,,,,,1,2,,,,,,,,,,,,,,
2024,"Egypt, Arab Rep.",EGY,Middle East & North Africa (excluding high income),77385958,160999554,0.388806913,2,43,2,2,1,1,0,0,0,0,1,0,2,4,4,4,0,2,3,0,2,,,,,,,,,,2,2,2,2,2,2,1,2,2,,,,,,,,,,,,,,,,2,,2,,,,2,2,2,,2,,1,,1,2,1,,,,7,,1,2,,,,,,,,,,,2,,2,,2,1,2,2,,1,1,2,2,2,1,,,,,2,2,,,,,,,,2,,,,,,4,1,1,,,,,,,,,,,,,,1,,1,1,,1,,1,1,2,,2,2,,2,1,,2,1,2,,2,1,1,1,2,2,1,2,,,,,,,,,,1,2,,,,,,,,,,,,,,
2024,"Egypt, Arab Rep.",EGY,Middle East & North Africa (excluding high income),77385958,161206024,0.577377087,1,38,2,4,2,2,0,0,0,0,1,1,4,4,4,4,0,2,3,0,2,,,,,,,,,,2,2,1,2,2,2,1,2,1,,,,,,,,,,,,,,,,2,,2,,,,1,2,2,,2,,1,,1,2,2,,,,2,2,3,2,,,,,,,,,,,2,,2,,2,1,2,2,,1,2,,,,,,,,,2,2,,,,,,,,2,,,,,,5,1,1,,,,,,,,,,,,,,1,,1,1,,1,,1,1,1,2,1,2,,1,1,,3,1,3,,1,1,2,1,1,2,2,2,,,,,,,,,,1,2,,,,,,,,,,,,,,
2024,"Egypt, Arab Rep.",EGY,Middle East & North Africa (excluding high income),77385958,161434078,0.718547584,2,33,2,5,1,1,1,1,1,1,1,1,1,4,4,4,0,2,2,1,1,2,1,2,2,,2,1,2,1,,,,,,,,,,,,,,,,,,,,,,,,,2,2,2,,,,1,2,2,,2,2,1,,1,2,1,1,1,,2,1,3,2,,,,2,2,,1,2,2,,2,,1,2,2,1,2,2,,1,1,2,1,2,,,2,2,,2,2,,,,,,,,2,,,,,,3,1,1,,,,,,,,,,,,,,1,,1,1,,1,,1,1,1,1,2,1,2,1,1,,1,1,3,,1,1,1,1,2,2,2,2,,,,,,,,,,1,2,,,,,,,,,,,,,,
2024,"Egypt, Arab Rep.",EGY,Middle East & North Africa (excluding high income),77385958,161800068,1.035696083,2,20,2,1,2,1,0,0,0,0,0,0,4,4,4,4,0,4,3,0,2,,,,,,,,,,2,2,1,2,2,2,1,2,2,,,,,,,,,,,,,,,,2,,2,,,,2,2,2,,2,,2,,2,2,2,,,2,7,,1,2,,,,,,,,,,,2,,2,,2,2,,,,,2,,,,,,,,,2,2,,,,,,,,2,,,,,,6,1,2,1,1,2,2,2,2,1,1,1,1,2,2,,,,,,,,,,,,,,,,,1,,2,1,2,,2,2,1,2,2,2,2,2,,,,,,,,,,1,2,,,,,,,,,,,,,,
2024,"Egypt, Arab Rep.",EGY,Middle East & North Africa (excluding high income),77385958,162023294,1.20258232,2,64,1,5,2,2,1,0,1,0,1,0,4,4,1,4,0,2,2,1,1,2,1,2,2,,2,1,1,2,,,,,,,,,,,,,,,,,,,,,,,,,2,,2,,,,2,2,2,,2,,1,,1,2,1,,,,7,,1,2,,,,2,2,,1,2,2,,1,2,1,2,2,1,2,2,,1,2,,,,,,,,,2,1,1,2,,,1,2,,2,,,,,,4,0,1,,,,,,,,,,,,,,2,2,1,1,,2,,,2,2,,2,2,,2,2,2,,,,,,,,,,,,,1,2,2,1,2,2,2,1,4,1,2,,,,,,,,,,,,,,
2024,"Egypt, Arab Rep.",EGY,Middle East & North Africa (excluding high income),77385958,162025654,0.494759552,1,24,2,3,2,2,0,0,0,0,1,0,4,4,4,4,0,2,3,0,2,,,,,,,,,,2,2,2,2,2,2,1,2,2,,,,,,,,,,,,,,,,2,,2,,,,2,2,2,,2,,2,,2,2,1,,,2,5,2,2,2,,,,,,,,,,,2,,2,,2,1,2,2,,1,2,,,,,,,,,2,2,,,,,,,,2,,,,,,3,1,1,,,,,,,,,,,,,,1,,2,1,,1,,1,2,1,1,2,2,,1,1,,2,1,2,,2,1,2,2,2,2,2,2,,,,,,,,,,1,2,,,,,,,,,,,,,,
2024,"Egypt, Arab Rep.",EGY,Middle East & North Africa (excluding high income),77385958,162030972,0.577392974,2,76,1,5,2,1,1,0,1,0,0,1,4,1,1,4,0,2,3,1,1,2,1,2,2,,2,2,2,2,,,,,,,,,,,,,,,,,,,,,,,,,1,,2,2,2,2,,2,2,,2,,2,,2,2,2,,,2,2,1,1,2,,,,2,2,,1,2,2,,2,,2,,2,1,2,2,,1,2,,,,,,,,,1,1,1,2,,,1,2,,2,,,,,,4,0,1,,,,,,,,,,,,,,2,2,1,1,,2,,,2,2,,2,2,,2,2,2,,,,,,,,,,,,,1,2,2,1,2,2,2,1,1,1,2,,,,,,,,,,,,,,
2024,"Egypt, Arab Rep.",EGY,Middle East & North Africa (excluding high income),77385958,162083735,1.254218476,1,67,1,3,2,2,0,0,0,0,1,0,4,4,4,4,0,4,3,0,2,,,,,,,,,,2,2,2,2,1,2,1,2,2,,,,,,,,,,,,,,,,2,,2,,,,2,2,2,,2,,1,,1,2,1,,,,7,,1,2,,,,,,,,,,,2,,2,,2,2,,,,,2,,,,,,,,,2,2,,,,,,,,2,,,,,,1,0,1,,,,,,,,,,,,,,2,2,1,1,,2,,,2,2,,2,2,,2,2,2,,,,,,,,,,,,,1,2,2,1,2,2,2,1,4,1,2,,,,,,,,,,,,,,
2024,"Egypt, Arab Rep.",EGY,Middle East & North Africa (excluding high income),77385958,162168971,1.381145774,1,43,3,3,2,1,0,0,0,0,1,0,4,4,4,4,0,2,2,0,2,,,,,,,,,,2,2,1,2,2,2,1,1,2,,,,,,,,,,,,,,,,2,,2,,,,2,2,2,,2,,1,,2,2,1,,,,2,1,5,1,2,2,,,,,,,,,2,,1,2,2,1,2,2,,1,2,,,,,,,,,2,2,,,,,,,,2,,,,,,4,1,1,,,,,,,,,,,,,,1,,2,1,,1,,1,1,2,,2,2,,2,1,,2,1,3,,1,1,2,1,2,2,1,2,,,,,,,,,,1,2,,,,,,,,,,,,,,
2024,"Egypt, Arab Rep.",EGY,Middle East & North Africa (excluding high income),77385958,162184872,0.475666582,2,56,2,3,1,1,1,1,1,1,0,0,4,1,4,4,0,2,1,1,1,1,1,2,2,,2,1,1,2,,,,,,,,,,,,,,,,,,,,,,,,,2,2,2,,,,2,2,2,,2,2,2,,2,2,2,,,2,7,,1,2,,,,2,2,,5,2,2,,2,,1,1,2,1,2,2,,1,2,,,,,,,,,1,2,1,2,,,1,2,,2,,,,,,4,1,1,,,,,,,,,,,,,,1,,1,1,,1,,1,1,1,1,2,1,2,2,1,,1,1,1,,1,1,1,1,2,2,2,2,,,,,,,,,,1,2,,,,,,,,,,,,,,
2024,"Egypt, Arab Rep.",EGY,Middle East & North Africa (excluding high income),77385958,162212464,1.63994409,1,55,1,3,2,1,1,0,1,1,1,0,4,1,4,4,0,4,3,1,1,1,1,2,2,,2,2,2,2,,,,,,,,,,,,,,,,,,,,,,,,,2,,2,,,,2,2,2,,2,,1,,2,2,1,,,,2,2,1,2,,,,2,2,,4,2,2,,2,,2,,2,2,,,,,2,,,,,,,,,1,2,1,2,,,1,2,,2,,,,,,3,0,2,1,2,2,1,2,2,1,1,1,2,2,2,,,,,,,,,,,,,,,,,2,2,,,,,,,,,,,,,,,,,,,,,,1,2,,,,,,,,,,,,,,
2024,"Egypt, Arab Rep.",EGY,Middle East & North Africa (excluding high income),77385958,162294434,0.955109084,2,47,1,3,1,1,0,0,0,0,1,0,2,4,4,2,0,2,3,0,2,,,,,,,,,,2,2,1,2,2,2,1,2,2,,,,,,,,,,,,,,,,2,,2,,,,2,2,2,,2,,2,,2,2,1,,,2,2,1,4,2,,,,,,,,,,,2,,2,,2,1,2,2,,1,1,2,2,2,1,,,,,2,2,,,,,,,,1,2,2,1,,2,3,0,1,,,,,,,,,,,,,,2,2,1,1,,1,,2,1,2,,2,2,,2,2,2,,,,,,,,,,,,,1,2,2,2,2,2,2,2,1,1,2,,,,,,,,,,,,,,
2024,"Egypt, Arab Rep.",EGY,Middle East & North Africa (excluding high income),77385958,162450860,0.522804934,2,50,2,2,1,2,0,0,0,0,1,0,4,4,4,4,0,2,2,0,2,,,,,,,,,,2,1,1,2,2,2,1,2,2,,,,,,,,,,,,,,,,2,,2,,,,2,2,2,,2,,1,,2,2,2,,,,2,1,2,2,,,,,,,,,,,2,,1,2,2,1,2,2,,1,2,,,,,,,,,2,2,,,,,,,,2,,,,,,4,1,1,,,,,,,,,,,,,,1,,1,1,,1,,1,4,1,1,2,2,,2,1,,1,1,2,,1,1,1,2,2,2,2,2,,,,,,,,,,1,2,,,,,,,,,,,,,,
2024,"Egypt, Arab Rep.",EGY,Middle East & North Africa (excluding high income),77385958,162479680,1.490979091,2,20,3,5,1,2,1,1,1,1,0,1,2,4,4,4,0,2,3,1,1,2,2,3,2,,1,1,2,2,,,,,,,,,,,,,,,,,,,,,,,,,1,2,2,3,1,2,,2,2,,2,2,2,,2,2,2,,,2,2,2,3,2,,,,2,2,,4,2,2,,2,,2,,2,1,2,2,,1,1,2,2,2,1,,,,,2,2,,,,,,,,2,,,,,,3,1,1,,,,,,,,,,,,,,1,,1,1,,1,,1,4,1,1,2,2,,2,1,,1,2,,1,1,1,1,1,1,2,1,2,,,,,,,,,,1,2,,,,,,,,,,,,,,
2024,"Egypt, Arab Rep.",EGY,Middle East & North Africa (excluding high income),77385958,162583440,0.422968079,1,43,2,4,2,1,0,0,0,0,1,0,4,4,4,4,0,2,3,0,2,,,,,,,,,,2,2,1,2,2,1,1,2,2,,,,,,,,,,,,,,,,2,,2,,,,2,2,2,,2,,1,,1,2,2,,,,2,2,2,2,,,,,,,,,,,2,,2,,2,1,2,2,,1,2,,,,,,,,,2,2,,,,,,,,2,,,,,,3,1,1,,,,,,,,,,,,,,1,,1,1,,1,,1,4,1,1,2,2,,2,1,,1,2,,1,1,1,1,1,1,2,2,2,,,,,,,,,,1,2,,,,,,,,,,,,,,
2024,"Egypt, Arab Rep.",EGY,Middle East & North Africa (excluding high income),77385958,162787862,0.403002104,1,39,2,4,2,1,0,0,0,0,1,0,4,4,4,4,0,4,3,0,2,,,,,,,,,,2,2,2,2,1,1,1,2,2,,,,,,,,,,,,,,,,2,,2,,,,2,2,2,,2,,2,,2,2,1,,,2,7,,1,2,,,,,,,,,,,2,,2,,2,2,,,,,2,,,,,,,,,2,2,,,,,,,,2,,,,,,3,0,1,,,,,,,,,,,,,,2,2,1,2,,1,,2,2,2,,2,2,,2,2,2,,,,,,,,,,,,,1,2,2,2,2,2,2,1,1,1,2,,,,,,,,,,,,,,
2024,"Egypt, Arab Rep.",EGY,Middle East & North Africa (excluding high income),77385958,162852401,0.430670371,1,37,2,4,2,1,0,1,1,1,0,1,4,4,4,4,0,2,3,1,2,,,,,,,,,,2,2,2,2,2,2,1,1,2,,,,,,,,,,,,,,,,2,2,2,,,,1,2,2,,2,2,2,,2,2,2,,,2,1,3,1,2,,,,2,2,,1,2,2,,2,,2,,2,1,2,2,,1,2,,,,,,,,,2,2,,,,,,,,2,,,,,,3,1,1,,,,,,,,,,,,,,1,,2,1,,1,,1,4,2,,2,2,,2,1,,1,2,,1,2,2,1,1,1,2,2,2,,,,,,,,,,1,2,,,,,,,,,,,,,,
2024,"Egypt, Arab Rep.",EGY,Middle East & North Africa (excluding high income),77385958,162948873,1.558974688,1,44,1,1,2,1,1,0,1,0,0,0,4,4,4,4,0,4,3,0,1,2,2,3,3,1,2,2,2,2,,,,,,,,,,,,,,,,,,,,,,,,,2,,2,,,,2,2,2,,2,,2,,2,2,2,,,2,5,2,1,2,,,,2,2,,1,2,2,,2,,2,,2,2,,,,,2,,,,,,,,,2,2,,,,,,,,2,,,,,,3,0,1,,,,,,,,,,,,,,2,2,2,1,,2,,,2,2,,2,2,,2,2,2,,,,,,,,,,,,,2,2,2,1,2,2,2,2,4,1,2,,,,,,,,,,,,,,
2024,"Egypt, Arab Rep.",EGY,Middle East & North Africa (excluding high income),77385958,162952316,1.209749553,2,50,3,1,1,2,1,0,1,1,0,0,1,4,4,4,0,2,3,1,1,1,1,2,2,,2,1,1,2,,,,,,,,,,,,,,,,,,,,,,,,,2,2,2,,,,2,2,2,,2,2,2,,2,2,2,,,2,2,1,1,2,,,,2,2,,4,2,2,,2,,2,,2,1,2,2,,1,1,1,1,2,,,2,1,,2,2,,,,,,,,2,,,,,,4,1,1,,,,,,,,,,,,,,1,,1,1,,1,,1,3,1,1,2,2,,2,2,1,1,1,1,,1,1,1,1,2,2,2,2,,,,,,,,,,1,2,,,,,,,,,,,,,,
2024,"Egypt, Arab Rep.",EGY,Middle East & North Africa (excluding high income),77385958,163055342,0.872813331,1,16,2,3,2,2,0,0,0,0,1,0,2,4,4,4,0,4,2,0,2,,,,,,,,,,2,2,2,2,2,2,2,2,2,,,,,,,,,,,,,,,,2,,2,,,,2,2,2,,2,,1,,2,2,1,,,,7,,4,2,,,,,,,,,,,1,2,2,,2,2,,,,,1,2,2,2,1,,,,,2,2,,,,,,,,2,,,,,,4,1,1,,,,,,,,,,,,,,1,,2,1,,1,,1,4,1,1,2,2,,2,1,,1,1,2,,1,1,1,1,2,2,2,2,,,,,,,,,,2,,2,2,1,2,2,1,2,2,2,2,1,2,,
2024,"Egypt, Arab Rep.",EGY,Middle East & North Africa (excluding high income),77385958,163381979,0.314416583,2,47,2,3,1,2,1,0,1,1,1,0,1,4,4,4,0,4,1,1,1,1,1,2,2,,2,1,2,2,,,,,,,,,,,,,,,,,,,,,,,,,2,2,2,,,,2,2,2,,2,2,1,,2,2,2,,,,2,2,4,2,,,,2,2,,4,2,2,,2,,1,1,2,2,,,,,1,2,1,2,,,2,1,,2,2,,,,,,,,2,,,,,,4,1,1,,,,,,,,,,,,,,1,,1,1,,1,,1,2,1,1,2,2,,2,1,,1,2,,1,1,1,1,2,2,2,2,2,,,,,,,,,,1,2,,,,,,,,,,,,,,
2024,"Egypt, Arab Rep.",EGY,Middle East & North Africa (excluding high income),77385958,163683072,1.568321525,1,43,1,4,1,1,1,0,1,0,1,0,4,1,4,4,0,2,2,1,1,2,1,2,2,,2,2,2,1,,,,,,,,,,,,,,,,,,,,,,,,,2,,2,,,,2,2,2,,2,,1,,1,2,1,1,2,,2,1,1,2,,,,2,2,,4,2,2,,2,,1,2,2,1,2,2,,1,2,,,,,,,,,1,2,1,2,,,1,2,,2,,,,,,3,0,2,1,2,2,1,2,2,1,1,1,1,2,2,,,,,,,,,,,,,,,,,2,2,,,,,,,,,,,,,,,,,,,,,,1,2,,,,,,,,,,,,,,
2024,"Egypt, Arab Rep.",EGY,Middle East & North Africa (excluding high income),77385958,163689479,2.174340747,1,28,1,3,2,2,0,0,0,0,1,0,4,4,4,4,0,4,3,0,2,,,,,,,,,,2,2,2,2,2,2,1,2,2,,,,,,,,,,,,,,,,2,,2,,,,2,2,2,,2,,1,,1,2,1,,,,4,1,4,2,,,,,,,,,,,2,,2,,2,2,,,,,2,,,,,,,,,2,2,,,,,,,,2,,,,,,4,1,1,,,,,,,,,,,,,,1,,1,1,,1,,1,1,1,1,2,2,,2,1,,1,1,3,,1,1,1,1,1,2,2,2,,,,,,,,,,1,2,,,,,,,,,,,,,,
2024,"Egypt, Arab Rep.",EGY,Middle East & North Africa (excluding high income),77385958,163715293,0.257212146,1,60,2,2,2,2,1,0,1,0,0,0,4,4,1,4,0,2,3,1,1,2,1,2,2,,2,2,2,2,,,,,,,,,,,,,,,,,,,,,,,,,2,,2,,,,2,2,2,,2,,2,,2,2,2,,,2,7,,1,2,,,,2,2,,4,2,2,,2,,2,,2,1,2,2,,1,2,,,,,,,,,2,1,1,2,,,1,2,,2,,,,,,4,0,2,2,2,2,2,2,2,2,,2,,,,2,,,,,,,,,,,,,,,,2,2,,,,,,,,,,,,,,,,,,,,,,1,2,,,,,,,,,,,,,,
2024,"Egypt, Arab Rep.",EGY,Middle East & North Africa (excluding high income),77385958,163818803,2.464380123,1,22,3,5,1,2,1,1,1,1,1,1,2,4,4,4,1,4,3,1,1,1,2,3,3,1,1,1,2,1,,,,,,,,,,,,,,,,,,,,,,,,,1,1,2,3,1,2,,2,2,,2,2,2,,2,2,2,1,2,,2,2,2,2,,,,2,1,2,,2,2,,2,,2,,2,2,,,,,1,2,2,2,1,,,,,2,2,,,,,,,,2,,,,,,4,1,1,,,,,,,,,,,,,,1,,1,1,,1,,1,1,1,1,1,1,2,1,1,,1,1,3,,1,1,1,1,1,2,2,2,,,,,,,,,,1,2,,,,,,,,,,,,,,
2024,"Egypt, Arab Rep.",EGY,Middle East & North Africa (excluding high income),77385958,163839240,0.357722619,2,35,2,5,1,1,1,1,1,1,1,1,1,4,4,4,0,2,2,1,1,1,1,2,2,,1,2,1,1,,,,,,,,,,,,,,,,,,,,,,,,,1,2,2,3,1,2,,2,2,,1,2,1,,1,2,1,1,1,,2,1,5,2,,,,2,2,,1,2,2,,1,2,1,2,2,1,2,2,,1,1,1,1,2,,,2,1,,2,2,,,,,,,,2,,,,,,3,1,1,,,,,,,,,,,,,,1,,2,1,,1,,1,1,1,1,2,2,,2,1,,1,1,3,,1,1,1,1,2,2,1,2,,,,,,,,,,1,2,,,,,,,,,,,,,,
2024,"Egypt, Arab Rep.",EGY,Middle East & North Africa (excluding high income),77385958,163865095,1.076570954,1,38,1,2,1,1,1,0,1,1,0,0,2,1,4,4,0,2,3,1,1,1,1,2,2,,2,2,2,2,,,,,,,,,,,,,,,,,,,,,,,,,2,,2,,,,2,2,2,,2,,2,,2,2,2,,,2,8,,5,2,,,,2,2,,1,2,2,,2,,2,,2,1,2,2,,1,1,2,2,2,1,,,,,1,2,1,2,,,1,2,,2,,,,,,4,0,1,,,,,,,,,,,,,,2,2,1,2,,2,,,2,2,,2,2,,2,2,2,,,,,,,,,,,,,1,2,2,1,2,2,2,1,8,1,2,,,,,,,,,,,,,,
2024,"Egypt, Arab Rep.",EGY,Middle East & North Africa (excluding high income),77385958,163907025,1.20258232,2,60,1,4,2,1,1,0,1,0,1,0,4,4,1,4,0,2,3,1,1,2,1,2,2,,2,1,2,2,,,,,,,,,,,,,,,,,,,,,,,,,2,,2,,,,2,2,2,,2,,2,,2,2,1,,,2,7,,1,2,,,,2,2,,1,2,2,,2,,2,,2,1,2,2,,1,2,,,,,,,,,2,1,1,2,,,1,2,,2,,,,,,4,0,1,,,,,,,,,,,,,,2,2,1,1,,2,,,2,2,,2,2,,2,2,2,,,,,,,,,,,,,1,1,2,1,2,2,2,1,1,1,2,,,,,,,,,,,,,,
2024,"Egypt, Arab Rep.",EGY,Middle East & North Africa (excluding high income),77385958,163940298,1.550674313,1,43,1,5,2,1,0,0,0,0,0,0,4,4,4,4,0,2,3,0,2,,,,,,,,,,2,2,2,2,2,2,1,1,2,,,,,,,,,,,,,,,,2,,2,,,,2,2,2,,2,,2,,2,2,2,,,2,2,3,1,2,,,,,,,,,,,2,,2,,2,1,2,2,,1,2,,,,,,,,,2,2,,,,,,,,2,,,,,,4,0,2,1,2,2,2,1,2,2,1,2,,,,1,,,,,,,,,,,,,,,,2,2,,,,,,,,,,,,,,,,,,,,,,1,2,,,,,,,,,,,,,,
2024,"Egypt, Arab Rep.",EGY,Middle East & North Africa (excluding high income),77385958,163994192,0.257212146,2,63,2,5,2,1,1,0,1,0,1,0,4,4,1,3,0,2,3,1,1,2,1,4,3,2,2,2,2,2,,,,,,,,,,,,,,,,,,,,,,,,,2,,2,,,,2,2,2,,2,,2,,1,2,2,,,1,2,1,5,2,,,,2,2,,4,2,2,,2,,2,,2,1,2,2,,1,2,,,,,,,,,2,1,1,2,,,1,2,,1,2,2,2,2,2,3,0,2,2,2,2,1,2,2,2,4,1,2,2,2,,,,,,,,,,,,,,,,,2,2,,,,,,,,,,,,,,,,,,,,,,1,2,,,,,,,,,,,,,,
2024,"Egypt, Arab Rep.",EGY,Middle East & North Africa (excluding high income),77385958,164040383,1.056124755,2,18,2,3,2,2,0,0,0,0,1,1,4,4,4,4,0,2,2,0,2,,,,,,,,,,2,2,2,2,1,2,1,1,2,,,,,,,,,,,,,,,,2,,2,,,,1,2,2,,2,,1,,2,2,2,,,,7,,2,2,,,,,,,,,,,1,2,2,,2,1,2,2,,1,2,,,,,,,,,2,2,,,,,,,,2,,,,,,5,1,1,,,,,,,,,,,,,,1,,2,1,,1,,1,1,1,1,2,2,,2,1,,1,1,4,,1,1,1,1,1,2,2,2,,,,,,,,,,1,2,,,,,,,,,,,,,,
2024,"Egypt, Arab Rep.",EGY,Middle East & North Africa (excluding high income),77385958,164293284,0.76013241,1,70,1,3,2,2,1,0,1,0,1,0,4,4,1,4,0,2,3,1,1,2,1,2,2,,2,2,2,2,,,,,,,,,,,,,,,,,,,,,,,,,2,,2,,,,2,2,2,,2,,1,,1,2,1,,,,2,1,4,2,,,,2,2,,4,2,2,,2,,2,,2,1,2,2,,1,2,,,,,,,,,2,1,1,2,,,1,2,,2,,,,,,1,0,1,,,,,,,,,,,,,,2,2,2,2,,2,,,4,2,,2,8,,2,2,2,,,,,,,,,,,,,2,2,2,1,2,2,2,2,4,1,2,,,,,,,,,,,,,,
2024,"Egypt, Arab Rep.",EGY,Middle East & North Africa (excluding high income),77385958,164327142,0.646194874,1,52,1,3,2,2,0,0,0,0,1,0,4,4,4,4,0,2,3,0,2,,,,,,,,,,2,2,2,2,2,2,1,2,2,,,,,,,,,,,,,,,,2,,2,,,,2,2,2,,2,,1,,2,2,1,,,,7,,2,2,,,,,,,,,,,2,,2,,2,1,2,2,,1,2,,,,,,,,,2,2,,,,,,,,2,,,,,,3,1,1,,,,,,,,,,,,,,1,,1,1,,1,,1,4,1,2,2,2,,2,1,,1,1,3,,2,2,1,1,1,2,2,2,,,,,,,,,,1,2,,,,,,,,,,,,,,
2024,"Egypt, Arab Rep.",EGY,Middle East & North Africa (excluding high income),77385958,164642574,1.076246925,2,74,1,2,2,2,1,0,1,1,1,0,4,4,1,4,0,4,3,1,1,1,2,2,2,,2,1,1,2,,,,,,,,,,,,,,,,,,,,,,,,,2,,2,,,,2,2,2,,2,,1,,2,2,1,,,,7,,4,2,,,,2,2,,4,2,2,,2,,2,,2,2,,,,,2,,,,,,,,,2,1,1,2,,,1,2,,2,,,,,,4,0,1,,,,,,,,,,,,,,2,2,2,1,,2,,,8,2,,2,2,,2,2,2,,,,,,,,,,,,,1,2,2,2,2,2,2,1,1,1,2,,,,,,,,,,,,,,
2024,"Egypt, Arab Rep.",EGY,Middle East & North Africa (excluding high income),77385958,164749155,0.597638371,1,50,1,4,2,1,0,0,0,0,1,0,4,4,4,4,0,4,3,0,2,,,,,,,,,,2,2,2,2,2,2,1,1,2,,,,,,,,,,,,,,,,2,,2,,,,2,2,2,,2,,1,,1,2,1,,,,5,2,2,2,,,,,,,,,,,2,,2,,2,2,,,,,2,,,,,,,,,2,2,,,,,,,,2,,,,,,1,0,1,,,,,,,,,,,,,,2,2,1,1,,2,,,2,2,,2,2,,2,2,2,,,,,,,,,,,,,2,2,2,1,2,2,2,1,8,1,2,,,,,,,,,,,,,,
2024,"Egypt, Arab Rep.",EGY,Middle East & North Africa (excluding high income),77385958,164952516,1.12344382,2,24,2,2,1,2,0,0,0,0,1,1,2,4,4,4,0,4,3,0,2,,,,,,,,,,2,2,2,2,2,2,1,2,2,,,,,,,,,,,,,,,,2,,1,,,,,2,2,,2,,1,1,2,2,2,,,,2,2,2,2,,,,,,,,,,,2,,2,,2,2,,,,,1,2,2,2,1,,,,,2,2,,,,,,,,2,,,,,,3,1,1,,,,,,,,,,,,,,1,,1,1,,1,,1,1,1,1,2,2,,2,1,,1,1,3,,2,2,1,2,2,2,2,2,,,,,,,,,,1,2,,,,,,,,,,,,,,
2024,"Egypt, Arab Rep.",EGY,Middle East & North Africa (excluding high income),77385958,165028071,0.329990625,2,49,2,2,1,1,1,0,1,1,1,0,1,4,4,4,0,2,3,1,1,1,1,2,2,,2,1,1,1,,,,,,,,,,,,,,,,,,,,,,,,,2,,2,,,,2,2,2,,2,,2,,2,2,2,1,2,,2,2,3,2,,,,2,2,,4,2,2,,2,,2,,2,1,2,2,,1,1,1,1,2,,,2,1,,2,2,,,,,,,,2,,,,,,6,1,1,,,,,,,,,,,,,,1,,1,1,,1,,1,2,1,1,2,2,,2,1,,1,1,3,,1,1,1,1,2,2,2,2,,,,,,,,,,1,2,,,,,,,,,,,,,,
2024,"Egypt, Arab Rep.",EGY,Middle East & North Africa (excluding high income),77385958,165120014,0.410990062,1,51,2,1,2,2,0,0,0,0,0,0,4,4,4,4,0,4,3,0,2,,,,,,,,,,2,2,2,2,2,2,1,2,2,,,,,,,,,,,,,,,,2,,2,,,,2,2,2,,2,,2,,2,2,2,,,2,5,2,1,2,,,,,,,,,,,2,,2,,2,2,,,,,2,,,,,,,,,2,2,,,,,,,,2,,,,,,3,0,2,1,2,2,2,2,2,2,1,2,,,,1,,,,,,,,,,,,,,,,2,2,,,,,,,,,,,,,,,,,,,,,,1,2,,,,,,,,,,,,,,
2024,"Egypt, Arab Rep.",EGY,Middle East & North Africa (excluding high income),77385958,165140353,1.302676293,2,35,1,1,1,1,0,0,0,0,0,0,4,4,4,4,0,2,3,0,2,,,,,,,,,,2,2,1,2,2,2,1,2,2,,,,,,,,,,,,,,,,2,,2,,,,2,2,2,,2,,2,,2,2,2,,,2,4,1,3,2,,,,,,,,,,,2,,2,,2,1,2,2,,1,2,,,,,,,,,2,2,,,,,,,,2,,,,,,3,0,1,,,,,,,,,,,,,,2,2,1,1,,1,,2,1,2,,2,2,,2,2,2,,,,,,,,,,,,,1,1,2,2,2,2,2,1,8,1,2,,,,,,,,,,,,,,
2024,"Egypt, Arab Rep.",EGY,Middle East & North Africa (excluding high income),77385958,165314051,0.72248918,2,27,2,4,1,2,0,0,0,0,1,0,4,4,4,4,0,2,3,0,2,,,,,,,,,,2,2,1,2,2,2,1,2,2,,,,,,,,,,,,,,,,2,,2,,,,2,2,2,,1,,2,,2,1,1,,,,4,2,1,2,,,,,,,,,,,2,,2,,2,1,2,2,,1,2,,,,,,,,,2,2,,,,,,,,2,,,,,,4,1,1,,,,,,,,,,,,,,1,,2,1,,1,,1,1,1,1,2,2,,2,2,1,1,1,4,,1,1,1,1,1,2,2,2,,,,,,,,,,1,2,,,,,,,,,,,,,,
2024,"Egypt, Arab Rep.",EGY,Middle East & North Africa (excluding high income),77385958,165505061,0.747150925,1,15,2,4,2,2,0,0,0,0,0,0,4,4,4,4,0,4,3,0,2,,,,,,,,,,2,2,2,2,2,2,2,2,2,,,,,,,,,,,,,,,,2,,2,,,,2,2,2,,2,,2,,2,2,2,,,2,2,3,1,2,,,,,,,,,,,2,,2,,2,2,,,,,2,,,,,,,,,2,2,,,,,,,,2,,,,,,5,1,1,,,,,,,,,,,,,,1,,1,1,,1,,1,1,2,,2,2,,2,1,,1,2,,1,1,1,1,2,1,2,2,2,,,,,,,,,,,,,,,,,,,,,,,,,
2024,"Egypt, Arab Rep.",EGY,Middle East & North Africa (excluding high income),77385958,165541718,1.1728666,2,49,1,2,1,1,0,0,0,0,0,0,2,4,4,4,0,2,3,0,2,,,,,,,,,,2,2,1,2,2,2,1,1,1,,,,,,,,,,,,,,,,2,,2,,,,2,2,2,,2,,2,,2,2,2,,,2,2,1,4,2,,,,,,,,,,,2,,2,,2,1,2,2,,1,1,2,2,2,1,,,,,2,2,,,,,,,,2,,,,,,3,0,2,1,2,2,1,2,2,1,1,1,1,1,2,,,,,,,,,,,,,,,,,2,2,,,,,,,,,,,,,,,,,,,,,,1,2,,,,,,,,,,,,,,
2024,"Egypt, Arab Rep.",EGY,Middle East & North Africa (excluding high income),77385958,165745428,1.15710545,2,55,3,5,1,2,1,0,1,0,0,0,1,4,4,4,0,2,1,1,1,2,1,2,2,,2,1,1,2,,,,,,,,,,,,,,,,,,,,,,,,,2,2,2,,,,2,2,2,,2,2,2,,2,2,2,,,2,5,2,2,2,,,,2,2,,1,2,2,,1,1,1,1,2,1,2,2,,1,1,1,1,2,,,2,1,,2,2,,,,,,,,2,,,,,,4,1,1,,,,,,,,,,,,,,1,,1,1,,1,,1,1,1,1,2,2,,2,1,,1,2,,1,1,1,1,1,1,2,1,2,,,,,,,,,,1,2,,,,,,,,,,,,,,
2024,"Egypt, Arab Rep.",EGY,Middle East & North Africa (excluding high income),77385958,165763991,0.714265205,2,27,2,5,1,1,1,1,1,1,1,1,1,4,4,4,1,1,1,1,1,1,1,2,1,,1,1,1,1,,,,,,,,,,,,,,,,,,,,,,,,,1,1,1,3,2,2,,2,1,1,2,2,2,2,1,2,1,1,1,,2,2,4,2,,,,1,1,1,,1,1,2,1,1,1,1,1,1,1,1,,,1,2,1,1,,,1,2,,2,2,,,,,,,,2,,,,,,4,1,1,,,,,,,,,,,,,,1,,1,1,,1,,1,2,1,1,2,2,,2,1,,1,1,3,,1,1,1,1,2,1,1,1,,,,,,,,,,1,2,,,,,,,,,,,,,,
2024,"Egypt, Arab Rep.",EGY,Middle East & North Africa (excluding high income),77385958,165813439,0.839647459,2,46,1,2,1,2,1,0,1,0,1,0,4,4,4,4,0,2,3,0,1,2,2,3,3,2,2,2,2,2,,,,,,,,,,,,,,,,,,,,,,,,,2,,2,,,,2,2,2,,2,,1,,2,2,1,,,,2,2,1,2,,,,2,2,,4,2,2,,2,,2,,2,1,2,2,,1,2,,,,,,,,,2,2,,,,,,,,2,,,,,,1,0,1,,,,,,,,,,,,,,2,2,1,1,,2,,,2,2,,2,2,,2,2,2,,,,,,,,,,,,,2,2,2,1,2,2,2,1,4,1,2,,,,,,,,,,,,,,
2024,"Egypt, Arab Rep.",EGY,Middle East & North Africa (excluding high income),77385958,166051898,0.867590832,1,60,1,3,2,1,1,0,1,1,1,0,4,1,4,4,0,2,3,1,1,1,1,2,2,,2,2,2,2,,,,,,,,,,,,,,,,,,,,,,,,,2,,2,,,,2,2,2,,2,,2,,2,2,1,,,2,7,,1,2,,,,2,2,,4,2,2,,2,,2,,2,1,2,2,,1,2,,,,,,,,,1,2,1,2,,,1,2,,2,,,,,,4,0,2,1,1,2,1,2,2,2,1,2,,,,1,,,,,,,,,,,,,,,,2,2,,,,,,,,,,,,,,,,,,,,,,1,2,,,,,,,,,,,,,,
2024,"Egypt, Arab Rep.",EGY,Middle East & North Africa (excluding high income),77385958,166265299,1.007538349,1,19,2,2,2,2,0,0,0,0,0,0,4,4,4,4,0,4,3,0,2,,,,,,,,,,2,2,1,2,2,2,1,2,2,,,,,,,,,,,,,,,,2,,2,,,,2,2,2,,2,,2,,2,2,2,,,2,4,1,3,2,,,,,,,,,,,2,,2,,2,2,,,,,2,,,,,,,,,2,2,,,,,,,,2,,,,,,1,1,1,,,,,,,,,,,,,,1,,2,1,,1,,1,1,1,1,1,2,,2,2,1,1,2,,1,1,1,1,1,1,2,2,1,,,,,,,,,,1,2,,,,,,,,,,,,,,
2024,"Egypt, Arab Rep.",EGY,Middle East & North Africa (excluding high income),77385958,166267871,0.42796523,1,19,2,1,2,2,0,0,0,0,1,0,2,4,4,4,0,4,3,0,2,,,,,,,,,,2,2,1,2,2,1,1,2,2,,,,,,,,,,,,,,,,2,,2,,,,2,2,2,,2,,1,,2,2,1,,,,2,2,2,2,,,,,,,,,,,2,,2,,2,2,,,,,1,2,2,2,1,,,,,2,2,,,,,,,,2,,,,,,4,1,1,,,,,,,,,,,,,,1,,1,1,,1,,1,1,1,1,2,2,,2,1,,1,1,3,,1,1,1,1,1,2,2,1,,,,,,,,,,1,2,,,,,,,,,,,,,,
2024,"Egypt, Arab Rep.",EGY,Middle East & North Africa (excluding high income),77385958,166555368,1.138947038,2,20,2,5,1,2,1,1,1,1,0,1,2,4,4,4,0,4,3,1,1,1,2,2,2,,1,2,1,2,,,,,,,,,,,,,,,,,,,,,,,,,1,1,2,2,1,2,,2,2,,2,2,2,,2,2,2,,,2,2,1,2,2,,,,2,2,,4,2,2,,2,,2,,2,2,,,,,1,2,2,2,1,,,,,2,2,,,,,,,,2,,,,,,5,1,1,,,,,,,,,,,,,,1,,1,1,,1,,1,1,1,1,2,1,2,2,1,,1,1,3,,1,1,1,1,1,2,1,1,,,,,,,,,,1,2,,,,,,,,,,,,,,
2024,"Egypt, Arab Rep.",EGY,Middle East & North Africa (excluding high income),77385958,166569750,0.514424291,1,26,2,4,2,2,0,0,0,0,0,1,4,4,4,4,0,4,3,0,2,,,,,,,,,,2,2,1,2,2,2,2,1,2,,,,,,,,,,,,,,,,1,,2,3,2,2,,2,2,,2,,2,,2,2,2,,,2,1,2,3,2,,,,,,,,,,,2,,2,,2,2,,,,,2,,,,,,,,,2,2,,,,,,,,2,,,,,,3,1,1,,,,,,,,,,,,,,1,,1,1,,1,,1,3,1,1,2,2,,2,1,,1,1,3,,1,1,1,1,1,2,1,2,,,,,,,,,,1,2,,,,,,,,,,,,,,
2024,"Egypt, Arab Rep.",EGY,Middle East & North Africa (excluding high income),77385958,166592189,0.610425167,2,32,2,5,2,1,0,1,1,1,1,1,1,4,4,4,0,2,1,1,2,,,,,,,,,,2,2,1,2,2,2,1,2,2,,,,,,,,,,,,,,,,2,1,2,3,2,2,,2,2,,2,2,1,,2,2,1,,,,2,2,1,2,,,,2,2,,4,2,2,,2,,1,1,2,1,2,2,,1,1,2,2,1,,,2,1,,2,2,,,,,,,,2,,,,,,4,1,1,,,,,,,,,,,,,,1,,1,1,,1,,1,1,2,,2,2,,2,1,,2,1,2,,1,1,1,1,1,2,1,1,,,,,,,,,,1,2,,,,,,,,,,,,,,
2024,"Egypt, Arab Rep.",EGY,Middle East & North Africa (excluding high income),77385958,166690896,0.360070288,1,62,1,5,2,2,1,0,1,0,0,0,4,4,1,4,0,2,3,1,1,2,1,2,2,,2,2,2,2,,,,,,,,,,,,,,,,,,,,,,,,,2,,2,,,,2,2,2,,2,,2,,2,2,2,,,2,4,1,4,2,,,,2,2,,4,2,2,,2,,2,,2,1,2,2,,1,2,,,,,,,,,2,1,1,2,,,1,2,,2,,,,,,3,0,2,2,2,2,1,2,2,2,4,2,,,,2,,,,,,,,,,,,,,,,2,2,,,,,,,,,,,,,,,,,,,,,,1,2,,,,,,,,,,,,,,
2024,"Egypt, Arab Rep.",EGY,Middle East & North Africa (excluding high income),77385958,166796221,0.5337704,1,33,2,3,2,1,0,0,0,0,0,0,4,4,4,4,0,2,3,0,2,,,,,,,,,,2,2,2,2,2,2,2,2,1,,,,,,,,,,,,,,,,2,,2,,,,2,2,2,,2,,2,,2,2,2,,,2,7,,1,2,,,,,,,,,,,2,,2,,2,1,2,2,,1,2,,,,,,,,,2,2,,,,,,,,2,,,,,,4,1,1,,,,,,,,,,,,,,1,,2,2,,1,,2,2,2,,2,2,,2,1,,1,2,,1,2,2,1,2,1,2,2,2,,,,,,,,,,1,2,,,,,,,,,,,,,,
2024,"Egypt, Arab Rep.",EGY,Middle East & North Africa (excluding high income),77385958,166878178,0.685940794,1,38,3,3,2,2,0,0,0,0,0,0,4,4,4,4,0,4,3,0,2,,,,,,,,,,2,2,3,2,2,2,2,1,2,,,,,,,,,,,,,,,,2,,2,,,,2,2,2,,2,,2,,2,2,2,,,2,2,2,3,2,,,,,,,,,,,2,,2,,2,2,,,,,2,,,,,,,,,2,2,,,,,,,,2,,,,,,4,1,1,,,,,,,,,,,,,,1,,1,1,,1,,1,2,2,,2,2,,2,1,,1,1,3,,2,1,1,2,2,8,2,2,,,,,,,,,,1,2,,,,,,,,,,,,,,
2024,"Egypt, Arab Rep.",EGY,Middle East & North Africa (excluding high income),77385958,166946441,2.889474023,2,25,3,5,1,2,1,1,1,1,0,1,1,4,4,4,0,4,1,1,1,1,1,2,2,,1,1,2,2,,,,,,,,,,,,,,,,,,,,,,,,,1,2,2,2,1,2,,2,2,,2,2,2,,2,2,2,,,2,2,2,2,2,,,,2,2,,4,2,2,,1,1,2,,2,2,,,,,1,1,1,2,,,2,2,,2,2,,,,,,,,2,,,,,,1,1,1,,,,,,,,,,,,,,1,,1,1,,1,,1,1,1,1,2,2,,2,1,,1,1,3,,1,1,1,1,1,2,2,2,,,,,,,,,,1,2,,,,,,,,,,,,,,
2024,"Egypt, Arab Rep.",EGY,Middle East & North Africa (excluding high income),77385958,167121823,0.744626747,1,15,2,5,2,2,0,0,0,0,0,0,4,4,4,4,0,4,3,0,2,,,,,,,,,,2,2,2,2,2,2,1,1,2,,,,,,,,,,,,,,,,2,,2,,,,2,2,2,,2,,2,,2,2,2,,,2,2,1,4,2,,,,,,,,,,,2,,2,,2,2,,,,,2,,,,,,,,,2,2,,,,,,,,2,,,,,,3,1,1,,,,,,,,,,,,,,1,,2,1,,1,,1,4,1,1,2,2,,2,1,,1,1,2,,1,1,1,1,1,2,2,2,,,,,,,,,,,,,,,,,,,,,,,,,
2024,"Egypt, Arab Rep.",EGY,Middle East & North Africa (excluding high income),77385958,167178842,0.496925139,1,58,1,5,2,1,1,0,1,0,1,0,4,1,4,4,0,2,3,1,1,2,1,2,2,,2,2,2,2,,,,,,,,,,,,,,,,,,,,,,,,,2,,2,,,,2,2,2,,2,,2,,2,2,1,,,2,7,,1,2,,,,2,2,,1,2,2,,2,,2,,2,1,2,2,,1,2,,,,,,,,,1,2,1,2,,,1,2,,2,,,,,,4,0,1,,,,,,,,,,,,,,2,2,1,1,,2,,,1,2,,2,2,,2,2,2,,,,,,,,,,,,,1,2,2,2,2,2,2,1,1,1,2,,,,,,,,,,,,,,
2024,"Egypt, Arab Rep.",EGY,Middle East & North Africa (excluding high income),77385958,167277939,1.53277116,1,22,1,2,2,1,1,0,1,0,0,0,4,1,4,4,0,4,2,1,2,,,,,,,,,,,,,,,,,,,,,,,,,,,,,,,,,,2,,2,,,,2,2,2,,2,,2,,2,2,2,,,2,2,2,3,2,,,,,,,,,,,2,,1,2,1,2,,,,,2,,,,,,,,,1,2,2,2,2,1,1,2,,2,,,,,,4,1,1,,,,,,,,,,,,,,1,,1,1,,1,,1,4,1,1,2,2,,2,1,,2,1,2,,1,1,1,2,2,2,2,2,,,,,,,,,,1,2,,,,,,,,,,,,,,
2024,"Egypt, Arab Rep.",EGY,Middle East & North Africa (excluding high income),77385958,167472122,0.479729157,1,56,1,5,2,1,1,0,1,1,1,0,4,4,1,4,0,2,1,1,1,1,1,2,2,,2,2,2,2,,,,,,,,,,,,,,,,,,,,,,,,,2,,2,,,,2,2,2,,2,,2,,2,2,1,,,2,5,3,1,2,,,,2,2,,1,2,2,,2,,1,1,2,1,2,2,,1,2,,,,,,,,,2,1,1,2,,,1,2,,2,,,,,,3,0,1,,,,,,,,,,,,,,1,,2,1,,2,,,2,2,,2,2,,2,2,2,,,,,2,2,2,2,2,2,2,2,,,,,,,,,,1,2,,,,,,,,,,,,,,
2024,"Egypt, Arab Rep.",EGY,Middle East & North Africa (excluding high income),77385958,167558744,0.28667737,1,47,2,4,1,1,1,0,1,0,1,1,4,4,4,4,0,2,3,0,1,2,1,2,2,,2,2,2,2,,,,,,,,,,,,,,,,,,,,,,,,,2,,1,,,,,2,2,,2,,2,1,2,2,1,,,,2,1,4,2,,,,2,2,,1,2,2,,2,,2,,2,1,2,2,,1,2,,,,,,,,,2,2,,,,,,,,2,,,,,,3,1,1,,,,,,,,,,,,,,1,,1,2,,2,,,1,1,1,2,2,,2,1,,2,1,3,,2,2,2,2,2,2,2,2,,,,,,,,,,1,2,,,,,,,,,,,,,,
2024,"Egypt, Arab Rep.",EGY,Middle East & North Africa (excluding high income),77385958,167671369,2.236468636,2,22,3,5,2,2,0,0,0,0,0,0,4,4,4,4,0,4,3,0,2,,,,,,,,,,2,2,1,2,2,2,1,1,2,,,,,,,,,,,,,,,,2,,2,,,,2,2,2,,2,,2,,2,2,2,,,2,2,2,4,2,,,,,,,,,,,2,,2,,2,2,,,,,2,,,,,,,,,2,2,,,,,,,,2,,,,,,4,1,1,,,,,,,,,,,,,,1,,1,1,,1,,1,1,1,1,2,2,,2,1,,1,1,3,,1,1,1,1,1,2,2,2,,,,,,,,,,1,2,,,,,,,,,,,,,,
2024,"Egypt, Arab Rep.",EGY,Middle East & North Africa (excluding high income),77385958,167911499,2.222913377,2,25,1,1,1,1,0,0,0,0,1,0,2,4,4,4,0,4,3,0,2,,,,,,,,,,2,2,2,2,2,2,1,2,2,,,,,,,,,,,,,,,,2,,2,,,,2,2,2,,2,,1,,2,2,1,,,,7,,1,2,,,,,,,,,,,2,,2,,2,2,,,,,1,2,2,2,1,,,,,2,2,,,,,,,,2,,,,,,3,0,1,,,,,,,,,,,,,,2,2,1,1,,2,,,2,2,,2,2,,2,2,2,,,,,,,,,,,,,1,2,2,1,2,2,2,2,1,1,2,,,,,,,,,,,,,,
2024,"Egypt, Arab Rep.",EGY,Middle East & North Africa (excluding high income),77385958,167970274,1.133629707,2,16,2,1,1,1,0,0,0,0,1,0,2,4,4,4,0,4,3,0,2,,,,,,,,,,2,2,2,2,2,2,1,2,1,,,,,,,,,,,,,,,,2,,2,,,,2,2,2,,2,,2,,2,2,1,,,2,2,1,1,2,,,,,,,,,,,2,,2,,2,2,,,,,1,2,2,2,1,,,,,2,2,,,,,,,,2,,,,,,3,1,1,,,,,,,,,,,,,,2,2,1,1,,1,,1,2,2,,2,2,,2,2,1,4,1,4,,1,1,1,1,2,2,2,2,1,2,2,2,2,2,2,2,1,1,2,,,,,,,,,,,,,,
2024,"Egypt, Arab Rep.",EGY,Middle East & North Africa (excluding high income),77385958,168034324,0.425824342,1,38,2,4,2,2,1,1,1,1,0,0,4,1,4,4,0,4,1,1,1,1,1,2,2,,2,1,2,2,,,,,,,,,,,,,,,,,,,,,,,,,2,2,2,,,,2,2,2,,2,2,2,,2,2,2,,,2,5,3,2,2,,,,2,2,,4,2,2,,1,1,1,1,2,2,,,,,2,,,,,,,,,1,2,1,2,,,1,2,,2,,,,,,3,1,1,,,,,,,,,,,,,,1,,1,1,,1,,1,2,1,1,2,2,,2,1,,1,1,4,,1,1,1,1,1,2,2,2,,,,,,,,,,1,2,,,,,,,,,,,,,,
2024,"Egypt, Arab Rep.",EGY,Middle East & North Africa (excluding high income),77385958,168106786,0.257212146,2,44,2,2,1,1,0,0,0,0,1,0,2,4,4,4,0,2,3,0,2,,,,,,,,,,2,2,1,2,2,2,1,2,2,,,,,,,,,,,,,,,,2,,2,,,,2,2,2,,2,,2,,2,2,1,,,2,2,1,1,2,,,,,,,,,,,2,,2,,2,1,2,2,,1,1,2,2,2,1,,,,,2,2,,,,,,,,2,,,,,,3,0,1,,,,,,,,,,,,,,2,2,1,1,,1,,2,2,2,,2,2,,2,2,2,,,,,,,,,,,,,1,2,2,2,2,2,2,2,1,1,2,,,,,,,,,,,,,,
2024,"Egypt, Arab Rep.",EGY,Middle East & North Africa (excluding high income),77385958,168365069,1.039028822,2,31,2,1,1,1,0,0,0,0,1,0,2,4,4,4,0,2,3,0,2,,,,,,,,,,2,1,1,2,2,2,1,2,2,,,,,,,,,,,,,,,,2,,2,,,,2,2,2,,2,,2,,2,2,1,,,2,4,2,1,2,,,,,,,,,,,2,,2,,2,1,2,2,,1,1,2,2,2,1,,,,,2,2,,,,,,,,2,,,,,,4,1,1,,,,,,,,,,,,,,1,,1,1,,1,,1,1,1,1,2,2,,2,1,,2,1,2,,2,1,1,1,2,2,2,2,,,,,,,,,,1,2,,,,,,,,,,,,,,
2024,"Egypt, Arab Rep.",EGY,Middle East & North Africa (excluding high income),77385958,168367737,1.878887211,1,26,1,5,2,2,0,0,0,0,0,0,4,4,4,4,0,4,3,0,2,,,,,,,,,,2,2,2,2,2,2,1,2,2,,,,,,,,,,,,,,,,2,,2,,,,2,2,2,,2,,2,,2,2,2,,,2,2,2,2,2,,,,,,,,,,,2,,2,,2,2,,,,,2,,,,,,,,,2,2,,,,,,,,2,,,,,,3,1,1,,,,,,,,,,,,,,1,,1,1,,1,,2,1,1,2,2,2,,2,1,,2,1,2,,1,1,1,2,2,2,2,2,,,,,,,,,,1,2,,,,,,,,,,,,,,
2024,"Egypt, Arab Rep.",EGY,Middle East & North Africa (excluding high income),77385958,168405749,1.154785948,2,63,1,3,2,1,1,0,1,0,0,0,4,1,1,4,0,2,3,1,1,2,1,2,2,,2,2,2,2,,,,,,,,,,,,,,,,,,,,,,,,,2,,2,,,,2,2,2,,2,,2,,2,2,2,,,2,2,1,1,2,,,,2,2,,1,2,2,,2,,2,,2,1,2,2,,1,2,,,,,,,,,1,1,1,2,,,1,2,,2,,,,,,4,0,1,,,,,,,,,,,,,,1,,1,1,,2,,,1,2,,2,2,,2,2,2,,,,,2,2,2,2,2,2,2,2,,,,,,,,,,1,2,,,,,,,,,,,,,,
2024,"Egypt, Arab Rep.",EGY,Middle East & North Africa (excluding high income),77385958,168900797,1.747147061,1,42,1,2,2,1,0,0,0,0,0,0,4,4,4,4,0,4,3,0,2,,,,,,,,,,2,2,1,2,2,2,1,2,2,,,,,,,,,,,,,,,,2,,2,,,,2,2,2,,2,,2,,2,2,2,,,2,7,,1,2,,,,,,,,,,,2,,2,,2,2,,,,,2,,,,,,,,,2,2,,,,,,,,2,,,,,,3,0,2,1,2,2,1,2,2,2,1,2,,,,1,,,,,,,,,,,,,,,,2,2,,,,,,,,,,,,,,,,,,,,,,1,2,,,,,,,,,,,,,,
2024,"Egypt, Arab Rep.",EGY,Middle East & North Africa (excluding high income),77385958,169074665,1.996025117,2,46,1,2,1,1,0,0,0,0,1,0,4,4,4,2,0,2,2,0,2,,,,,,,,,,2,2,2,2,1,2,1,1,1,,,,,,,,,,,,,,,,2,,2,,,,2,2,2,,2,,1,,1,2,1,,,,7,,1,2,,,,,,,,,,,2,,1,2,2,1,2,2,,1,2,,,,,,,,,2,2,,,,,,,,1,2,2,1,,2,4,0,2,1,1,2,1,2,2,2,1,2,,,,1,,,,,,,,,,,,,,,,2,2,,,,,,,,,,,,,,,,,,,,,,1,2,,,,,,,,,,,,,,
2024,"Egypt, Arab Rep.",EGY,Middle East & North Africa (excluding high income),77385958,169414747,2.889474023,2,15,1,4,2,1,0,0,0,0,0,0,4,4,4,4,0,4,3,0,2,,,,,,,,,,2,2,1,2,2,1,1,1,1,,,,,,,,,,,,,,,,2,,2,,,,2,2,2,,2,,2,,2,2,2,,,2,2,1,4,2,,,,,,,,,,,2,,2,,2,2,,,,,2,,,,,,,,,2,2,,,,,,,,2,,,,,,5,1,1,,,,,,,,,,,,,,1,,2,1,,1,,1,2,1,1,2,1,2,2,1,,1,1,2,,1,1,1,2,2,2,2,2,,,,,,,,,,,,,,,,,,,,,,,,,
2024,"Egypt, Arab Rep.",EGY,Middle East & North Africa (excluding high income),77385958,169577825,0.443054156,1,31,2,4,2,2,1,0,1,0,0,1,4,4,4,4,0,4,3,0,1,2,2,4,4,1,1,2,2,2,,,,,,,,,,,,,,,,,,,,,,,,,1,,2,4,2,2,,2,2,,2,,2,,2,2,2,,,2,2,2,3,2,,,,2,2,,4,2,2,,2,,2,,1,2,,,,,2,,,,,,,,,2,2,,,,,,,,2,,,,,,4,1,1,,,,,,,,,,,,,,1,,1,1,,1,,1,2,1,1,1,1,2,2,1,,1,1,3,,1,1,1,1,2,2,2,1,,,,,,,,,,1,2,,,,,,,,,,,,,,
2024,"Egypt, Arab Rep.",EGY,Middle East & North Africa (excluding high income),77385958,169633822,0.436406666,1,18,2,3,2,2,0,0,0,0,0,0,4,4,4,4,0,4,3,0,2,,,,,,,,,,2,2,1,2,2,2,1,1,2,,,,,,,,,,,,,,,,2,,2,,,,2,2,2,,2,,2,,2,2,2,,,2,7,,4,2,,,,,,,,,,,2,,2,,2,2,,,,,2,,,,,,,,,2,2,,,,,,,,2,,,,,,4,1,1,,,,,,,,,,,,,,1,,2,1,,1,,1,2,2,,2,2,,2,1,,1,1,1,,1,1,1,2,2,2,2,2,,,,,,,,,,1,2,,,,,,,,,,,,,,
2024,"Egypt, Arab Rep.",EGY,Middle East & North Africa (excluding high income),77385958,170018539,1.677262606,1,55,1,1,2,1,0,0,0,0,0,0,4,4,4,4,0,2,3,0,2,,,,,,,,,,2,2,2,2,1,1,1,2,1,,,,,,,,,,,,,,,,2,,2,,,,2,2,2,,2,,2,,2,2,2,,,2,7,,4,2,,,,,,,,,,,2,,2,,2,1,2,2,,1,2,,,,,,,,,2,2,,,,,,,,2,,,,,,3,0,1,,,,,,,,,,,,,,2,2,2,1,,2,,,2,2,,2,2,,2,2,2,,,,,,,,,,,,,1,2,2,2,2,1,2,1,1,1,2,,,,,,,,,,,,,,
2024,"Egypt, Arab Rep.",EGY,Middle East & North Africa (excluding high income),77385958,170074783,1.203550966,1,22,3,1,2,2,0,0,0,0,0,0,4,4,4,4,0,4,3,0,2,,,,,,,,,,2,2,2,2,2,2,1,2,2,,,,,,,,,,,,,,,,2,2,2,,,,2,2,2,,2,2,2,,2,2,2,,,2,5,1,1,2,,,,2,2,,4,1,2,,2,,2,,2,2,,,,,2,,,,,,,,,2,2,,,,,,,,2,,,,,,1,1,1,,,,,,,,,,,,,,1,,1,1,,1,,1,4,1,1,1,1,2,2,1,,1,1,2,,1,1,1,1,1,2,2,2,,,,,,,,,,1,2,,,,,,,,,,,,,,
2024,"Egypt, Arab Rep.",EGY,Middle East & North Africa (excluding high income),77385958,170137809,0.597086836,1,32,2,5,2,2,1,0,1,1,1,1,4,4,4,4,1,2,2,1,1,1,2,2,2,,1,1,1,1,,,,,,,,,,,,,,,,,,,,,,,,,1,,1,2,1,2,,2,2,,2,,2,2,2,2,2,1,1,,1,3,1,2,,,,1,1,3,,2,2,,1,2,2,,1,1,2,2,,1,2,,,,,,,,,2,2,,,,,,,,2,,,,,,3,1,1,,,,,,,,,,,,,,1,,2,1,,1,,1,1,1,1,2,1,2,1,1,,1,1,3,,1,2,1,1,1,2,1,2,,,,,,,,,,1,2,,,,,,,,,,,,,,
2024,"Egypt, Arab Rep.",EGY,Middle East & North Africa (excluding high income),77385958,170154379,0.849754942,2,36,3,4,1,2,1,1,1,1,1,1,1,4,4,4,1,4,1,1,1,1,1,1,1,,1,1,1,1,,,,,,,,,,,,,,,,,,,,,,,,,1,1,2,1,1,1,,1,2,,1,2,2,,2,1,2,1,1,,4,2,2,2,,,,2,1,3,,1,1,1,1,1,2,,2,2,,,,,1,2,2,1,,,2,1,,2,2,,,,,,,,2,,,,,,5,1,1,,,,,,,,,,,,,,1,,1,1,,1,,1,1,1,1,2,1,2,2,1,,1,1,3,,1,1,1,1,1,1,2,2,,,,,,,,,,1,2,,,,,,,,,,,,,,
2024,"Egypt, Arab Rep.",EGY,Middle East & North Africa (excluding high income),77385958,170198131,0.585163819,1,25,2,4,2,1,0,0,0,0,0,0,4,4,4,4,0,4,3,0,2,,,,,,,,,,2,2,2,2,2,2,1,2,2,,,,,,,,,,,,,,,,2,,2,,,,2,2,2,,2,,2,,2,2,2,,,2,2,1,4,2,,,,,,,,,,,2,,2,,2,2,,,,,2,,,,,,,,,2,2,,,,,,,,2,,,,,,3,0,1,,,,,,,,,,,,,,2,2,2,1,,2,,,2,2,,2,2,,2,2,2,,,,,,,,,,,,,1,2,2,2,2,1,2,1,97,1,2,,,,,,,,,,,,,,
2024,"Egypt, Arab Rep.",EGY,Middle East & North Africa (excluding high income),77385958,170206680,0.421071761,2,50,1,2,2,1,0,0,0,0,1,0,4,2,4,4,0,2,2,0,2,,,,,,,,,,2,2,2,2,1,2,1,2,2,,,,,,,,,,,,,,,,2,,2,,,,2,2,2,,2,,2,,1,2,2,,,2,2,1,2,2,,,,,,,,,,,2,,1,2,2,1,2,2,,1,2,,,,,,,,,1,2,2,2,1,,,,,2,,,,,,4,0,2,1,1,2,1,2,2,1,1,1,1,2,2,,,,,,,,,,,,,,,,,2,2,,,,,,,,,,,,,,,,,,,,,,1,2,,,,,,,,,,,,,,
2024,"Egypt, Arab Rep.",EGY,Middle East & North Africa (excluding high income),77385958,170263227,0.322076109,2,49,2,4,1,1,0,0,0,0,0,0,2,4,4,4,0,2,3,0,2,,,,,,,,,,2,2,1,2,2,2,1,1,2,,,,,,,,,,,,,,,,2,,2,,,,2,2,2,,2,,2,,2,2,2,,,2,4,1,1,2,,,,,,,,,,,2,,2,,2,1,2,2,,1,1,2,2,2,1,,,,,2,2,,,,,,,,2,,,,,,4,1,1,,,,,,,,,,,,,,1,,1,1,,1,,1,4,2,,2,1,2,2,1,,1,1,2,,1,1,1,1,1,2,2,2,,,,,,,,,,1,2,,,,,,,,,,,,,,
2024,"Egypt, Arab Rep.",EGY,Middle East & North Africa (excluding high income),77385958,170286044,2.271312425,2,33,3,5,1,2,1,1,1,1,1,1,4,4,4,4,1,1,3,1,1,1,1,3,3,1,1,1,2,2,,,,,,,,,,,,,,,,,,,,,,,,,1,1,1,3,1,2,,2,2,,2,2,2,1,2,2,2,,,,1,3,2,2,,,,2,1,3,,1,1,3,2,,2,,2,1,2,1,,,2,,,,,,,,,2,2,,,,,,,,2,,,,,,3,1,1,,,,,,,,,,,,,,1,,1,1,,1,,1,4,1,1,2,2,,1,1,,1,1,3,,1,1,1,1,1,2,1,2,,,,,,,,,,1,2,,,,,,,,,,,,,,
2024,"Egypt, Arab Rep.",EGY,Middle East & North Africa (excluding high income),77385958,170409795,2.222913377,2,31,1,4,1,2,0,0,0,0,1,0,4,4,4,4,0,2,2,0,2,,,,,,,,,,2,2,2,2,2,2,1,2,2,,,,,,,,,,,,,,,,2,,2,,,,2,1,2,,2,,1,,2,2,2,,,,2,2,1,2,,,,,,,,,,,2,,1,2,2,1,2,2,,1,2,,,,,,,,,2,2,,,,,,,,2,,,,,,4,1,1,,,,,,,,,,,,,,1,,1,1,,2,,,2,2,,2,2,,2,1,,2,1,2,,1,1,1,2,2,2,2,2,,,,,,,,,,1,2,,,,,,,,,,,,,,
2024,"Egypt, Arab Rep.",EGY,Middle East & North Africa (excluding high income),77385958,170446162,0.593829382,1,33,2,3,2,1,0,0,0,0,1,0,4,4,4,4,0,2,3,0,2,,,,,,,,,,2,2,1,2,2,2,1,1,2,,,,,,,,,,,,,,,,2,,2,,,,2,2,2,,2,,1,,2,1,2,,,,2,2,4,2,,,,,,,,,,,2,,2,,2,1,2,2,,1,2,,,,,,,,,2,2,,,,,,,,2,,,,,,4,1,1,,,,,,,,,,,,,,1,,1,1,,1,,1,1,1,1,2,1,2,2,1,,2,1,2,,1,1,1,1,1,2,2,2,,,,,,,,,,1,2,,,,,,,,,,,,,,
2024,"Egypt, Arab Rep.",EGY,Middle East & North Africa (excluding high income),77385958,170566832,1.514208283,2,34,3,5,1,2,0,0,0,0,1,0,2,4,4,4,0,4,3,0,2,,,,,,,,,,2,2,1,2,1,2,1,2,1,,,,,,,,,,,,,,,,2,,2,,,,2,2,2,,2,,2,,2,2,1,,,1,7,,4,2,,,,,,,,,,,2,,2,,2,2,,,,,1,2,2,2,1,,,,,2,2,,,,,,,,2,,,,,,4,1,1,,,,,,,,,,,,,,1,,1,1,,1,,1,2,1,2,2,2,,2,1,,1,1,3,,1,1,1,2,2,1,2,1,,,,,,,,,,1,2,,,,,,,,,,,,,,
2024,"Egypt, Arab Rep.",EGY,Middle East & North Africa (excluding high income),77385958,170776639,0.324560512,2,40,2,5,1,2,0,0,0,0,0,0,2,4,4,4,0,2,3,0,2,,,,,,,,,,2,2,1,2,2,1,1,2,2,,,,,,,,,,,,,,,,2,,2,,,,2,2,2,,2,,2,,2,2,2,,,2,2,2,4,2,,,,,,,,,,,2,,2,,2,1,2,2,,1,1,2,2,2,1,,,,,2,2,,,,,,,,2,,,,,,3,1,1,,,,,,,,,,,,,,1,,1,1,,1,,1,1,2,,2,2,,1,1,,1,1,1,,1,1,1,1,1,2,2,2,,,,,,,,,,1,2,,,,,,,,,,,,,,
2024,"Egypt, Arab Rep.",EGY,Middle East & North Africa (excluding high income),77385958,170898789,0.597086836,1,31,2,2,2,2,0,0,0,0,1,0,4,4,4,4,0,4,3,0,2,,,,,,,,,,2,2,2,2,2,2,1,2,1,,,,,,,,,,,,,,,,2,,2,,,,2,2,2,,2,,1,,1,2,1,,,,7,,3,2,,,,,,,,,,,2,,2,,2,2,,,,,2,,,,,,,,,2,2,,,,,,,,2,,,,,,4,1,1,,,,,,,,,,,,,,1,,2,1,,1,,1,1,1,1,2,2,,2,1,,2,1,3,,2,1,1,1,1,2,2,2,,,,,,,,,,1,2,,,,,,,,,,,,,,
2024,"Egypt, Arab Rep.",EGY,Middle East & North Africa (excluding high income),77385958,171059263,1.452472084,1,27,3,4,2,2,1,0,1,0,0,1,4,4,4,4,0,1,3,1,2,,,,,,,,,,,,,,,,,,,,,,,,,,,,,,,,,,2,,2,,,,1,2,2,,2,,2,,2,2,2,,,2,2,2,2,2,,,,,,,,,,,2,,2,,2,1,1,2,1,,2,,,,,,,,,2,2,,,,,,,,2,,,,,,3,1,1,,,,,,,,,,,,,,1,,1,1,,1,,1,3,1,1,2,2,,2,1,,1,2,,1,1,1,1,1,1,2,2,2,,,,,,,,,,1,2,,,,,,,,,,,,,,
2024,"Egypt, Arab Rep.",EGY,Middle East & North Africa (excluding high income),77385958,171072723,1.160967231,2,66,1,4,2,1,1,0,1,0,0,0,2,4,1,4,0,2,3,1,1,2,1,2,2,,2,1,2,2,,,,,,,,,,,,,,,,,,,,,,,,,2,,2,,,,2,2,2,,2,,2,,2,2,2,,,2,7,,1,2,,,,2,2,,4,2,2,,2,,2,,2,1,2,2,,1,1,2,2,2,1,,,,,2,1,2,2,2,1,1,2,,2,,,,,,4,0,1,,,,,,,,,,,,,,2,2,1,2,,2,,,2,2,,2,2,,2,2,2,,,,,,,,,,,,,1,2,2,1,2,2,2,1,8,1,2,,,,,,,,,,,,,,
2024,"Egypt, Arab Rep.",EGY,Middle East & North Africa (excluding high income),77385958,171113106,1.018617326,2,16,2,5,2,1,0,0,0,0,0,1,4,4,4,4,0,4,3,0,2,,,,,,,,,,2,2,2,2,2,1,1,2,2,,,,,,,,,,,,,,,,2,,2,,,,1,2,2,,2,,2,,2,2,2,,,2,2,2,2,2,,,,,,,,,,,2,,2,,1,2,,,,,2,,,,,,,,,2,2,,,,,,,,2,,,,,,6,1,1,,,,,,,,,,,,,,1,,2,1,,1,,1,1,1,1,2,2,,2,2,1,1,1,3,,1,1,1,2,2,2,2,2,,,,,,,,,,2,,2,1,2,2,2,2,2,2,2,2,2,2,,
2024,"Egypt, Arab Rep.",EGY,Middle East & North Africa (excluding high income),77385958,171308857,0.469873402,2,37,2,4,1,1,0,0,0,0,1,0,4,4,4,4,0,2,1,0,2,,,,,,,,,,2,2,1,2,2,2,1,2,2,,,,,,,,,,,,,,,,2,,2,,,,2,2,2,,2,,1,,2,2,1,,,,2,1,2,2,,,,,,,,,,,2,,1,1,2,1,2,2,,1,2,,,,,,,,,2,2,,,,,,,,2,,,,,,4,1,1,,,,,,,,,,,,,,1,,1,1,,1,,1,2,1,1,2,2,,2,1,,1,1,3,,1,1,1,1,1,2,2,2,,,,,,,,,,1,2,,,,,,,,,,,,,,
2024,"Egypt, Arab Rep.",EGY,Middle East & North Africa (excluding high income),77385958,171325378,1.578661871,1,50,1,3,2,1,0,0,0,0,0,0,4,4,4,4,0,2,2,0,2,,,,,,,,,,2,2,2,2,2,2,2,2,2,,,,,,,,,,,,,,,,2,,2,,,,2,2,2,,2,,2,,2,2,2,,,2,2,3,4,2,,,,,,,,,,,1,2,2,,2,1,2,2,,1,2,,,,,,,,,2,2,,,,,,,,2,,,,,,3,0,2,2,2,2,2,2,2,1,7,1,2,2,2,,,,,,,,,,,,,,,,,2,2,,,,,,,,,,,,,,,,,,,,,,1,2,,,,,,,,,,,,,,
2024,"Egypt, Arab Rep.",EGY,Middle East & North Africa (excluding high income),77385958,171357393,0.538021145,1,53,3,5,1,2,1,0,1,0,1,1,1,4,4,4,0,2,2,1,1,2,1,2,2,,2,1,1,2,,,,,,,,,,,,,,,,,,,,,,,,,2,,1,,,,,2,2,,2,,1,2,2,2,2,,,,2,1,2,2,,,,2,2,,4,2,2,,1,2,2,,2,1,2,2,,1,1,1,1,2,,,2,1,,2,2,,,,,,,,2,,,,,,4,1,1,,,,,,,,,,,,,,1,,1,1,,1,,1,2,2,,2,2,,2,1,,1,1,3,,1,1,1,1,1,2,2,2,,,,,,,,,,1,2,,,,,,,,,,,,,,
2024,"Egypt, Arab Rep.",EGY,Middle East & North Africa (excluding high income),77385958,171389303,1.837082617,1,29,1,1,1,2,1,0,1,1,0,0,4,1,4,4,0,2,2,1,1,1,1,2,2,,1,1,2,2,,,,,,,,,,,,,,,,,,,,,,,,,2,,2,,,,2,2,2,,2,,2,,2,2,2,,,2,2,2,1,1,1,1,2,2,2,,4,2,2,,2,,1,2,2,1,2,2,,1,2,,,,,,,,,1,2,1,2,,,1,2,,2,,,,,,4,1,1,,,,,,,,,,,,,,1,,2,1,,2,,,2,1,2,2,2,,2,1,,2,1,2,,1,1,1,2,2,2,2,2,,,,,,,,,,1,2,,,,,,,,,,,,,,
2024,"Egypt, Arab Rep.",EGY,Middle East & North Africa (excluding high income),77385958,171534714,0.94391487,2,42,1,3,1,2,0,0,0,0,1,0,2,4,4,4,0,2,1,0,2,,,,,,,,,,2,2,1,2,2,2,1,2,1,,,,,,,,,,,,,,,,2,2,2,,,,2,2,2,,2,2,1,,1,2,2,,,,2,1,4,1,1,2,2,2,2,,4,2,2,,1,1,1,2,2,1,2,2,,1,1,2,2,2,1,,,,,2,2,,,,,,,,2,,,,,,6,1,1,,,,,,,,,,,,,,1,,1,2,,1,,1,2,1,1,2,1,2,2,2,1,2,2,,2,2,2,1,2,2,2,2,2,,,,,,,,,,1,2,,,,,,,,,,,,,,
2024,"Egypt, Arab Rep.",EGY,Middle East & North Africa (excluding high income),77385958,171985705,0.694269353,1,35,3,4,2,1,0,0,0,0,0,0,4,4,4,4,0,4,3,0,2,,,,,,,,,,2,2,2,2,2,2,1,1,2,,,,,,,,,,,,,,,,2,,2,,,,2,2,2,,2,,2,,2,2,2,,,2,1,3,4,2,,,,,,,,,,,2,,2,,2,2,,,,,2,,,,,,,,,2,2,,,,,,,,2,,,,,,8,1,1,,,,,,,,,,,,,,1,,2,1,,1,,1,4,1,1,1,2,,2,1,,1,1,3,,1,2,1,1,2,2,2,2,,,,,,,,,,1,2,,,,,,,,,,,,,,
2024,"Egypt, Arab Rep.",EGY,Middle East & North Africa (excluding high income),77385958,172155273,0.357722619,2,38,2,4,1,1,0,0,0,0,0,0,4,4,4,2,0,2,3,0,2,,,,,,,,,,2,2,1,2,2,2,1,2,2,,,,,,,,,,,,,,,,2,,2,,,,2,2,2,,2,,2,,2,2,2,,,2,5,2,3,2,,,,,,,,,,,2,,2,,2,1,2,2,,1,2,,,,,,,,,2,2,,,,,,,,1,2,2,1,,2,4,0,1,,,,,,,,,,,,,,2,2,2,1,,1,,2,2,2,,2,2,,2,2,2,,,,,,,,,,,,,2,2,2,2,2,2,2,1,8,1,2,,,,,,,,,,,,,,
2024,"Egypt, Arab Rep.",EGY,Middle East & North Africa (excluding high income),77385958,172213296,0.845119038,2,39,3,4,1,2,1,1,1,1,0,1,1,4,4,4,0,2,1,1,1,1,2,2,2,,1,1,2,2,,,,,,,,,,,,,,,,,,,,,,,,,1,1,2,2,1,2,,2,2,,2,2,2,,2,2,2,,,2,1,3,1,2,,,,2,2,,1,2,2,,1,1,2,,2,1,2,2,,1,1,2,1,2,,,2,1,,2,2,,,,,,,,2,,,,,,3,1,1,,,,,,,,,,,,,,1,,1,1,,1,,1,3,1,1,2,2,,2,1,,1,1,3,,1,1,1,1,1,2,2,2,,,,,,,,,,1,2,,,,,,,,,,,,,,
2024,"Egypt, Arab Rep.",EGY,Middle East & North Africa (excluding high income),77385958,172605548,0.443054156,1,29,2,3,2,1,0,0,0,0,1,0,4,4,4,4,0,2,2,0,2,,,,,,,,,,2,2,1,2,2,2,1,2,2,,,,,,,,,,,,,,,,2,,2,,,,2,2,2,,2,,1,,1,2,1,,,,1,1,4,2,,,,,,,,,,,2,,1,2,2,1,2,2,,1,2,,,,,,,,,2,2,,,,,,,,2,,,,,,5,1,1,,,,,,,,,,,,,,1,,1,1,,1,,1,4,1,1,2,2,,2,1,,2,1,2,,2,2,1,1,2,2,2,2,,,,,,,,,,1,2,,,,,,,,,,,,,,
2024,"Egypt, Arab Rep.",EGY,Middle East & North Africa (excluding high income),77385958,172685894,0.662142488,2,26,2,2,1,2,1,1,1,1,1,1,2,4,4,4,1,4,1,1,1,1,2,2,2,,1,1,1,1,,,,,,,,,,,,,,,,,,,,,,,,,1,1,1,2,1,1,,1,2,,2,2,2,1,2,2,2,1,1,,1,3,1,2,,,,2,1,1,,2,2,,1,1,2,,2,2,,,,,1,2,2,2,1,,,,,2,2,,,,,,,,2,,,,,,3,1,1,,,,,,,,,,,,,,1,,1,1,,1,,1,1,1,1,2,1,2,1,1,,1,1,3,,1,1,1,1,2,2,2,2,,,,,,,,,,1,2,,,,,,,,,,,,,,
2024,"Egypt, Arab Rep.",EGY,Middle East & North Africa (excluding high income),77385958,172863825,1.195276741,1,45,1,3,1,1,1,0,1,0,1,0,4,1,4,4,0,4,3,1,1,2,1,2,2,,1,2,2,2,,,,,,,,,,,,,,,,,,,,,,,,,2,,2,,,,2,2,2,,2,,2,,2,2,1,,,2,2,1,4,1,2,2,2,2,2,,4,2,2,,2,,2,,2,2,,,,,2,,,,,,,,,1,2,1,2,,,1,2,,2,,,,,,3,0,2,2,2,2,1,2,2,2,4,2,,,,1,,,,,,,,,,,,,,,,2,2,,,,,,,,,,,,,,,,,,,,,,1,2,,,,,,,,,,,,,,
2024,"Egypt, Arab Rep.",EGY,Middle East & North Africa (excluding high income),77385958,172896909,2.569852755,2,34,1,2,1,2,0,0,0,0,0,0,2,4,4,4,0,2,3,0,2,,,,,,,,,,2,2,1,2,2,2,1,2,2,,,,,,,,,,,,,,,,2,,2,,,,2,2,2,,2,,2,,2,2,2,,,2,5,2,5,2,,,,,,,,,,,2,,2,,2,1,2,2,,1,1,2,2,2,1,,,,,2,2,,,,,,,,2,,,,,,4,1,1,,,,,,,,,,,,,,1,,1,1,,1,,1,2,1,1,1,2,,2,1,,1,1,2,,1,1,1,2,2,2,2,2,,,,,,,,,,1,2,,,,,,,,,,,,,,
2024,"Egypt, Arab Rep.",EGY,Middle East & North Africa (excluding high income),77385958,173259685,1.210079254,1,40,3,5,2,2,1,0,1,0,1,1,1,4,4,4,0,4,3,1,1,2,1,2,2,,1,1,1,2,,,,,,,,,,,,,,,,,,,,,,,,,2,,1,,,,,2,2,,2,,1,2,1,2,2,,,,2,2,2,2,,,,2,2,,4,2,2,,2,,2,,2,2,,,,,1,2,1,2,,,2,1,,2,2,,,,,,,,2,,,,,,3,1,1,,,,,,,,,,,,,,1,,1,1,,1,,1,1,2,,2,2,,2,1,,1,2,,1,1,1,1,1,2,2,2,2,,,,,,,,,,1,2,,,,,,,,,,,,,,
2024,"Egypt, Arab Rep.",EGY,Middle East & North Africa (excluding high income),77385958,173316791,0.590290295,1,28,2,4,2,1,0,0,0,0,0,0,4,4,4,4,0,2,3,0,2,,,,,,,,,,2,2,2,2,2,2,1,1,2,,,,,,,,,,,,,,,,2,,2,,,,2,2,2,,2,,2,,2,2,2,,,2,2,2,2,2,,,,,,,,,,,2,,2,,2,1,2,2,,1,2,,,,,,,,,2,2,,,,,,,,2,,,,,,3,0,1,,,,,,,,,,,,,,2,2,2,1,,1,,2,2,2,,2,2,,2,2,2,,,,,,,,,,,,,1,2,2,2,2,2,2,2,1,1,2,,,,,,,,,,,,,,
2024,"Egypt, Arab Rep.",EGY,Middle East & North Africa (excluding high income),77385958,173325155,1.310360296,1,40,1,2,2,1,0,0,0,0,1,0,4,4,4,4,0,4,2,0,2,,,,,,,,,,2,2,2,2,1,2,1,2,1,,,,,,,,,,,,,,,,2,,2,,,,2,2,2,,1,,1,,2,1,1,,,,7,,2,2,,,,,,,,,,,2,,1,2,2,2,,,,,2,,,,,,,,,2,2,,,,,,,,2,,,,,,6,1,1,,,,,,,,,,,,,,1,,2,1,,1,,1,3,1,2,2,2,,2,2,1,4,1,4,,1,2,2,2,2,2,2,2,,,,,,,,,,1,2,,,,,,,,,,,,,,
2024,"Egypt, Arab Rep.",EGY,Middle East & North Africa (excluding high income),77385958,173394280,2.420127141,1,27,1,2,2,1,1,0,1,0,1,0,4,2,4,2,0,2,3,0,2,2,1,2,2,,1,1,1,2,,,,,,,,,,,,,,,,,,,,,,,,,2,,2,,,,2,2,2,,2,,1,,2,2,1,,,,2,1,3,1,2,2,2,2,2,,4,2,2,,2,,2,,2,1,2,2,,1,2,,,,,,,,,1,2,2,2,1,,,,,1,2,2,1,,2,5,0,1,,,,,,,,,,,,,,2,2,1,1,,2,,,2,2,,1,2,,2,2,2,,,,,,,,,,,,,1,2,2,2,2,2,2,2,1,1,2,,,,,,,,,,,,,,
2024,"Egypt, Arab Rep.",EGY,Middle East & North Africa (excluding high income),77385958,173514605,1.5601594,1,35,1,4,2,1,0,0,0,0,0,0,4,4,4,4,0,2,3,0,2,,,,,,,,,,2,2,2,2,2,2,1,1,2,,,,,,,,,,,,,,,,2,,2,,,,2,2,2,,2,,2,,2,2,2,,,2,5,2,1,2,,,,,,,,,,,2,,2,,2,1,2,2,,1,2,,,,,,,,,2,2,,,,,,,,2,,,,,,3,0,1,,,,,,,,,,,,,,2,2,2,1,,2,,,2,2,,2,2,,2,2,2,,,,,,,,,,,,,2,2,2,1,2,2,2,2,4,1,2,,,,,,,,,,,,,,
2024,"Egypt, Arab Rep.",EGY,Middle East & North Africa (excluding high income),77385958,173549883,1.276849598,2,22,1,4,1,2,0,0,0,0,1,0,2,4,4,4,0,4,3,0,2,,,,,,,,,,2,2,1,2,1,2,1,2,2,,,,,,,,,,,,,,,,2,,2,,,,2,2,2,,2,,1,,2,2,2,,,,2,1,1,2,,,,,,,,,,,2,,2,,2,2,,,,,1,2,2,2,1,,,,,2,2,,,,,,,,2,,,,,,4,0,1,,,,,,,,,,,,,,2,2,1,1,,2,,,2,2,,2,2,,2,2,2,,,,,,,,,,,,,1,2,2,1,2,2,2,1,8,1,2,,,,,,,,,,,,,,
2024,"Egypt, Arab Rep.",EGY,Middle East & North Africa (excluding high income),77385958,173737814,0.843459069,1,44,1,4,2,2,1,0,1,1,0,1,4,4,4,4,0,2,3,0,1,1,2,2,2,,1,1,2,2,,,,,,,,,,,,,,,,,,,,,,,,,1,,2,2,1,1,,2,2,,2,,2,,2,2,2,,,2,1,2,3,2,,,,2,2,,4,2,2,,2,,2,,2,1,2,2,,1,2,,,,,,,,,2,2,,,,,,,,2,,,,,,1,0,1,,,,,,,,,,,,,,2,2,2,1,,2,,,4,2,,2,2,,2,2,2,,,,,,,,,,,,,1,2,2,2,2,2,2,2,1,1,2,,,,,,,,,,,,,,
2024,"Egypt, Arab Rep.",EGY,Middle East & North Africa (excluding high income),77385958,173755139,0.875407987,1,19,2,4,2,1,0,0,0,0,0,0,4,4,4,4,0,4,3,0,2,,,,,,,,,,2,2,2,2,2,2,1,2,2,,,,,,,,,,,,,,,,2,,2,,,,2,2,2,,2,,2,,2,2,2,,,2,2,2,2,2,,,,,,,,,,,2,,2,,2,2,,,,,2,,,,,,,,,2,2,,,,,,,,2,,,,,,5,1,1,,,,,,,,,,,,,,1,,2,1,,1,,1,1,1,1,1,2,,2,1,,1,1,3,,2,2,1,1,1,2,2,2,,,,,,,,,,1,2,,,,,,,,,,,,,,
2024,"Egypt, Arab Rep.",EGY,Middle East & North Africa (excluding high income),77385958,173766665,1.338532617,1,50,1,1,2,2,0,0,0,0,1,0,4,2,4,4,0,2,2,0,2,,,,,,,,,,2,2,2,2,2,1,1,2,2,,,,,,,,,,,,,,,,2,,2,,,,2,2,2,,2,,1,,1,2,1,,,,7,,1,2,,,,,,,,,,,2,,1,2,1,1,2,2,,1,2,,,,,,,,,1,2,2,2,1,,,,,2,,,,,,4,0,1,,,,,,,,,,,,,,2,2,1,3,,2,,,2,2,,2,2,,2,2,2,,,,,,,,,,,,,1,2,2,1,2,2,2,1,4,1,2,,,,,,,,,,,,,,
2024,"Egypt, Arab Rep.",EGY,Middle East & North Africa (excluding high income),77385958,173788052,0.601918052,2,43,2,4,1,2,0,0,0,0,1,0,2,4,4,4,0,2,2,0,2,,,,,,,,,,2,2,1,2,2,2,2,2,2,,,,,,,,,,,,,,,,2,,2,,,,2,2,2,,2,,1,,2,2,1,,,,7,,4,2,,,,,,,,,,,2,,1,2,2,1,2,2,,1,1,2,2,2,1,,,,,2,2,,,,,,,,2,,,,,,4,0,1,,,,,,,,,,,,,,1,,2,1,,1,,1,3,1,1,2,2,,2,2,2,,,,,2,2,2,2,2,2,2,2,,,,,,,,,,1,2,,,,,,,,,,,,,,
2024,"Egypt, Arab Rep.",EGY,Middle East & North Africa (excluding high income),77385958,173892387,1.225832837,2,22,2,5,1,2,1,0,1,0,0,1,2,4,4,4,0,4,3,0,2,2,2,3,3,1,1,1,2,2,,,,,,,,,,,,,,,,,,,,,,,,,1,,2,2,2,2,,2,2,,2,,2,,2,2,2,,,2,2,2,3,2,,,,2,2,,1,2,2,,2,,2,,2,2,,,,,1,2,2,2,1,,,,,2,2,,,,,,,,2,,,,,,3,1,1,,,,,,,,,,,,,,1,,1,1,,1,,1,4,1,1,2,2,,2,1,,1,2,,1,1,1,1,1,1,2,2,2,,,,,,,,,,1,2,,,,,,,,,,,,,,
2024,"Egypt, Arab Rep.",EGY,Middle East & North Africa (excluding high income),77385958,173893423,0.506532602,1,23,2,4,2,2,0,0,0,0,0,0,4,4,4,4,0,2,3,0,2,,,,,,,,,,2,2,2,2,2,2,1,2,2,,,,,,,,,,,,,,,,2,,2,,,,2,2,2,,2,,2,,2,2,2,,,2,2,2,5,2,,,,,,,,,,,2,,2,,2,1,2,2,,1,2,,,,,,,,,2,2,,,,,,,,2,,,,,,4,0,2,1,2,2,2,2,2,1,7,1,1,2,2,,,,,,,,,,,,,,,,,2,2,,,,,,,,,,,,,,,,,,,,,,1,2,,,,,,,,,,,,,,
2024,"Egypt, Arab Rep.",EGY,Middle East & North Africa (excluding high income),77385958,173973427,0.261402467,2,45,2,5,1,2,0,0,0,0,0,0,4,4,4,4,0,3,3,0,2,,,,,,,,,,2,2,1,2,1,2,1,2,2,,,,,,,,,,,,,,,,2,,2,,,,2,2,2,,2,,2,,2,2,2,,,2,2,2,3,2,,,,,,,,,,,2,,2,,2,1,2,2,,2,2,,,,,,,,,2,2,,,,,,,,2,,,,,,4,0,1,,,,,,,,,,,,,,2,2,2,3,,2,,,1,1,1,1,2,,2,2,2,,,,,,,,,,,,,2,2,8,2,2,2,2,2,,1,2,,,,,,,,,,,,,,
2024,"Egypt, Arab Rep.",EGY,Middle East & North Africa (excluding high income),77385958,174086719,0.257212146,1,38,2,4,2,2,0,0,0,0,1,0,4,4,4,4,0,2,2,0,2,,,,,,,,,,2,2,2,2,2,2,1,1,2,,,,,,,,,,,,,,,,2,,2,,,,2,2,2,,2,,1,,1,2,1,,,,2,2,4,2,,,,,,,,,,,2,,1,2,2,1,2,2,,1,2,,,,,,,,,2,2,,,,,,,,2,,,,,,3,1,1,,,,,,,,,,,,,,1,,2,1,,1,,1,4,1,1,1,2,,2,1,,1,1,3,,1,1,1,1,1,2,2,1,,,,,,,,,,1,2,,,,,,,,,,,,,,
2024,"Egypt, Arab Rep.",EGY,Middle East & North Africa (excluding high income),77385958,174141964,0.429434812,2,52,2,3,1,2,1,1,1,1,0,1,2,4,4,4,0,4,1,1,1,1,1,3,3,1,2,1,1,2,,,,,,,,,,,,,,,,,,,,,,,,,1,1,2,3,2,2,,2,2,,2,2,2,,2,2,2,,,2,2,1,4,2,,,,2,2,,1,2,2,,1,1,1,1,2,2,,,,,1,2,2,2,1,,,,,2,2,,,,,,,,2,,,,,,1,0,1,,,,,,,,,,,,,,2,2,1,1,,2,,,4,2,,2,2,,2,2,2,,,,,,,,,,,,,1,2,1,2,2,2,2,1,8,1,2,,,,,,,,,,,,,,
2024,"Egypt, Arab Rep.",EGY,Middle East & North Africa (excluding high income),77385958,174157924,0.680487635,1,52,1,5,2,2,1,0,1,0,0,0,4,1,4,4,0,2,3,1,1,2,1,2,2,,2,2,2,2,,,,,,,,,,,,,,,,,,,,,,,,,2,,2,,,,2,2,2,,2,,2,,2,2,2,,,2,2,1,1,2,,,,2,2,,4,2,2,,2,,2,,2,1,2,2,,1,2,,,,,,,,,1,2,1,2,,,1,2,,2,,,,,,3,0,2,1,1,2,2,2,2,2,2,1,2,2,2,,,,,,,,,,,,,,,,,2,2,,,,,,,,,,,,,,,,,,,,,,1,2,,,,,,,,,,,,,,
2024,"Egypt, Arab Rep.",EGY,Middle East & North Africa (excluding high income),77385958,174268785,2.162478462,1,30,1,2,2,1,0,0,0,0,1,0,4,4,4,4,0,4,3,0,2,,,,,,,,,,2,2,2,2,2,2,1,2,2,,,,,,,,,,,,,,,,2,,2,,,,2,2,2,,2,,1,,1,2,1,,,,2,1,2,2,,,,,,,,,,,2,,2,,2,2,,,,,2,,,,,,,,,2,2,,,,,,,,2,,,,,,4,0,2,1,2,2,2,2,2,1,1,1,2,2,2,,,,,,,,,,,,,,,,,2,2,,,,,,,,,,,,,,,,,,,,,,1,2,,,,,,,,,,,,,,
2024,"Egypt, Arab Rep.",EGY,Middle East & North Africa (excluding high income),77385958,174342642,0.792006654,1,53,1,4,2,1,1,0,1,0,1,0,4,1,4,4,0,2,2,1,1,2,1,2,2,,2,1,2,2,,,,,,,,,,,,,,,,,,,,,,,,,2,,2,,,,2,2,2,,2,,1,,1,2,1,,,,7,,4,2,,,,2,2,,1,2,2,,2,,1,2,2,1,2,2,,1,2,,,,,,,,,1,2,1,2,,,1,2,,2,,,,,,4,0,2,1,1,2,1,2,2,1,1,1,1,2,2,,,,,,,,,,,,,,,,,2,2,,,,,,,,,,,,,,,,,,,,,,1,2,,,,,,,,,,,,,,
2024,"Egypt, Arab Rep.",EGY,Middle East & North Africa (excluding high income),77385958,174576276,1.463736431,2,60,1,2,2,1,0,0,0,0,1,0,4,4,4,4,0,2,3,0,2,,,,,,,,,,2,2,2,2,2,2,1,2,2,,,,,,,,,,,,,,,,2,,2,,,,2,2,2,,2,,1,,2,2,1,,,,7,,1,2,,,,,,,,,,,2,,2,,2,1,2,2,,1,2,,,,,,,,,2,2,,,,,,,,2,,,,,,4,0,1,,,,,,,,,,,,,,2,2,1,2,,2,,,2,2,,2,2,,2,2,2,,,,,,,,,,,,,1,2,2,2,2,2,2,1,8,1,2,,,,,,,,,,,,,,
2024,"Egypt, Arab Rep.",EGY,Middle East & North Africa (excluding high income),77385958,174712391,0.498100617,1,23,2,3,2,1,0,0,0,0,0,0,4,4,4,4,0,2,2,0,2,,,,,,,,,,2,2,2,1,1,2,2,2,2,,,,,,,,,,,,,,,,2,,2,,,,2,2,2,,2,,2,,2,2,2,,,2,5,1,1,2,,,,,,,,,,,1,2,2,,2,1,2,2,,1,2,,,,,,,,,2,2,,,,,,,,2,,,,,,4,0,1,,,,,,,,,,,,,,1,,2,1,,1,,2,4,2,,2,2,,2,2,2,,,,,2,2,2,2,2,2,2,2,,,,,,,,,,1,2,,,,,,,,,,,,,,
2024,"Egypt, Arab Rep.",EGY,Middle East & North Africa (excluding high income),77385958,174741189,0.518716907,1,18,2,3,2,1,0,0,0,0,1,0,4,4,4,4,0,2,3,0,2,,,,,,,,,,2,2,2,2,2,2,2,1,2,,,,,,,,,,,,,,,,2,,2,,,,2,2,2,,2,,1,,2,2,1,,,,2,1,1,2,,,,,,,,,,,2,,2,,2,1,2,2,,1,2,,,,,,,,,2,2,,,,,,,,2,,,,,,4,1,1,,,,,,,,,,,,,,1,,1,1,,1,,1,4,2,,2,2,,2,1,,1,2,,1,1,1,1,2,1,2,2,2,,,,,,,,,,1,1,,,,,,,,,,,,,,
2024,"Egypt, Arab Rep.",EGY,Middle East & North Africa (excluding high income),77385958,174881439,0.996201233,1,15,2,2,2,2,0,0,0,0,0,0,4,4,4,4,0,4,3,0,2,,,,,,,,,,2,2,1,2,2,2,1,2,2,,,,,,,,,,,,,,,,2,,2,,,,2,2,2,,2,,2,,2,2,2,,,2,2,1,3,2,,,,,,,,,,,2,,2,,2,2,,,,,2,,,,,,,,,2,2,,,,,,,,2,,,,,,3,1,1,,,,,,,,,,,,,,1,,2,1,,1,,1,1,1,1,2,2,,2,1,,1,1,3,,1,1,1,1,1,2,2,2,,,,,,,,,,,,,,,,,,,,,,,,,
2024,"Egypt, Arab Rep.",EGY,Middle East & North Africa (excluding high income),77385958,174930947,1.159326324,2,30,2,3,1,2,0,1,1,1,1,1,2,4,4,4,0,4,1,1,2,,,,,,,,,,2,1,1,2,2,2,1,2,2,,,,,,,,,,,,,,,,2,1,1,2,2,2,,2,2,,2,2,1,2,2,2,2,,,,2,2,3,2,,,,2,2,,1,2,2,,1,1,1,1,2,2,,,,,1,2,2,2,1,,,,,2,2,,,,,,,,2,,,,,,3,1,1,,,,,,,,,,,,,,1,,1,1,,1,,1,2,1,1,2,1,2,2,1,,1,1,3,,1,1,1,1,1,2,1,2,,,,,,,,,,1,2,,,,,,,,,,,,,,
2024,"Egypt, Arab Rep.",EGY,Middle East & North Africa (excluding high income),77385958,174957507,1.573388366,1,50,1,3,1,2,0,0,0,0,0,0,4,4,4,4,0,5,3,0,2,,,,,,,,,,2,2,1,2,3,2,1,2,2,,,,,,,,,,,,,,,,2,,2,,,,2,2,2,,2,,2,,2,2,2,,,2,2,1,2,2,,,,,,,,,,,2,,2,,2,4,,,,,2,,,,,,,,,2,2,,,,,,,,2,,,,,,4,0,1,,,,,,,,,,,,,,2,2,1,1,,2,,,2,1,1,2,2,,2,2,2,,,,,,,,,,,,,1,8,2,2,2,2,2,1,1,1,2,,,,,,,,,,,,,,
2024,"Egypt, Arab Rep.",EGY,Middle East & North Africa (excluding high income),77385958,175000484,1.255319429,2,23,2,4,1,2,0,0,0,0,0,1,2,4,4,4,0,4,3,0,2,,,,,,,,,,2,2,1,2,2,2,1,1,2,,,,,,,,,,,,,,,,2,,1,,,,,2,2,,2,,2,2,2,2,2,,,2,2,2,2,2,,,,,,,,,,,2,,2,,2,2,,,,,1,2,2,2,1,,,,,2,2,,,,,,,,2,,,,,,4,1,1,,,,,,,,,,,,,,1,,1,1,,1,,1,4,1,1,2,2,,2,1,,1,1,3,,1,1,1,1,1,2,2,1,,,,,,,,,,1,2,,,,,,,,,,,,,,
2024,"Egypt, Arab Rep.",EGY,Middle East & North Africa (excluding high income),77385958,175188224,0.794448263,2,19,2,5,2,2,1,0,1,0,1,0,4,4,4,4,0,4,3,0,1,2,2,4,4,2,2,2,1,2,,,,,,,,,,,,,,,,,,,,,,,,,2,,2,,,,2,2,2,,2,,2,,2,2,1,,,2,2,2,4,2,,,,2,2,,1,2,2,,2,,2,,2,2,,,,,2,,,,,,,,,2,2,,,,,,,,2,,,,,,5,1,1,,,,,,,,,,,,,,1,,2,1,,1,,1,1,1,1,2,1,2,1,1,,1,1,3,,1,1,1,1,1,2,2,1,,,,,,,,,,1,2,,,,,,,,,,,,,,
2024,"Egypt, Arab Rep.",EGY,Middle East & North Africa (excluding high income),77385958,175439246,0.94391487,2,38,1,3,1,1,0,0,0,0,1,0,2,4,4,4,0,2,3,0,2,,,,,,,,,,2,2,2,2,2,2,1,2,2,,,,,,,,,,,,,,,,2,,2,,,,2,2,2,,2,,1,,2,2,1,,,,5,1,1,2,,,,,,,,,,,2,,2,,2,1,2,2,,1,1,2,2,2,1,,,,,2,2,,,,,,,,2,,,,,,4,1,1,,,,,,,,,,,,,,1,,1,1,,1,,2,2,1,2,2,2,,2,2,1,3,1,2,,1,2,1,1,2,2,2,2,,,,,,,,,,1,2,,,,,,,,,,,,,,
2024,"Egypt, Arab Rep.",EGY,Middle East & North Africa (excluding high income),77385958,175476683,0.267622669,2,53,2,5,1,2,0,1,1,1,0,1,4,4,4,4,0,2,1,1,2,,,,,,,,,,2,1,1,2,2,2,1,2,2,,,,,,,,,,,,,,,,2,1,2,3,2,2,,2,2,,2,2,2,,2,2,2,,,2,1,2,1,2,,,,2,2,,4,2,2,,1,1,2,,2,1,2,2,,1,2,,,,,,,,,2,2,,,,,,,,2,,,,,,3,1,1,,,,,,,,,,,,,,1,,1,1,,1,,1,1,1,1,2,2,,2,1,,1,1,3,,1,1,1,1,1,2,1,2,,,,,,,,,,1,2,,,,,,,,,,,,,,
2024,"Egypt, Arab Rep.",EGY,Middle East & North Africa (excluding high income),77385958,175594769,0.690572887,1,44,3,3,2,1,0,0,0,0,0,0,4,4,4,4,0,2,3,0,2,,,,,,,,,,2,2,2,2,2,2,2,1,2,,,,,,,,,,,,,,,,2,,2,,,,2,2,2,,2,,2,,2,2,2,,,2,7,,1,2,,,,,,,,,,,2,,2,,2,1,2,2,,1,2,,,,,,,,,2,2,,,,,,,,2,,,,,,4,0,1,,,,,,,,,,,,,,2,2,2,1,,1,,2,4,2,,2,2,,2,2,2,,,,,,,,,,,,,1,2,2,2,2,2,2,1,8,1,2,,,,,,,,,,,,,,
2024,"Egypt, Arab Rep.",EGY,Middle East & North Africa (excluding high income),77385958,175616712,1.593935039,1,24,1,3,2,2,0,0,0,0,1,0,2,4,4,4,0,2,3,0,2,,,,,,,,,,2,2,2,2,2,1,1,2,2,,,,,,,,,,,,,,,,2,,2,,,,2,2,2,,1,,2,,2,2,1,,,,2,1,4,2,,,,,,,,,,,2,,2,,2,1,2,2,,1,1,2,2,2,1,,,,,2,2,,,,,,,,2,,,,,,3,1,1,,,,,,,,,,,,,,1,,1,1,,1,,1,1,1,1,2,2,,2,1,,2,1,2,,1,2,1,2,2,2,2,2,,,,,,,,,,1,2,,,,,,,,,,,,,,
2024,"Egypt, Arab Rep.",EGY,Middle East & North Africa (excluding high income),77385958,175628273,2.889474023,1,15,1,2,2,2,0,0,0,0,0,0,4,4,4,4,0,4,3,0,2,,,,,,,,,,2,2,1,2,1,2,1,2,2,,,,,,,,,,,,,,,,2,,2,,,,2,2,2,,2,,2,,2,2,2,,,2,2,2,2,2,,,,,,,,,,,2,,2,,2,2,,,,,2,,,,,,,,,2,2,,,,,,,,2,,,,,,7,1,2,1,2,2,2,1,2,1,5,1,1,2,1,,,,,,,,,,,,,,,,,1,,1,1,3,,1,1,1,1,1,2,2,2,,,,,,,,,,,,,,,,,,,,,,,,,
2024,"Egypt, Arab Rep.",EGY,Middle East & North Africa (excluding high income),77385958,175646618,0.433032815,1,38,2,4,2,2,1,0,1,1,0,1,4,4,4,4,0,2,3,0,1,1,2,3,2,,1,1,2,2,,,,,,,,,,,,,,,,,,,,,,,,,2,,2,,,,1,2,2,,2,,2,,2,2,2,,,2,2,3,2,2,,,,2,2,,1,2,2,,2,,2,,1,1,2,2,,1,2,,,,,,,,,2,2,,,,,,,,2,,,,,,4,1,1,,,,,,,,,,,,,,1,,2,1,,1,,1,4,1,1,2,2,,2,1,,1,2,,1,1,1,1,1,1,2,2,2,,,,,,,,,,1,2,,,,,,,,,,,,,,
2024,"Egypt, Arab Rep.",EGY,Middle East & North Africa (excluding high income),77385958,175731061,0.267967124,2,68,2,5,2,1,1,0,1,0,0,0,4,4,1,4,0,2,3,1,2,,,,,,,,,,,,,,,,,,,,,,,,,,,,,,,,,,2,,2,,,,2,2,2,,2,,2,,2,2,2,,,2,2,2,4,2,,,,,,,,,,,2,,2,,2,1,2,2,,1,2,,,,,,,,,2,1,2,2,2,1,1,2,,2,,,,,,4,0,1,,,,,,,,,,,,,,2,2,2,1,,1,,2,4,2,,2,2,,2,2,2,,,,,,,,,,,,,2,2,2,2,2,2,2,1,8,1,2,,,,,,,,,,,,,,
2024,"Egypt, Arab Rep.",EGY,Middle East & North Africa (excluding high income),77385958,176364272,0.461144322,2,47,2,2,1,2,0,0,0,0,1,1,2,4,4,4,0,2,2,0,2,,,,,,,,,,2,1,1,2,2,2,1,2,1,,,,,,,,,,,,,,,,2,,2,,,,1,2,2,,1,,1,,2,2,1,,,,2,2,1,2,,,,,,,,,,,2,,1,2,2,1,2,2,,1,1,2,2,2,1,,,,,2,2,,,,,,,,2,,,,,,1,0,1,,,,,,,,,,,,,,1,,2,1,,1,,1,2,2,,2,2,,2,2,2,,,,,2,2,2,2,2,2,2,2,,,,,,,,,,1,2,,,,,,,,,,,,,,
2024,"Egypt, Arab Rep.",EGY,Middle East & North Africa (excluding high income),77385958,176502117,1.558974688,1,44,1,4,2,2,1,0,1,1,0,0,4,1,1,4,0,4,3,1,1,1,1,2,2,,2,2,2,2,,,,,,,,,,,,,,,,,,,,,,,,,2,,2,,,,2,2,2,,2,,2,,2,2,2,,,2,7,,1,2,,,,2,2,,4,2,2,,2,,2,,2,2,,,,,2,,,,,,,,,1,1,1,2,,,1,2,,2,,,,,,4,0,1,,,,,,,,,,,,,,2,2,2,2,,2,,,4,2,,2,2,,2,2,2,,,,,,,,,,,,,1,2,2,1,2,2,2,2,4,1,2,,,,,,,,,,,,,,
2024,"Egypt, Arab Rep.",EGY,Middle East & North Africa (excluding high income),77385958,176576237,0.996201233,1,18,2,1,2,1,0,0,0,0,1,0,4,4,4,4,0,2,2,0,2,,,,,,,,,,2,2,2,1,2,2,1,2,2,,,,,,,,,,,,,,,,2,,2,,,,2,2,2,,2,,2,,2,2,1,,,2,8,,1,2,,,,,,,,,,,2,,1,2,2,1,2,2,,1,2,,,,,,,,,2,2,,,,,,,,2,,,,,,5,1,1,,,,,,,,,,,,,,1,,2,1,,1,,1,2,1,1,2,1,2,2,1,,2,2,,2,1,1,1,2,1,2,1,2,,,,,,,,,,1,2,,,,,,,,,,,,,,
2024,"Egypt, Arab Rep.",EGY,Middle East & North Africa (excluding high income),77385958,176698674,2.309571896,2,63,1,4,1,2,0,0,0,0,0,0,4,4,4,4,0,2,3,0,2,,,,,,,,,,2,2,1,2,2,2,1,2,2,,,,,,,,,,,,,,,,2,,2,,,,2,2,2,,2,,2,,2,2,2,,,2,2,3,4,2,,,,,,,,,,,2,,2,,2,1,2,2,,1,2,,,,,,,,,2,2,,,,,,,,2,,,,,,4,1,1,,,,,,,,,,,,,,1,,1,1,,1,,1,1,1,1,2,2,,2,1,,1,1,3,,1,1,1,1,2,2,2,2,,,,,,,,,,1,2,,,,,,,,,,,,,,
2024,"Egypt, Arab Rep.",EGY,Middle East & North Africa (excluding high income),77385958,176766394,0.345343708,2,40,2,1,2,2,0,0,0,0,1,0,4,4,4,4,0,2,3,0,2,,,,,,,,,,2,2,1,2,2,2,1,2,2,,,,,,,,,,,,,,,,2,,2,,,,2,2,2,,2,,1,,1,2,1,,,,7,,1,2,,,,,,,,,,,2,,2,,2,1,2,2,,1,2,,,,,,,,,2,2,,,,,,,,2,,,,,,3,0,1,,,,,,,,,,,,,,2,2,1,2,,1,,1,4,2,,2,2,,2,2,2,,,,,,,,,,,,,1,2,2,2,2,2,2,2,1,1,2,,,,,,,,,,,,,,
2024,"Egypt, Arab Rep.",EGY,Middle East & North Africa (excluding high income),77385958,176774552,0.656555991,1,18,2,4,2,1,0,0,0,0,1,0,2,4,4,4,0,2,2,0,2,,,,,,,,,,2,2,2,2,1,2,1,2,2,,,,,,,,,,,,,,,,2,,2,,,,2,2,2,,2,,1,,1,2,1,,,,2,2,2,2,,,,,,,,,,,2,,1,2,2,1,2,2,,1,1,2,2,2,1,,,,,2,2,,,,,,,,2,,,,,,3,1,2,1,1,2,2,2,2,1,1,1,1,2,2,,,,,,,,,,,,,,,,,2,1,4,2,,2,1,1,1,2,1,2,2,2,,,,,,,,,,1,2,,,,,,,,,,,,,,
2024,"Egypt, Arab Rep.",EGY,Middle East & North Africa (excluding high income),77385958,176816610,0.909600246,2,23,2,1,1,2,0,0,0,0,1,0,2,4,4,4,0,4,3,0,2,,,,,,,,,,2,2,1,2,2,2,1,2,2,,,,,,,,,,,,,,,,2,,2,,,,2,2,2,,1,,2,,1,2,2,,,,2,1,1,1,2,2,,,,,,,,,2,,2,,2,2,,,,,1,2,2,2,1,,,,,2,2,,,,,,,,2,,,,,,3,1,1,,,,,,,,,,,,,,1,,2,1,,1,,1,4,1,1,2,2,,2,1,,1,1,3,,1,1,1,1,1,2,2,1,,,,,,,,,,1,2,,,,,,,,,,,,,,
2024,"Egypt, Arab Rep.",EGY,Middle East & North Africa (excluding high income),77385958,176922600,0.406398183,1,16,2,4,2,2,0,0,0,0,1,0,4,4,4,4,0,4,3,0,2,,,,,,,,,,2,2,2,2,2,2,1,2,2,,,,,,,,,,,,,,,,2,,2,,,,2,2,2,,2,,2,,2,2,1,,,2,7,,1,2,,,,,,,,,,,2,,2,,2,2,,,,,2,,,,,,,,,2,2,,,,,,,,2,,,,,,3,1,1,,,,,,,,,,,,,,1,,2,1,,1,,1,2,1,2,2,1,2,2,1,,2,1,4,,1,1,1,2,1,2,2,2,,,,,,,,,,1,2,,,,,,,,,,,,,,
2024,"Egypt, Arab Rep.",EGY,Middle East & North Africa (excluding high income),77385958,176960492,1.197341498,2,15,2,4,2,2,0,0,0,0,0,0,4,4,4,4,0,4,3,0,2,,,,,,,,,,2,2,1,3,2,2,1,2,2,,,,,,,,,,,,,,,,2,,2,,,,2,2,2,,2,,2,,2,2,2,,,2,7,,5,2,,,,,,,,,,,2,,2,,2,2,,,,,2,,,,,,,,,2,2,,,,,,,,2,,,,,,3,0,2,2,2,2,2,9,2,2,,2,,,,1,,,,,,,,,,,,,,,,2,2,,,,,,,,,,,,,,,,,,,,,,,,,,,,,,,,,,,,,
2024,"Egypt, Arab Rep.",EGY,Middle East & North Africa (excluding high income),77385958,177012654,0.812796366,1,16,2,3,2,2,0,0,0,0,1,0,4,4,4,4,0,4,3,0,2,,,,,,,,,,2,2,2,2,2,2,1,2,2,,,,,,,,,,,,,,,,2,,2,,,,2,2,2,,2,,2,,2,2,1,,,2,2,1,4,2,,,,,,,,,,,2,,2,,2,2,,,,,2,,,,,,,,,2,2,,,,,,,,2,,,,,,5,0,2,1,2,2,2,2,2,1,1,1,1,2,2,,,,,,,,,,,,,,,,,2,2,,,,,,,,,,,,,,,,,,,,,,1,2,,,,,,,,,,,,,,
2024,"Egypt, Arab Rep.",EGY,Middle East & North Africa (excluding high income),77385958,177160082,0.436406666,1,24,2,3,2,2,0,0,0,0,1,0,4,4,4,4,0,4,3,0,2,,,,,,,,,,2,2,2,2,2,2,1,2,2,,,,,,,,,,,,,,,,2,,2,,,,2,2,2,,2,,1,,1,2,1,,,,7,,1,2,,,,,,,,,,,2,,2,,2,2,,,,,2,,,,,,,,,2,2,,,,,,,,2,,,,,,4,0,1,,,,,,,,,,,,,,2,2,2,1,,1,,2,1,2,,2,2,,2,2,2,,,,,,,,,,,,,1,2,2,2,2,2,2,2,1,1,2,,,,,,,,,,,,,,
2024,"Egypt, Arab Rep.",EGY,Middle East & North Africa (excluding high income),77385958,177178529,0.331757161,1,48,2,1,2,2,0,0,0,0,1,0,4,4,4,4,0,4,3,0,2,,,,,,,,,,2,2,1,2,2,2,1,2,2,,,,,,,,,,,,,,,,2,,2,,,,2,2,2,,2,,1,,2,1,1,,,,2,1,4,2,,,,,,,,,,,2,,2,,2,2,,,,,2,,,,,,,,,2,2,,,,,,,,2,,,,,,4,1,1,,,,,,,,,,,,,,1,,1,1,,1,,1,1,1,2,2,2,,2,1,,1,1,2,,2,2,1,2,2,2,2,2,,,,,,,,,,1,2,,,,,,,,,,,,,,
2024,"Egypt, Arab Rep.",EGY,Middle East & North Africa (excluding high income),77385958,177193258,0.565847648,1,43,2,1,2,1,0,0,0,0,1,0,4,4,4,4,0,2,2,0,2,,,,,,,,,,2,2,2,2,2,2,1,2,2,,,,,,,,,,,,,,,,2,,2,,,,2,2,2,,2,,1,,2,2,1,,,,2,2,1,2,,,,,,,,,,,2,,1,2,2,1,2,2,,1,2,,,,,,,,,2,2,,,,,,,,2,,,,,,3,1,1,,,,,,,,,,,,,,1,,2,1,,2,,,4,2,,2,2,,2,2,1,1,1,3,,2,2,1,2,2,2,2,2,,,,,,,,,,1,2,,,,,,,,,,,,,,
2024,"Egypt, Arab Rep.",EGY,Middle East & North Africa (excluding high income),77385958,177266643,0.547214511,1,32,2,1,2,2,0,0,0,0,0,0,4,4,4,4,0,4,3,0,2,,,,,,,,,,2,2,1,2,2,2,2,2,1,,,,,,,,,,,,,,,,2,,2,,,,2,2,2,,2,,2,,2,2,2,,,2,2,2,2,2,,,,,,,,,,,2,,2,,2,2,,,,,2,,,,,,,,,2,2,,,,,,,,2,,,,,,4,0,1,,,,,,,,,,,,,,1,,2,1,,1,,2,2,2,,1,2,,2,2,2,,,,,2,2,2,2,2,2,2,2,,,,,,,,,,1,2,,,,,,,,,,,,,,
2024,"Egypt, Arab Rep.",EGY,Middle East & North Africa (excluding high income),77385958,177355746,0.773930319,1,25,2,2,2,2,0,0,0,0,1,0,4,4,4,4,0,4,2,0,2,,,,,,,,,,2,2,1,2,1,2,1,2,2,,,,,,,,,,,,,,,,2,,2,,,,2,2,2,,2,,1,,2,2,1,,,,2,2,2,2,,,,,,,,,,,2,,1,2,2,2,,,,,2,,,,,,,,,2,2,,,,,,,,2,,,,,,4,1,1,,,,,,,,,,,,,,1,,1,1,,1,,1,4,1,1,2,2,,2,1,,2,1,3,,1,1,1,2,2,2,2,2,,,,,,,,,,1,2,,,,,,,,,,,,,,
2024,"Egypt, Arab Rep.",EGY,Middle East & North Africa (excluding high income),77385958,177389695,1.30708067,2,70,1,4,2,1,1,0,1,0,1,0,4,4,1,4,0,2,2,1,1,2,1,2,2,,2,2,2,2,,,,,,,,,,,,,,,,,,,,,,,,,2,,2,,,,2,2,2,,2,,1,,1,2,2,,,,7,,1,2,,,,2,2,,4,2,2,,2,,1,2,2,1,2,2,,1,2,,,,,,,,,2,1,1,2,,,1,2,,2,,,,,,3,0,1,,,,,,,,,,,,,,2,2,1,1,,2,,,2,2,,2,2,,2,2,2,,,,,,,,,,,,,1,2,2,1,2,2,2,1,4,1,2,,,,,,,,,,,,,,
2024,"Egypt, Arab Rep.",EGY,Middle East & North Africa (excluding high income),77385958,177479099,1.147040095,2,58,1,1,1,2,0,0,0,0,1,0,4,4,4,4,0,4,2,0,2,,,,,,,,,,2,2,1,2,1,2,1,2,2,,,,,,,,,,,,,,,,2,,2,,,,2,2,1,1,1,,2,,2,1,2,,,,2,3,3,2,,,,,,,,,,,1,2,1,2,2,2,,,,,2,,,,,,,,,2,2,,,,,,,,2,,,,,,4,1,1,,,,,,,,,,,,,,1,,1,1,,1,,1,2,1,1,2,2,,1,1,,1,1,2,,1,1,1,1,1,2,1,2,,,,,,,,,,1,2,,,,,,,,,,,,,,
2024,"Egypt, Arab Rep.",EGY,Middle East & North Africa (excluding high income),77385958,177497986,0.287113581,1,38,2,4,1,2,1,0,1,1,0,0,1,4,4,4,0,2,3,1,1,1,1,2,2,,2,2,2,2,,,,,,,,,,,,,,,,,,,,,,,,,2,,2,,,,2,2,2,,2,,2,,2,2,2,,,2,2,2,2,2,,,,2,2,,1,2,2,,2,,2,,2,1,2,2,,1,1,1,1,2,,,2,1,,2,2,,,,,,,,2,,,,,,3,1,1,,,,,,,,,,,,,,1,,1,1,,1,,1,3,1,1,2,2,,1,1,,1,1,3,,1,1,1,1,1,2,2,2,,,,,,,,,,1,2,,,,,,,,,,,,,,
2024,"Egypt, Arab Rep.",EGY,Middle East & North Africa (excluding high income),77385958,177554269,1.292389748,1,47,1,2,1,2,1,0,1,0,1,1,2,1,4,4,0,2,2,1,1,2,1,2,2,,2,1,2,2,,,,,,,,,,,,,,,,,,,,,,,,,2,,1,,,,,2,2,,2,,1,2,1,2,1,,,,2,1,1,2,,,,2,2,,4,2,2,,2,,1,2,2,1,2,2,,1,1,2,2,2,1,,,,,1,2,1,2,,,1,2,,2,,,,,,3,0,1,,,,,,,,,,,,,,2,2,1,1,,2,,,2,2,,2,1,2,2,2,2,,,,,,,,,,,,,1,2,2,1,2,2,2,1,1,1,2,,,,,,,,,,,,,,
2024,"Egypt, Arab Rep.",EGY,Middle East & North Africa (excluding high income),77385958,177613757,0.257212146,1,60,2,5,2,1,1,0,1,1,0,1,4,1,1,4,0,2,3,1,1,1,1,2,2,,2,1,1,2,,,,,,,,,,,,,,,,,,,,,,,,,1,,1,2,1,1,,2,2,,2,,2,2,2,2,2,,,2,2,1,4,2,,,,2,2,,4,2,2,,2,,2,,2,1,2,2,,1,2,,,,,,,,,1,1,1,2,,,1,2,,2,,,,,,1,0,1,,,,,,,,,,,,,,2,2,1,1,,2,,,2,2,,2,1,2,2,2,2,,,,,,,,,,,,,1,2,2,2,2,2,2,2,1,1,2,,,,,,,,,,,,,,
2024,"Egypt, Arab Rep.",EGY,Middle East & North Africa (excluding high income),77385958,177660211,0.295137561,2,36,2,2,1,1,0,1,1,1,1,0,2,4,4,4,0,2,1,1,2,,,,,,,,,,2,2,1,2,2,2,1,2,2,,,,,,,,,,,,,,,,2,2,2,,,,2,2,2,,1,2,1,,2,1,1,,,,4,2,2,2,,,,2,2,,4,2,2,,2,,1,1,2,1,2,2,,1,1,2,2,2,1,,,,,2,2,,,,,,,,2,,,,,,4,1,1,,,,,,,,,,,,,,1,,1,1,,1,,1,4,1,1,2,2,,2,1,,1,1,2,,1,1,1,1,2,2,2,2,,,,,,,,,,1,2,,,,,,,,,,,,,,
2024,"Egypt, Arab Rep.",EGY,Middle East & North Africa (excluding high income),77385958,177805494,0.919374627,2,18,2,4,2,2,0,0,0,0,0,0,4,4,4,4,0,2,3,0,2,,,,,,,,,,2,2,1,2,2,2,1,2,2,,,,,,,,,,,,,,,,2,,2,,,,2,2,2,,2,,2,,2,2,2,,,2,1,3,1,2,,,,,,,,,,,2,,2,,2,1,2,2,,1,2,,,,,,,,,2,2,,,,,,,,2,,,,,,5,1,1,,,,,,,,,,,,,,1,,1,1,,1,,1,1,1,1,2,2,,2,1,,1,1,3,,1,1,1,1,1,2,2,2,,,,,,,,,,1,2,,,,,,,,,,,,,,
2024,"Egypt, Arab Rep.",EGY,Middle East & North Africa (excluding high income),77385958,177823765,1.035696083,2,17,2,3,2,2,0,0,0,0,0,0,4,4,4,4,0,4,3,0,2,,,,,,,,,,2,2,2,2,2,2,1,2,2,,,,,,,,,,,,,,,,2,,2,,,,2,2,2,,2,,2,,2,2,2,,,2,2,1,1,2,,,,,,,,,,,2,,2,,2,2,,,,,2,,,,,,,,,2,2,,,,,,,,2,,,,,,5,0,2,1,2,2,2,2,2,2,1,2,,,,1,,,,,,,,,,,,,,,,2,2,,,,,,,,,,,,,,,,,,,,,,1,2,,,,,,,,,,,,,,
2024,"Egypt, Arab Rep.",EGY,Middle East & North Africa (excluding high income),77385958,177857806,0.60035918,2,34,2,2,1,2,0,0,0,0,1,1,2,4,4,4,0,2,3,0,2,,,,,,,,,,2,2,1,2,2,1,1,2,2,,,,,,,,,,,,,,,,2,,1,,,,,2,2,,2,,1,2,2,2,1,,,,2,1,1,2,,,,,,,,,,,2,,2,,2,1,2,2,,1,1,2,2,2,1,,,,,2,2,,,,,,,,2,,,,,,3,0,1,,,,,,,,,,,,,,2,2,1,1,,2,,,2,2,,2,2,,2,2,2,,,,,,,,,,,,,1,1,2,1,2,2,2,1,1,1,2,,,,,,,,,,,,,,
2024,"Egypt, Arab Rep.",EGY,Middle East & North Africa (excluding high income),77385958,177935527,1.147040095,2,58,1,4,2,2,0,0,0,0,0,0,4,4,4,4,0,2,2,0,2,,,,,,,,,,2,2,2,2,2,2,1,2,2,,,,,,,,,,,,,,,,2,,2,,,,2,2,2,,2,,2,,2,2,2,,,2,7,,5,2,,,,,,,,,,,2,,1,2,2,1,2,2,,1,2,,,,,,,,,2,2,,,,,,,,2,,,,,,3,0,1,,,,,,,,,,,,,,2,2,1,1,,2,,,2,2,,2,2,,2,2,2,,,,,,,,,,,,,1,2,2,1,2,2,2,1,4,1,2,,,,,,,,,,,,,,
2024,"Egypt, Arab Rep.",EGY,Middle East & North Africa (excluding high income),77385958,178029921,1.387819937,1,45,1,2,2,2,0,0,0,0,1,0,4,4,4,4,0,4,2,0,2,,,,,,,,,,2,2,2,2,1,2,2,2,2,,,,,,,,,,,,,,,,2,,2,,,,2,2,2,,2,,1,,2,2,2,,,,7,,4,2,,,,,,,,,,,2,,1,2,2,2,,,,,2,,,,,,,,,2,2,,,,,,,,2,,,,,,4,0,2,1,2,2,1,2,2,1,7,1,1,1,2,,,,,,,,,,,,,,,,,2,2,,,,,,,,,,,,,,,,,,,,,,1,2,,,,,,,,,,,,,,
2024,"Egypt, Arab Rep.",EGY,Middle East & North Africa (excluding high income),77385958,178225125,1.180041274,1,50,1,4,2,2,0,0,0,0,0,0,4,4,4,4,0,4,3,0,2,,,,,,,,,,2,2,2,2,2,2,1,2,2,,,,,,,,,,,,,,,,2,,2,,,,2,2,2,,2,,2,,2,2,2,,,2,7,,4,2,,,,,,,,,,,2,,2,,2,2,,,,,2,,,,,,,,,2,2,,,,,,,,2,,,,,,3,0,1,,,,,,,,,,,,,,2,2,1,1,,2,,,2,2,,2,2,,2,2,2,,,,,,,,,,,,,2,2,2,1,2,2,2,1,4,1,2,,,,,,,,,,,,,,
2024,"Egypt, Arab Rep.",EGY,Middle East & North Africa (excluding high income),77385958,178291524,1.007538349,1,22,2,1,2,1,0,1,1,1,0,1,4,4,4,4,1,4,3,1,2,,,,,,,,,,2,2,1,2,2,2,1,2,2,,,,,,,,,,,,,,,,2,1,2,3,2,2,,2,2,,2,2,2,,2,2,2,,,2,2,2,3,2,,,,2,1,3,,2,1,3,2,,2,,2,2,,,,,2,,,,,,,,,2,2,,,,,,,,2,,,,,,1,1,1,,,,,,,,,,,,,,1,,2,1,,1,,1,1,1,1,1,2,,2,2,1,1,1,3,,1,1,1,1,1,2,2,1,,,,,,,,,,1,2,,,,,,,,,,,,,,
2024,"Egypt, Arab Rep.",EGY,Middle East & North Africa (excluding high income),77385958,178367147,1.251387366,1,30,3,3,2,2,0,0,0,0,0,0,4,4,4,4,0,4,3,0,2,,,,,,,,,,2,2,1,2,1,2,1,1,2,,,,,,,,,,,,,,,,2,,2,,,,2,2,2,,2,,2,,2,2,2,,,2,7,,4,2,,,,,,,,,,,2,,2,,2,2,,,,,2,,,,,,,,,2,2,,,,,,,,2,,,,,,4,1,1,,,,,,,,,,,,,,1,,2,1,,1,,1,2,1,1,2,2,,2,1,,1,1,3,,1,1,1,2,2,2,2,2,,,,,,,,,,1,2,,,,,,,,,,,,,,
2024,"Egypt, Arab Rep.",EGY,Middle East & North Africa (excluding high income),77385958,178400516,0.789525167,2,40,3,3,1,2,1,1,1,1,1,1,1,4,4,4,0,1,3,1,1,1,1,4,2,,2,2,1,1,,,,,,,,,,,,,,,,,,,,,,,,,2,1,2,5,2,2,,2,2,,2,2,2,,2,2,1,2,,2,5,1,3,2,,,,2,2,,4,1,1,2,2,,2,,2,1,2,1,,,1,2,1,2,,,2,1,,2,2,,,,,,,,2,,,,,,4,1,1,,,,,,,,,,,,,,1,,1,1,,1,,1,2,1,1,2,1,2,1,1,,1,1,3,,1,1,1,1,1,2,2,1,,,,,,,,,,1,2,,,,,,,,,,,,,,
2024,"Egypt, Arab Rep.",EGY,Middle East & North Africa (excluding high income),77385958,178506602,1.421922762,1,58,1,4,2,2,1,0,1,0,0,0,4,4,4,4,0,4,1,1,1,2,1,2,2,,2,1,1,2,,,,,,,,,,,,,,,,,,,,,,,,,2,,2,,,,2,2,2,,2,,2,,2,2,2,,,2,7,,5,2,,,,2,2,,4,2,2,,1,1,1,2,2,2,,,,,2,,,,,,,,,2,2,,,,,,,,2,,,,,,4,1,1,,,,,,,,,,,,,,1,,1,1,,1,,1,2,2,,2,2,,2,1,,1,1,3,,1,1,1,1,2,2,2,2,,,,,,,,,,1,2,,,,,,,,,,,,,,
2024,"Egypt, Arab Rep.",EGY,Middle East & North Africa (excluding high income),77385958,178514088,1.613418094,1,29,1,4,1,1,0,0,0,0,1,0,4,4,4,4,0,2,1,0,2,,,,,,,,,,2,2,2,2,2,2,1,2,2,,,,,,,,,,,,,,,,2,,2,,,,2,2,2,,2,,1,,2,2,2,,,,2,2,3,1,2,2,,,,,,,,,2,,1,1,2,1,2,2,,1,2,,,,,,,,,2,2,,,,,,,,2,,,,,,3,1,1,,,,,,,,,,,,,,1,,2,1,,1,,1,4,1,1,2,2,,2,1,,2,1,2,,1,1,1,1,2,2,2,2,,,,,,,,,,1,2,,,,,,,,,,,,,,
2024,"Egypt, Arab Rep.",EGY,Middle East & North Africa (excluding high income),77385958,178638379,0.424385736,1,41,2,4,2,2,0,0,0,0,0,0,4,4,4,4,0,4,3,0,2,,,,,,,,,,2,2,1,2,2,2,1,1,1,,,,,,,,,,,,,,,,2,,2,,,,2,2,2,,2,,2,,2,2,2,,,2,2,2,3,2,,,,,,,,,,,2,,2,,2,2,,,,,2,,,,,,,,,2,2,,,,,,,,2,,,,,,3,1,1,,,,,,,,,,,,,,1,,2,1,,1,,1,2,1,1,2,1,2,2,1,,1,1,3,,1,1,1,1,1,2,1,1,,,,,,,,,,1,2,,,,,,,,,,,,,,
2024,"Egypt, Arab Rep.",EGY,Middle East & North Africa (excluding high income),77385958,178674198,0.789525167,2,44,3,1,1,2,1,0,1,1,0,0,1,4,4,4,0,1,3,1,1,1,1,2,2,,2,1,1,2,,,,,,,,,,,,,,,,,,,,,,,,,2,,2,,,,2,2,2,,2,,2,,2,2,2,,,2,2,1,2,2,,,,2,2,,4,2,2,,2,,2,,2,1,1,2,,,1,2,1,2,,,2,1,,2,2,,,,,,,,2,,,,,,4,1,1,,,,,,,,,,,,,,1,,1,1,,1,,1,2,1,1,2,2,,2,1,,1,1,3,,1,1,1,1,2,2,2,2,,,,,,,,,,1,2,,,,,,,,,,,,,,
2024,"Egypt, Arab Rep.",EGY,Middle East & North Africa (excluding high income),77385958,179060503,0.591265509,1,43,2,1,1,2,1,0,1,1,1,0,1,4,4,4,0,2,2,1,1,1,1,2,2,,2,1,2,2,,,,,,,,,,,,,,,,,,,,,,,,,2,,2,,,,2,2,2,,1,,1,,2,2,1,,,,7,,4,2,,,,2,2,,1,2,2,,2,,1,2,2,1,2,2,,1,1,1,1,2,,,2,1,,2,2,,,,,,,,2,,,,,,3,1,1,,,,,,,,,,,,,,1,,1,1,,1,,1,1,2,,2,2,,2,1,,3,1,3,,1,1,1,2,2,2,1,2,,,,,,,,,,1,2,,,,,,,,,,,,,,
2024,"Egypt, Arab Rep.",EGY,Middle East & North Africa (excluding high income),77385958,179249839,0.388806913,2,41,2,3,1,1,1,0,1,0,1,0,1,4,4,4,0,2,3,1,1,2,1,2,2,,2,2,2,2,,,,,,,,,,,,,,,,,,,,,,,,,2,,2,,,,2,1,2,,2,,1,,2,2,1,,,,4,1,2,2,,,,2,2,,4,2,2,,2,,2,,2,1,2,2,,1,1,1,1,2,,,2,1,,2,2,,,,,,,,2,,,,,,4,1,1,,,,,,,,,,,,,,1,,1,1,,1,,1,2,1,1,2,2,,2,1,,1,1,3,,1,1,1,1,2,2,1,2,,,,,,,,,,1,2,,,,,,,,,,,,,,
2024,"Egypt, Arab Rep.",EGY,Middle East & North Africa (excluding high income),77385958,179258692,0.37586053,1,23,2,3,2,1,0,0,0,0,1,0,4,4,4,4,0,4,3,0,2,,,,,,,,,,2,2,1,2,1,2,1,2,2,,,,,,,,,,,,,,,,2,,2,,,,2,2,2,,2,,1,,2,2,1,,,,2,2,2,2,,,,,,,,,,,2,,2,,2,2,,,,,2,,,,,,,,,2,2,,,,,,,,2,,,,,,3,1,1,,,,,,,,,,,,,,1,,1,1,,1,,1,2,1,1,2,2,,2,1,,2,1,2,,1,1,1,1,1,2,2,2,,,,,,,,,,1,2,,,,,,,,,,,,,,
2024,"Egypt, Arab Rep.",EGY,Middle East & North Africa (excluding high income),77385958,179291232,0.873137381,2,63,3,5,2,2,1,0,1,1,0,1,4,4,1,4,0,3,3,1,1,1,1,2,2,,1,1,1,2,,,,,,,,,,,,,,,,,,,,,,,,,1,,2,2,1,2,,2,2,,2,,2,,2,2,2,,,2,2,3,2,2,,,,2,2,,1,2,2,,2,,2,,2,1,2,2,,2,2,,,,,,,,,2,1,1,2,,,2,2,,2,,,,,,3,1,1,,,,,,,,,,,,,,1,,1,1,,1,,1,2,1,1,2,2,,2,1,,1,1,3,,1,1,1,2,1,2,2,2,,,,,,,,,,1,2,,,,,,,,,,,,,,
2024,"Egypt, Arab Rep.",EGY,Middle East & North Africa (excluding high income),77385958,179324492,0.959458313,1,60,1,3,1,2,1,0,1,0,1,0,4,4,1,4,0,2,3,1,1,2,2,2,2,,2,2,2,2,,,,,,,,,,,,,,,,,,,,,,,,,2,,2,,,,2,2,2,,2,,2,,2,2,1,,,2,5,1,1,2,,,,2,2,,1,2,2,,2,,2,,2,1,2,2,,1,2,,,,,,,,,2,1,1,2,,,1,2,,2,,,,,,3,0,2,2,2,2,1,2,2,2,4,2,,,,1,,,,,,,,,,,,,,,,2,2,,,,,,,,,,,,,,,,,,,,,,1,2,,,,,,,,,,,,,,
2024,"Egypt, Arab Rep.",EGY,Middle East & North Africa (excluding high income),77385958,179566884,0.281978719,1,35,2,2,2,2,0,0,0,0,0,0,4,4,4,4,0,2,2,0,2,,,,,,,,,,2,2,1,2,2,1,1,2,3,,,,,,,,,,,,,,,,2,,2,,,,2,2,2,,2,,2,,2,2,2,,,2,2,2,4,2,,,,,,,,,,,1,2,1,2,2,1,2,2,,1,2,,,,,,,,,2,2,,,,,,,,2,,,,,,4,0,1,,,,,,,,,,,,,,2,2,1,1,,2,,,1,2,,2,1,2,2,2,2,,,,,,,,,,,,,2,2,2,2,2,2,2,1,8,1,2,,,,,,,,,,,,,,
2024,"Egypt, Arab Rep.",EGY,Middle East & North Africa (excluding high income),77385958,179636320,0.517848042,2,23,2,5,1,1,1,1,1,1,0,1,1,4,4,4,0,4,3,1,1,2,2,2,2,,1,1,2,2,,,,,,,,,,,,,,,,,,,,,,,,,1,2,2,2,2,2,,2,2,,2,2,2,,2,2,2,,,2,2,1,2,2,,,,2,2,,1,2,1,2,2,,2,,2,2,,,,,1,2,1,1,,,2,2,,2,2,,,,,,,,2,,,,,,3,1,1,,,,,,,,,,,,,,1,,1,1,,1,,1,1,1,2,2,2,,2,1,,1,1,3,,1,1,1,1,2,2,2,2,,,,,,,,,,1,2,,,,,,,,,,,,,,
2024,"Egypt, Arab Rep.",EGY,Middle East & North Africa (excluding high income),77385958,179712925,0.870195232,2,44,3,3,1,2,0,0,0,0,1,0,4,4,4,4,0,2,3,0,2,,,,,,,,,,2,2,1,2,2,2,1,2,1,,,,,,,,,,,,,,,,2,,2,,,,2,2,2,,2,,2,,2,2,1,,,2,1,1,1,2,,,,,,,,,,,2,,2,,2,1,2,2,,1,2,,,,,,,,,2,2,,,,,,,,2,,,,,,4,1,1,,,,,,,,,,,,,,1,,1,1,,1,,1,1,1,1,2,2,,2,1,,1,2,,1,1,1,1,2,2,2,2,2,,,,,,,,,,1,2,,,,,,,,,,,,,,
2024,"Egypt, Arab Rep.",EGY,Middle East & North Africa (excluding high income),77385958,179758289,0.26650653,1,65,2,5,2,2,1,0,1,1,1,0,4,4,1,4,1,2,2,1,1,1,1,2,2,,1,1,2,1,,,,,,,,,,,,,,,,,,,,,,,,,2,,2,,,,2,2,2,,2,,2,,2,2,1,1,2,,2,3,1,2,,,,1,1,3,,2,2,,2,,1,2,2,1,2,2,,1,2,,,,,,,,,2,1,1,2,,,1,2,,2,,,,,,3,1,1,,,,,,,,,,,,,,1,,1,1,,1,,1,1,1,2,2,1,2,2,1,,1,1,3,,2,2,1,1,1,2,1,2,,,,,,,,,,1,2,,,,,,,,,,,,,,
2024,"Egypt, Arab Rep.",EGY,Middle East & North Africa (excluding high income),77385958,179893480,1.17011955,1,42,1,4,2,1,0,0,0,0,0,0,4,4,4,4,0,2,3,0,2,,,,,,,,,,2,2,1,2,1,2,1,2,2,,,,,,,,,,,,,,,,2,,2,,,,2,2,2,,2,,2,,2,2,2,,,2,5,1,4,2,,,,,,,,,,,2,,2,,2,1,2,2,,1,2,,,,,,,,,2,2,,,,,,,,2,,,,,,4,0,1,,,,,,,,,,,,,,2,2,2,2,,2,,,2,2,,2,2,,2,2,2,,,,,,,,,,,,,1,2,2,1,1,2,2,1,1,1,2,,,,,,,,,,,,,,
2024,"Egypt, Arab Rep.",EGY,Middle East & North Africa (excluding high income),77385958,179994474,0.26031227,1,57,2,5,1,2,1,0,1,1,0,0,1,4,4,4,0,2,3,1,1,1,1,2,2,,2,1,2,2,,,,,,,,,,,,,,,,,,,,,,,,,2,,2,,,,2,2,2,,2,,2,,2,2,2,,,2,2,2,4,2,,,,2,2,,4,2,2,,2,,2,,2,1,2,2,,1,1,1,1,2,,,2,1,,2,2,,,,,,,,2,,,,,,4,0,1,,,,,,,,,,,,,,2,2,1,1,,2,,,2,2,,2,2,,2,2,2,,,,,,,,,,,,,2,2,2,2,2,2,2,1,8,1,2,,,,,,,,,,,,,,
2024,"Egypt, Arab Rep.",EGY,Middle East & North Africa (excluding high income),77385958,180095992,1.304816096,2,64,1,5,2,2,1,0,1,0,1,0,1,4,4,4,0,2,2,1,2,,,,,,,,,,,,,,,,,,,,,,,,,,,,,,,,,,2,,2,,,,2,2,2,,2,,1,,1,2,1,,,,7,,3,2,,,,,,,,,,,2,,1,2,2,1,2,2,,1,1,2,1,2,,,2,1,,2,2,,,,,,,,2,,,,,,3,1,2,2,2,2,1,2,2,1,4,1,1,2,2,,,,,,,,,,,,,,,,,1,,2,1,3,,2,2,2,2,2,2,2,2,,,,,,,,,,1,2,,,,,,,,,,,,,,
2024,"Egypt, Arab Rep.",EGY,Middle East & North Africa (excluding high income),77385958,180232626,1.031907093,1,29,2,3,2,2,0,0,0,0,0,0,4,4,4,4,0,4,3,0,2,,,,,,,,,,2,2,1,2,1,2,1,2,2,,,,,,,,,,,,,,,,2,,2,,,,2,2,2,,2,,2,,2,2,2,,,2,2,2,4,2,,,,,,,,,,,2,,2,,2,2,,,,,2,,,,,,,,,2,2,,,,,,,,2,,,,,,4,1,1,,,,,,,,,,,,,,1,,1,1,,1,,1,2,1,1,2,2,,2,1,,1,1,3,,1,1,1,1,1,2,2,2,,,,,,,,,,1,2,,,,,,,,,,,,,,
2024,"Egypt, Arab Rep.",EGY,Middle East & North Africa (excluding high income),77385958,180262586,0.551084841,2,25,2,4,1,2,1,1,1,1,1,0,1,4,4,4,1,4,3,1,1,1,2,3,3,1,2,1,1,1,,,,,,,,,,,,,,,,,,,,,,,,,2,2,2,,,,2,1,2,,2,2,2,,1,2,2,1,2,,4,1,2,2,,,,2,1,3,,2,2,,2,,2,,2,2,,,,,1,2,1,2,,,2,1,,2,2,,,,,,,,2,,,,,,3,1,1,,,,,,,,,,,,,,1,,1,1,,1,,1,4,1,1,2,1,2,2,1,,1,1,1,,1,1,1,1,1,2,1,2,,,,,,,,,,1,2,,,,,,,,,,,,,,
2024,"Egypt, Arab Rep.",EGY,Middle East & North Africa (excluding high income),77385958,180301875,0.474059588,2,64,2,3,2,2,1,0,1,0,0,0,4,4,1,4,0,2,3,1,1,2,1,2,2,,2,1,2,2,,,,,,,,,,,,,,,,,,,,,,,,,2,,2,,,,2,2,2,,2,,2,,2,2,2,,,2,5,1,1,2,,,,2,2,,4,2,2,,2,,2,,2,1,2,2,,1,2,,,,,,,,,2,1,1,2,,,1,2,,2,,,,,,5,0,1,,,,,,,,,,,,,,2,2,1,1,,2,,,2,2,,2,2,,2,2,2,,,,,,,,,,,,,2,2,2,2,2,2,2,1,8,1,2,,,,,,,,,,,,,,
2024,"Egypt, Arab Rep.",EGY,Middle East & North Africa (excluding high income),77385958,180359489,0.983502809,2,19,2,4,1,2,0,0,0,0,0,0,2,4,4,4,0,4,3,0,2,,,,,,,,,,2,2,1,2,2,2,1,1,2,,,,,,,,,,,,,,,,2,,2,,,,2,2,2,,2,,2,,2,2,2,,,2,2,1,4,2,,,,,,,,,,,2,,2,,2,2,,,,,1,2,2,2,1,,,,,2,2,,,,,,,,2,,,,,,5,0,2,1,2,1,2,2,2,1,1,1,2,2,2,,,,,,,,,,,,,,,,,2,2,,,,,,,,,,,,,,,,,,,,,,1,2,,,,,,,,,,,,,,
2024,"Egypt, Arab Rep.",EGY,Middle East & North Africa (excluding high income),77385958,180469722,2.078632918,1,41,1,1,2,1,0,0,0,0,0,0,4,4,4,4,0,4,3,0,2,,,,,,,,,,2,2,2,2,1,2,1,2,2,,,,,,,,,,,,,,,,2,,2,,,,2,2,2,,2,,2,,2,2,2,,,2,7,,1,2,,,,,,,,,,,2,,2,,2,2,,,,,2,,,,,,,,,2,2,,,,,,,,2,,,,,,3,0,1,,,,,,,,,,,,,,2,2,1,1,,2,,,2,2,,2,2,,2,2,2,,,,,,,,,,,,,1,2,2,1,2,2,2,1,8,1,2,,,,,,,,,,,,,,
2024,"Egypt, Arab Rep.",EGY,Middle East & North Africa (excluding high income),77385958,180532079,0.257976773,1,28,2,2,2,2,1,0,1,0,1,0,4,1,4,4,0,2,3,1,1,2,1,2,2,,2,1,2,2,,,,,,,,,,,,,,,,,,,,,,,,,2,,2,,,,2,2,2,,2,,1,,1,2,1,,,,2,2,3,2,,,,2,2,,4,2,2,,2,,2,,2,1,2,2,,1,2,,,,,,,,,1,2,1,2,,,1,1,,2,,,,,,3,1,1,,,,,,,,,,,,,,1,,1,1,,1,,1,1,1,1,2,2,,2,1,,1,1,2,,2,1,1,1,1,2,2,2,,,,,,,,,,1,2,,,,,,,,,,,,,,
2024,"Egypt, Arab Rep.",EGY,Middle East & North Africa (excluding high income),77385958,180555022,0.698431846,1,42,3,3,2,2,0,0,0,0,1,0,4,4,4,4,0,2,3,0,2,,,,,,,,,,2,2,1,2,2,2,1,2,2,,,,,,,,,,,,,,,,2,,2,,,,2,2,2,,2,,1,,1,2,1,,,,2,1,4,2,,,,,,,,,,,2,,2,,2,1,2,2,,1,2,,,,,,,,,2,2,,,,,,,,2,,,,,,5,1,1,,,,,,,,,,,,,,1,,2,1,,1,,1,1,1,1,2,1,2,2,1,,1,1,3,,1,1,1,1,1,2,2,2,,,,,,,,,,1,2,,,,,,,,,,,,,,
2024,"Egypt, Arab Rep.",EGY,Middle East & North Africa (excluding high income),77385958,180650940,0.983502809,2,19,2,2,1,2,0,1,1,1,1,1,2,4,4,4,0,4,3,1,2,,,,,,,,,,2,2,1,2,2,2,1,1,2,,,,,,,,,,,,,,,,2,2,2,,,,1,2,2,,2,2,1,,2,2,1,,,,4,2,1,2,,,,2,2,,1,2,2,,2,,2,,2,2,,,,,1,2,2,2,1,,,,,2,2,,,,,,,,2,,,,,,4,1,1,,,,,,,,,,,,,,1,,1,1,,1,,1,4,1,1,2,1,2,1,1,,1,1,1,,1,1,1,2,1,2,1,1,,,,,,,,,,1,2,,,,,,,,,,,,,,
2024,"Egypt, Arab Rep.",EGY,Middle East & North Africa (excluding high income),77385958,181115188,0.257212146,1,55,2,5,2,1,1,0,1,0,1,0,4,4,1,4,0,2,3,1,1,2,1,2,2,,2,1,1,1,,,,,,,,,,,,,,,,,,,,,,,,,2,,2,,,,2,2,2,,1,,1,,2,2,2,1,2,,1,2,2,2,,,,2,2,,4,2,2,,2,,2,,2,1,2,2,,1,2,,,,,,,,,2,1,1,2,,,1,2,,2,,,,,,3,0,1,,,,,,,,,,,,,,1,,1,1,,1,,2,2,2,,2,2,,2,2,2,,,,,2,2,2,2,2,2,2,2,,,,,,,,,,1,2,,,,,,,,,,,,,,
2024,"Egypt, Arab Rep.",EGY,Middle East & North Africa (excluding high income),77385958,181236166,0.593829382,1,30,2,3,2,1,0,0,0,0,1,0,4,4,4,4,0,2,3,0,2,,,,,,,,,,2,2,1,2,2,2,1,2,2,,,,,,,,,,,,,,,,2,,2,,,,2,2,2,,2,,1,,2,2,1,,,,2,1,1,2,,,,,,,,,,,2,,2,,2,1,2,2,,1,2,,,,,,,,,2,2,,,,,,,,2,,,,,,4,1,1,,,,,,,,,,,,,,1,,2,1,,1,,1,2,1,1,1,2,,2,1,,1,1,1,,1,1,1,1,1,2,2,2,,,,,,,,,,1,2,,,,,,,,,,,,,,
2024,"Egypt, Arab Rep.",EGY,Middle East & North Africa (excluding high income),77385958,181299339,2.149590586,1,33,1,4,2,2,0,0,0,0,1,0,4,4,4,4,0,4,3,0,2,,,,,,,,,,2,2,1,2,2,2,1,2,2,,,,,,,,,,,,,,,,2,,2,,,,2,2,2,,2,,2,,2,2,1,,,2,5,1,1,2,,,,,,,,,,,2,,2,,1,2,,,,,2,,,,,,,,,2,2,,,,,,,,2,,,,,,3,1,1,,,,,,,,,,,,,,1,,2,1,,2,,,2,2,,2,2,,2,1,,1,2,,1,2,2,2,2,2,2,2,2,,,,,,,,,,1,2,,,,,,,,,,,,,,
2024,"Egypt, Arab Rep.",EGY,Middle East & North Africa (excluding high income),77385958,181397690,1.776440791,1,37,1,2,2,2,0,0,0,0,1,0,4,4,4,4,0,2,2,0,2,,,,,,,,,,2,2,2,2,2,2,1,2,2,,,,,,,,,,,,,,,,2,,2,,,,2,2,2,,2,,1,,1,2,1,,,,2,1,1,1,1,1,,,,,,,,,2,,1,2,2,1,2,2,,1,2,,,,,,,,,2,2,,,,,,,,2,,,,,,4,0,1,,,,,,,,,,,,,,2,2,2,1,,2,,,2,2,,2,2,,2,2,2,,,,,,,,,,,,,1,2,2,2,2,2,2,2,1,1,2,,,,,,,,,,,,,,
2024,"Egypt, Arab Rep.",EGY,Middle East & North Africa (excluding high income),77385958,181617325,1.229958068,1,55,1,4,2,2,1,0,1,1,0,0,4,4,4,4,0,2,3,0,1,1,2,2,2,,2,1,1,2,,,,,,,,,,,,,,,,,,,,,,,,,2,,2,,,,2,2,2,,2,,2,,2,2,2,,,2,2,1,2,2,,,,2,2,,4,2,2,,2,,2,,2,1,2,2,,1,2,,,,,,,,,2,2,,,,,,,,2,,,,,,3,0,1,,,,,,,,,,,,,,2,2,2,1,,2,,,2,2,,2,2,,2,2,2,,,,,,,,,,,,,2,2,2,1,2,2,2,1,8,1,2,,,,,,,,,,,,,,
2024,"Egypt, Arab Rep.",EGY,Middle East & North Africa (excluding high income),77385958,181717457,0.998012558,2,46,1,1,1,1,1,0,1,1,0,1,4,4,4,4,0,2,3,0,1,1,2,3,3,1,1,2,2,2,,,,,,,,,,,,,,,,,,,,,,,,,1,,2,3,1,2,,2,2,,2,,2,,2,2,2,,,2,2,2,1,2,,,,2,2,,1,2,2,,2,,2,,2,1,2,2,,1,2,,,,,,,,,2,2,,,,,,,,2,,,,,,3,1,1,,,,,,,,,,,,,,1,,1,1,,1,,1,2,2,,2,2,,2,1,,1,1,3,,1,1,1,2,2,2,2,2,,,,,,,,,,1,2,,,,,,,,,,,,,,
2024,"Egypt, Arab Rep.",EGY,Middle East & North Africa (excluding high income),77385958,181746462,1.511506276,2,22,2,2,1,1,1,0,1,1,1,0,2,1,4,4,0,4,3,1,1,1,1,2,2,,2,1,2,2,,,,,,,,,,,,,,,,,,,,,,,,,2,,2,,,,2,2,2,,2,,2,,2,2,1,,,2,7,,1,2,,,,2,2,,4,2,2,,2,,2,,2,2,,,,,1,2,2,2,1,,,,,1,2,1,2,,,1,2,,2,,,,,,4,0,2,1,2,2,1,2,2,1,4,1,1,1,1,,,,,,,,,,,,,,,,,2,2,,,,,,,,,,,,,,,,,,,,,,1,2,,,,,,,,,,,,,,
2024,"Egypt, Arab Rep.",EGY,Middle East & North Africa (excluding high income),77385958,182063395,0.789525167,2,38,3,1,1,2,1,1,1,1,0,0,1,4,4,4,1,2,1,1,1,1,1,2,2,,2,1,1,2,,,,,,,,,,,,,,,,,,,,,,,,,2,2,2,,,,2,2,2,,2,2,2,,2,2,2,,,2,1,1,2,2,,,,2,2,,4,2,1,3,1,1,1,1,2,1,2,2,,1,1,2,1,2,,,2,1,,2,2,,,,,,,,2,,,,,,4,1,1,,,,,,,,,,,,,,1,,1,1,,1,,1,4,1,1,2,2,,2,1,,1,1,1,,1,1,1,1,2,2,2,2,,,,,,,,,,1,2,,,,,,,,,,,,,,
2024,"Egypt, Arab Rep.",EGY,Middle East & North Africa (excluding high income),77385958,182112379,0.996201233,1,20,2,4,2,2,0,0,0,0,0,0,4,4,4,4,0,4,3,0,2,,,,,,,,,,2,2,2,2,2,2,1,2,1,,,,,,,,,,,,,,,,2,,2,,,,2,2,2,,2,,2,,2,2,2,,,2,2,3,3,2,,,,,,,,,,,2,,2,,2,2,,,,,2,,,,,,,,,2,2,,,,,,,,2,,,,,,3,1,1,,,,,,,,,,,,,,1,,2,1,,1,,1,4,1,1,1,2,,2,1,,1,1,1,,1,1,1,1,1,2,2,2,,,,,,,,,,1,2,,,,,,,,,,,,,,
2024,"Egypt, Arab Rep.",EGY,Middle East & North Africa (excluding high income),77385958,182395103,1.610726317,2,30,3,1,1,2,0,0,0,0,1,0,2,4,4,4,0,2,3,0,2,,,,,,,,,,2,2,1,2,2,1,1,2,2,,,,,,,,,,,,,,,,2,,2,,,,2,2,2,,1,,1,,2,1,1,,,,2,1,2,2,,,,,,,,,,,2,,2,,2,1,2,2,,1,1,2,2,2,1,,,,,2,2,,,,,,,,2,,,,,,4,0,2,1,2,2,2,2,2,1,1,1,2,1,2,,,,,,,,,,,,,,,,,2,2,,,,,,,,,,,,,,,,,,,,,,1,2,,,,,,,,,,,,,,
2024,"Egypt, Arab Rep.",EGY,Middle East & North Africa (excluding high income),77385958,182892537,2.053697327,1,36,1,2,2,2,1,0,1,1,0,0,4,1,4,4,0,2,3,1,1,1,1,4,2,,2,1,1,2,,,,,,,,,,,,,,,,,,,,,,,,,2,,2,,,,2,2,2,,2,,2,,2,2,2,,,2,7,,4,2,,,,2,2,,4,2,2,,2,,2,,2,1,2,2,,1,2,,,,,,,,,1,2,1,2,,,1,2,,2,,,,,,5,0,2,1,2,2,2,2,2,1,1,1,1,2,2,,,,,,,,,,,,,,,,,2,2,,,,,,,,,,,,,,,,,,,,,,1,2,,,,,,,,,,,,,,
2024,"Egypt, Arab Rep.",EGY,Middle East & North Africa (excluding high income),77385958,182894069,1.20258232,2,76,1,4,2,2,1,0,1,1,1,0,4,4,1,4,0,2,2,1,1,1,1,2,2,,2,2,2,2,,,,,,,,,,,,,,,,,,,,,,,,,2,,2,,,,2,2,2,,2,,1,,2,2,1,,,,7,,5,2,,,,2,2,,1,2,2,,2,,1,2,2,1,2,2,,1,2,,,,,,,,,2,1,1,2,,,1,2,,2,,,,,,4,0,1,,,,,,,,,,,,,,2,2,1,1,,2,,,2,2,,2,2,,2,2,2,,,,,,,,,,,,,1,2,2,1,2,2,2,1,8,1,2,,,,,,,,,,,,,,
2024,"Egypt, Arab Rep.",EGY,Middle East & North Africa (excluding high income),77385958,183103936,0.776772062,2,18,2,3,2,1,0,0,0,0,1,0,2,4,4,2,0,4,3,0,2,,,,,,,,,,2,2,2,2,2,1,1,2,2,,,,,,,,,,,,,,,,2,,2,,,,2,2,2,,2,,1,,2,2,2,,,,7,,4,2,,,,,,,,,,,2,,2,,2,2,,,,,1,2,2,2,1,,,,,2,2,,,,,,,,1,2,2,1,,2,5,0,2,1,2,2,1,2,2,2,1,2,,,,1,,,,,,,,,,,,,,,,2,2,,,,,,,,,,,,,,,,,,,,,,2,,2,1,2,1,1,2,2,2,1,1,2,2,,
2024,"Egypt, Arab Rep.",EGY,Middle East & North Africa (excluding high income),77385958,183117141,1.5601594,1,35,1,3,2,1,1,0,1,0,1,0,4,1,1,4,0,2,3,1,2,2,1,2,2,,2,2,2,2,,,,,,,,,,,,,,,,,,,,,,,,,2,,2,,,,2,2,2,,2,,1,,2,2,2,,,,2,1,4,1,2,2,2,2,2,,4,2,2,,2,,2,,2,1,2,2,,1,2,,,,,,,,,1,1,2,2,2,1,1,1,,2,,,,,,4,0,2,1,2,2,1,2,2,1,1,1,2,2,1,,,,,,,,,,,,,,,,,2,2,,,,,,,,,,,,,,,,,,,,,,1,2,,,,,,,,,,,,,,
2024,"Egypt, Arab Rep.",EGY,Middle East & North Africa (excluding high income),77385958,183264164,1.17011955,1,37,1,2,2,1,0,0,0,0,1,0,4,4,4,4,0,4,3,0,2,,,,,,,,,,2,2,2,2,2,2,1,2,2,,,,,,,,,,,,,,,,2,,2,,,,2,2,2,,2,,2,,2,2,1,,,2,2,2,2,2,,,,,,,,,,,2,,2,,2,2,,,,,2,,,,,,,,,2,2,,,,,,,,2,,,,,,3,0,2,2,2,2,1,2,2,1,4,1,1,2,2,,,,,,,,,,,,,,,,,2,2,,,,,,,,,,,,,,,,,,,,,,1,2,,,,,,,,,,,,,,
2024,"Egypt, Arab Rep.",EGY,Middle East & North Africa (excluding high income),77385958,183322256,0.312277283,2,38,2,1,1,1,0,0,0,0,0,0,4,4,4,4,0,2,3,0,2,,,,,,,,,,2,2,1,2,2,2,1,2,2,,,,,,,,,,,,,,,,2,,2,,,,2,2,2,,2,,2,,2,2,2,,,2,2,1,3,2,,,,,,,,,,,2,,2,,2,1,2,2,,1,2,,,,,,,,,2,2,,,,,,,,2,,,,,,5,0,1,,,,,,,,,,,,,,2,2,1,1,,1,,1,1,2,,2,2,,2,2,2,,,,,,,,,,,,,2,2,2,2,2,2,2,1,8,1,2,,,,,,,,,,,,,,
2024,"Egypt, Arab Rep.",EGY,Middle East & North Africa (excluding high income),77385958,183343972,0.976769156,1,36,1,1,2,2,0,0,0,0,1,0,4,4,4,4,0,4,2,0,2,,,,,,,,,,2,2,2,2,2,2,1,2,2,,,,,,,,,,,,,,,,2,,2,,,,2,2,2,,2,,1,,2,2,1,,,,7,,1,2,,,,,,,,,,,2,,1,2,2,2,,,,,2,,,,,,,,,2,2,,,,,,,,2,,,,,,4,0,2,1,2,2,2,1,2,1,7,1,2,2,2,,,,,,,,,,,,,,,,,2,2,,,,,,,,,,,,,,,,,,,,,,1,2,,,,,,,,,,,,,,
2024,"Egypt, Arab Rep.",EGY,Middle East & North Africa (excluding high income),77385958,183630066,0.583552126,1,40,3,5,1,2,1,0,1,0,0,1,1,4,4,4,0,4,3,1,1,2,1,2,2,,1,2,2,2,,,,,,,,,,,,,,,,,,,,,,,,,2,,1,,,,,2,2,,2,,2,2,2,2,2,,,2,1,2,2,2,,,,2,2,,4,2,2,,2,,2,,2,2,,,,,1,1,1,2,,,1,1,,2,2,,,,,,,,2,,,,,,3,1,1,,,,,,,,,,,,,,1,,1,1,,1,,1,1,1,1,2,2,,2,1,,1,1,3,,1,1,1,1,1,2,1,2,,,,,,,,,,1,2,,,,,,,,,,,,,,
2024,"Egypt, Arab Rep.",EGY,Middle East & North Africa (excluding high income),77385958,183634321,1.209749553,2,45,3,4,1,2,1,1,1,1,0,1,1,4,4,4,0,2,3,1,1,1,2,2,2,,1,1,2,2,,,,,,,,,,,,,,,,,,,,,,,,,2,1,2,5,2,2,,2,2,,2,2,2,,2,2,2,,,2,2,2,5,2,,,,2,2,,4,2,2,,2,,2,,2,1,2,2,,1,1,2,1,2,,,2,2,,2,2,,,,,,,,2,,,,,,4,1,1,,,,,,,,,,,,,,1,,1,2,,1,,1,2,1,1,2,2,,1,1,,1,1,2,,1,1,1,1,1,2,2,2,,,,,,,,,,1,2,,,,,,,,,,,,,,
2024,"Egypt, Arab Rep.",EGY,Middle East & North Africa (excluding high income),77385958,183680582,2.889474023,2,23,1,1,1,1,0,0,0,0,0,0,4,4,4,4,0,4,3,0,2,,,,,,,,,,2,2,1,2,2,2,1,2,2,,,,,,,,,,,,,,,,2,,2,,,,2,2,2,,2,,2,,2,2,2,,,2,2,1,1,2,,,,,,,,,,,2,,2,,2,2,,,,,2,,,,,,,,,2,2,,,,,,,,2,,,,,,3,1,1,,,,,,,,,,,,,,1,,1,2,,2,,,2,2,,2,2,,2,1,,2,2,,2,2,2,2,2,2,2,2,2,,,,,,,,,,1,2,,,,,,,,,,,,,,
2024,"Egypt, Arab Rep.",EGY,Middle East & North Africa (excluding high income),77385958,183772399,2.889474023,2,23,1,3,1,1,0,0,0,0,0,0,2,4,4,4,0,4,3,0,2,,,,,,,,,,2,2,1,2,2,2,1,2,2,,,,,,,,,,,,,,,,2,,2,,,,2,2,2,,2,,2,,2,2,2,,,2,2,1,4,2,,,,,,,,,,,2,,2,,2,2,,,,,1,2,2,2,1,,,,,2,2,,,,,,,,2,,,,,,6,0,2,1,2,2,1,2,2,1,1,1,2,2,2,,,,,,,,,,,,,,,,,2,2,,,,,,,,,,,,,,,,,,,,,,1,2,,,,,,,,,,,,,,
2024,"Egypt, Arab Rep.",EGY,Middle East & North Africa (excluding high income),77385958,183862863,0.395509727,1,59,2,5,1,2,1,0,1,0,0,1,1,4,4,4,0,4,2,1,1,2,1,2,2,,2,2,2,2,,,,,,,,,,,,,,,,,,,,,,,,,2,,1,,,,,2,2,,2,,2,2,2,2,2,,,2,6,2,3,2,,,,2,2,,4,2,2,,1,2,1,2,2,2,,,,,1,1,1,2,,,2,1,,2,2,,,,,,,,2,,,,,,1,0,2,2,2,2,2,2,1,2,6,1,1,2,2,,,,,,,,,,,,,,,,,2,2,,,,,,,,,,,,,,,,,,,,,,1,2,,,,,,,,,,,,,,
2024,"Egypt, Arab Rep.",EGY,Middle East & North Africa (excluding high income),77385958,184070579,0.472475996,2,70,2,5,2,2,1,0,1,0,0,0,3,4,4,4,0,2,3,0,1,2,1,2,2,,2,1,2,2,,,,,,,,,,,,,,,,,,,,,,,,,2,,2,,,,2,2,2,,2,,2,,2,2,2,,,2,2,2,4,2,,,,2,2,,4,2,2,,2,,2,,2,1,2,2,,1,1,2,2,2,2,2,,,,2,2,,,,,,,,2,,,,,,4,1,1,,,,,,,,,,,,,,1,,1,1,,1,,1,4,1,1,2,2,,2,1,,2,1,3,,2,2,1,2,2,2,2,2,,,,,,,,,,1,2,,,,,,,,,,,,,,
2024,"Egypt, Arab Rep.",EGY,Middle East & North Africa (excluding high income),77385958,184141607,0.901015959,2,15,2,3,1,1,1,0,1,0,0,0,2,1,4,4,0,4,3,1,1,2,1,2,2,,2,2,2,2,,,,,,,,,,,,,,,,,,,,,,,,,2,,2,,,,2,2,2,,2,,2,,2,2,2,,,2,2,1,4,2,,,,2,2,,4,2,2,,2,,2,,2,2,,,,,1,2,2,2,1,,,,,1,2,1,2,,,1,2,,2,,,,,,3,0,2,1,2,2,2,2,2,2,1,2,,,,1,,,,,,,,,,,,,,,,2,2,,,,,,,,,,,,,,,,,,,,,,,,,,,,,,,,,,,,,
2024,"Egypt, Arab Rep.",EGY,Middle East & North Africa (excluding high income),77385958,184225149,1.744503955,1,33,1,3,2,2,1,0,1,0,1,0,4,1,4,4,0,2,2,1,1,2,1,2,2,,2,1,2,2,,,,,,,,,,,,,,,,,,,,,,,,,2,,2,,,,2,2,2,,2,,1,,2,2,1,,,,7,,4,2,,,,2,2,,4,2,2,,2,,1,2,2,1,2,2,,1,2,,,,,,,,,1,2,1,2,,,1,2,,2,,,,,,5,0,1,,,,,,,,,,,,,,2,2,2,1,,1,,2,2,2,,2,2,,2,2,2,,,,,,,,,,,,,1,2,2,1,2,2,2,2,1,1,2,,,,,,,,,,,,,,
2024,"Egypt, Arab Rep.",EGY,Middle East & North Africa (excluding high income),77385958,184244313,0.685940794,1,35,3,1,2,2,0,0,0,0,0,0,4,4,4,4,0,4,3,0,2,,,,,,,,,,2,2,1,3,2,1,1,2,2,,,,,,,,,,,,,,,,2,,2,,,,2,2,2,,2,,2,,2,2,2,,,2,2,2,2,2,,,,,,,,,,,2,,2,,2,2,,,,,2,,,,,,,,,2,2,,,,,,,,2,,,,,,3,0,1,,,,,,,,,,,,,,2,2,1,1,,2,,,2,1,1,2,2,,2,2,2,,,,,,,,,,,,,1,1,1,2,2,2,2,2,3,1,2,,,,,,,,,,,,,,
2024,"Egypt, Arab Rep.",EGY,Middle East & North Africa (excluding high income),77385958,184465343,0.257212146,1,38,2,4,2,2,1,1,1,1,1,1,4,1,4,4,0,2,1,1,1,2,1,2,2,,2,1,1,2,,,,,,,,,,,,,,,,,,,,,,,,,2,1,1,2,2,2,,2,2,,1,2,2,1,1,2,1,,,,4,2,1,2,,,,2,2,,1,2,2,,1,1,1,1,2,1,2,2,,1,2,,,,,,,,,1,2,1,2,,,1,2,,2,,,,,,4,1,1,,,,,,,,,,,,,,1,,1,1,,1,,1,1,1,1,2,1,2,2,1,,1,2,,1,1,1,1,1,2,2,1,1,,,,,,,,,,1,2,,,,,,,,,,,,,,
2024,"Egypt, Arab Rep.",EGY,Middle East & North Africa (excluding high income),77385958,184497692,0.428429003,1,38,2,1,2,2,0,0,0,0,1,0,4,4,4,4,0,4,2,0,2,,,,,,,,,,2,2,1,2,2,2,1,1,1,,,,,,,,,,,,,,,,2,,2,,,,2,2,2,,2,,1,,1,2,2,,,,4,4,2,2,,,,,,,,,,,2,,1,2,2,2,,,,,2,,,,,,,,,2,2,,,,,,,,2,,,,,,1,1,1,,,,,,,,,,,,,,1,,1,1,,1,,1,2,1,1,2,2,,2,1,,1,1,3,,2,2,1,2,1,2,2,2,,,,,,,,,,1,2,,,,,,,,,,,,,,
2024,"Egypt, Arab Rep.",EGY,Middle East & North Africa (excluding high income),77385958,184672969,0.60035918,2,26,2,2,1,2,0,0,0,0,1,0,2,4,4,4,0,2,3,0,2,,,,,,,,,,2,2,2,2,2,2,1,2,2,,,,,,,,,,,,,,,,2,,2,,,,2,2,2,,2,,1,,2,2,1,,,,2,2,1,2,,,,,,,,,,,2,,2,,2,1,2,2,,1,1,2,2,2,1,,,,,2,2,,,,,,,,2,,,,,,4,1,1,,,,,,,,,,,,,,1,,1,1,,1,,1,1,1,1,2,2,,2,1,,1,1,3,,1,1,1,1,2,2,2,2,,,,,,,,,,1,2,,,,,,,,,,,,,,
2024,"Egypt, Arab Rep.",EGY,Middle East & North Africa (excluding high income),77385958,184790580,1.056124755,2,19,2,1,1,2,0,1,1,1,1,1,2,4,4,4,1,4,2,1,2,,,,,,,,,,2,2,1,2,1,2,1,1,2,,,,,,,,,,,,,,,,2,2,2,,,,1,2,2,,2,2,1,,2,2,2,,,,2,3,4,2,,,,2,1,2,,2,1,2,2,,1,2,2,2,,,,,1,2,2,2,1,,,,,2,2,,,,,,,,2,,,,,,5,1,1,,,,,,,,,,,,,,2,2,2,1,,1,,1,4,2,,1,2,,2,2,1,1,2,,1,1,1,1,1,1,2,2,2,1,2,2,2,2,2,1,2,7,1,2,,,,,,,,,,,,,,
2024,"Egypt, Arab Rep.",EGY,Middle East & North Africa (excluding high income),77385958,184887728,0.516891438,1,39,1,4,2,1,0,0,0,0,0,0,4,4,4,4,0,2,3,0,2,,,,,,,,,,2,2,1,2,2,2,1,2,2,,,,,,,,,,,,,,,,2,,2,,,,2,2,2,,2,,2,,2,2,2,,,2,2,2,1,2,,,,,,,,,,,2,,2,,1,1,2,2,,1,2,,,,,,,,,2,2,,,,,,,,2,,,,,,4,1,1,,,,,,,,,,,,,,1,,1,1,,1,,1,4,1,2,2,2,,2,1,,1,1,2,,1,1,1,2,2,2,2,2,,,,,,,,,,1,2,,,,,,,,,,,,,,
2024,"Egypt, Arab Rep.",EGY,Middle East & North Africa (excluding high income),77385958,184991983,0.257212146,1,59,2,2,2,2,0,0,0,0,0,0,4,4,4,4,0,4,3,0,2,,,,,,,,,,2,2,2,2,2,2,1,2,2,,,,,,,,,,,,,,,,2,,2,,,,2,2,2,,2,,2,,2,2,2,,,2,2,1,1,2,,,,,,,,,,,2,,2,,2,2,,,,,2,,,,,,,,,2,2,,,,,,,,2,,,,,,3,0,1,,,,,,,,,,,,,,2,2,1,1,,2,,,2,2,,2,2,,2,2,2,,,,,,,,,,,,,1,2,2,2,2,2,2,1,1,1,2,,,,,,,,,,,,,,
2024,"Egypt, Arab Rep.",EGY,Middle East & North Africa (excluding high income),77385958,185031564,2.533257406,2,68,1,1,2,1,1,0,1,1,0,0,4,1,1,4,0,4,3,1,1,1,1,2,2,,2,1,2,1,,,,,,,,,,,,,,,,,,,,,,,,,2,,2,,,,2,2,2,,2,,2,,2,2,2,2,,2,7,,1,2,,,,2,2,,4,2,2,,2,,2,,2,2,,,,,2,,,,,,,,,1,1,2,2,2,1,1,2,,2,,,,,,3,0,1,,,,,,,,,,,,,,2,2,2,2,,2,,,2,2,,2,2,,2,2,2,,,,,,,,,,,,,2,2,2,1,2,2,2,1,8,1,2,,,,,,,,,,,,,,
2024,"Egypt, Arab Rep.",EGY,Middle East & North Africa (excluding high income),77385958,185110506,1.220850334,2,26,2,5,1,2,0,1,1,1,0,1,4,4,4,4,1,3,2,1,2,,,,,,,,,,1,1,1,2,2,2,2,2,1,,,,,,,,,,,,,,,,2,1,2,2,2,2,,2,2,,2,2,2,,2,2,2,,,2,1,3,1,1,2,1,2,1,1,2,,2,1,2,1,2,2,,1,1,2,2,,2,2,,,,,,,,,2,2,,,,,,,,2,,,,,,3,1,1,,,,,,,,,,,,,,1,,1,1,,1,,1,1,1,1,2,1,2,1,1,,1,1,3,,1,1,1,1,2,2,2,2,,,,,,,,,,1,2,,,,,,,,,,,,,,
2024,"Egypt, Arab Rep.",EGY,Middle East & North Africa (excluding high income),77385958,185111849,1.255319429,2,23,2,5,1,1,0,0,0,0,0,0,4,4,4,4,0,4,3,0,2,,,,,,,,,,2,2,1,2,2,2,1,2,2,,,,,,,,,,,,,,,,2,,2,,,,2,2,2,,2,,2,,2,2,2,,,2,2,1,4,2,,,,,,,,,,,2,,2,,2,2,,,,,2,,,,,,,,,2,2,,,,,,,,2,,,,,,4,0,1,,,,,,,,,,,,,,2,2,2,1,,1,,2,4,2,,2,2,,2,2,2,,,,,,,,,,,,,1,2,2,2,2,2,2,1,1,1,2,,,,,,,,,,,,,,
2024,"Egypt, Arab Rep.",EGY,Middle East & North Africa (excluding high income),77385958,185275102,0.274060154,2,47,2,1,1,1,0,0,0,0,1,0,2,4,4,4,0,2,2,0,2,,,,,,,,,,2,2,1,2,2,2,1,2,2,,,,,,,,,,,,,,,,2,,2,,,,2,2,2,,2,,1,,2,2,1,,,,2,1,2,2,,,,,,,,,,,2,,1,2,2,1,2,2,,1,1,2,2,2,1,,,,,2,2,,,,,,,,2,,,,,,3,1,1,,,,,,,,,,,,,,1,,1,1,,1,,1,1,2,,2,2,,2,1,,1,1,3,,1,1,1,1,2,2,1,2,,,,,,,,,,1,2,,,,,,,,,,,,,,
2024,"Egypt, Arab Rep.",EGY,Middle East & North Africa (excluding high income),77385958,185308724,0.610425167,2,32,2,5,1,2,1,0,1,1,1,1,4,4,4,4,1,1,1,1,1,1,2,3,3,1,1,1,2,2,,,,,,,,,,,,,,,,,,,,,,,,,1,2,2,3,1,2,,1,1,1,1,2,2,,2,1,2,,,,3,2,4,2,,,,1,1,1,,1,2,,1,1,1,1,2,1,2,1,,,2,,,,,,,,,2,2,,,,,,,,2,,,,,,3,1,1,,,,,,,,,,,,,,1,,1,1,,1,,1,1,1,1,2,2,,2,1,,1,1,3,,1,1,1,1,1,1,1,2,,,,,,,,,,1,2,,,,,,,,,,,,,,
2024,"Egypt, Arab Rep.",EGY,Middle East & North Africa (excluding high income),77385958,185394188,2.889474023,2,21,1,3,1,1,0,0,0,0,0,0,2,4,4,4,0,4,3,0,2,,,,,,,,,,2,2,1,1,2,2,1,1,1,,,,,,,,,,,,,,,,2,,2,,,,2,2,2,,2,,2,,2,2,2,,,2,2,1,4,2,,,,,,,,,,,2,,2,,2,2,,,,,1,2,2,2,1,,,,,2,2,,,,,,,,2,,,,,,6,1,1,,,,,,,,,,,,,,1,,2,1,,1,,1,2,1,1,2,2,,2,1,,1,2,,2,1,1,1,2,2,2,2,1,,,,,,,,,,1,2,,,,,,,,,,,,,,
2024,"Egypt, Arab Rep.",EGY,Middle East & North Africa (excluding high income),77385958,185403146,0.444767148,2,49,2,4,1,2,1,1,1,1,1,1,1,4,4,4,0,2,3,1,1,1,1,2,2,,2,1,1,2,,,,,,,,,,,,,,,,,,,,,,,,,1,1,2,3,2,2,,1,2,,1,2,1,,1,2,1,,,,4,2,1,2,,,,2,2,,4,2,2,,2,,2,,2,1,2,2,,1,1,1,1,2,,,2,1,,2,2,,,,,,,,2,,,,,,4,1,1,,,,,,,,,,,,,,1,,1,1,,1,,1,1,1,1,2,2,,2,1,,1,1,1,,1,1,1,1,2,2,2,2,,,,,,,,,,1,2,,,,,,,,,,,,,,
2024,"Egypt, Arab Rep.",EGY,Middle East & North Africa (excluding high income),77385958,185871232,1.035696083,2,18,2,2,2,1,0,1,1,1,1,1,4,4,4,4,0,4,2,1,2,,,,,,,,,,2,2,2,2,2,2,1,2,2,,,,,,,,,,,,,,,,2,1,2,3,2,2,,1,2,,2,2,1,,2,2,1,,,,2,2,1,2,,,,2,2,,4,2,2,,2,,1,2,2,2,,,,,2,,,,,,,,,2,2,,,,,,,,2,,,,,,4,1,1,,,,,,,,,,,,,,1,,2,1,,1,,1,1,1,1,2,2,,2,1,,1,1,3,,1,1,1,1,2,2,2,2,,,,,,,,,,1,2,,,,,,,,,,,,,,
2024,"Egypt, Arab Rep.",EGY,Middle East & North Africa (excluding high income),77385958,185890877,0.401434004,2,48,2,5,2,2,0,0,0,0,0,0,4,4,4,2,0,4,3,0,2,,,,,,,,,,2,2,1,2,2,2,1,2,1,,,,,,,,,,,,,,,,2,,2,,,,2,2,2,,2,,2,,2,2,2,,,2,5,2,1,2,,,,,,,,,,,2,,2,,2,2,,,,,2,,,,,,,,,2,2,,,,,,,,1,2,2,1,,2,1,1,1,,,,,,,,,,,,,,2,2,2,1,,1,,2,2,2,,2,2,,2,1,,2,1,3,,2,2,1,1,2,2,2,2,2,2,1,2,2,2,1,1,8,1,2,,,,,,,,,,,,,,
2024,"Egypt, Arab Rep.",EGY,Middle East & North Africa (excluding high income),77385958,186034923,1.790962524,1,28,3,1,2,1,0,1,1,1,1,0,4,4,4,4,0,4,3,1,2,,,,,,,,,,2,2,1,2,2,2,1,2,2,,,,,,,,,,,,,,,,2,2,2,,,,2,2,2,,2,2,1,,2,2,1,,,,2,1,1,2,,,,2,2,,1,2,2,,2,,2,,2,2,,,,,2,,,,,,,,,2,2,,,,,,,,2,,,,,,3,1,1,,,,,,,,,,,,,,1,,2,1,,1,,1,2,1,1,2,2,,2,1,,2,2,,1,1,1,1,1,2,2,2,2,,,,,,,,,,1,2,,,,,,,,,,,,,,
2024,"Egypt, Arab Rep.",EGY,Middle East & North Africa (excluding high income),77385958,186140326,2.219898537,1,18,1,2,1,2,0,0,0,0,0,0,2,4,4,4,0,4,3,0,2,,,,,,,,,,2,2,2,2,2,2,1,2,2,,,,,,,,,,,,,,,,2,,2,,,,2,2,2,,2,,2,,2,2,2,,,2,4,1,2,2,,,,,,,,,,,2,,2,,2,2,,,,,1,2,2,2,1,,,,,2,2,,,,,,,,2,,,,,,4,1,1,,,,,,,,,,,,,,1,,2,1,,2,,,2,1,2,1,2,,2,1,,1,1,2,,1,1,1,2,2,2,2,2,,,,,,,,,,1,2,,,,,,,,,,,,,,
2024,"Egypt, Arab Rep.",EGY,Middle East & North Africa (excluding high income),77385958,186303676,0.280298897,1,47,2,3,2,2,1,0,1,0,1,1,4,4,4,4,0,2,2,1,1,2,2,4,3,1,1,1,2,2,,,,,,,,,,,,,,,,,,,,,,,,,2,,1,,,,,2,2,,2,,1,1,2,2,1,,,,1,2,2,2,,,,2,2,,4,1,2,,2,,1,2,2,1,2,2,,1,2,,,,,,,,,2,2,,,,,,,,2,,,,,,4,0,1,,,,,,,,,,,,,,2,2,1,1,,1,,1,1,2,,2,2,,2,2,2,,,,,,,,,,,,,1,1,2,2,2,2,2,2,1,1,2,,,,,,,,,,,,,,
2024,"Egypt, Arab Rep.",EGY,Middle East & North Africa (excluding high income),77385958,186618595,0.574227162,1,40,2,2,2,1,0,0,0,0,1,0,4,4,4,4,0,4,3,0,2,,,,,,,,,,2,2,1,2,2,2,1,2,2,,,,,,,,,,,,,,,,2,,2,,,,2,2,2,,2,,2,,2,2,1,,,2,2,2,4,2,,,,,,,,,,,2,,2,,2,2,,,,,2,,,,,,,,,2,2,,,,,,,,2,,,,,,5,0,2,1,2,2,2,2,2,1,1,1,1,2,2,,,,,,,,,,,,,,,,,2,2,,,,,,,,,,,,,,,,,,,,,,1,2,,,,,,,,,,,,,,
2024,"Egypt, Arab Rep.",EGY,Middle East & North Africa (excluding high income),77385958,186632745,0.974569928,2,48,1,4,1,2,0,0,0,0,1,0,2,4,4,4,0,2,3,0,2,,,,,,,,,,2,2,1,2,2,2,1,2,2,,,,,,,,,,,,,,,,2,,2,,,,2,2,2,,2,,1,,1,2,1,,,,2,1,4,2,,,,,,,,,,,2,,2,,2,1,2,2,,1,1,2,2,2,1,,,,,2,2,,,,,,,,2,,,,,,4,0,1,,,,,,,,,,,,,,2,2,1,1,,2,,,2,2,,2,2,,2,2,2,,,,,,,,,,,,,1,2,2,1,2,2,2,2,1,1,2,,,,,,,,,,,,,,
2024,"Egypt, Arab Rep.",EGY,Middle East & North Africa (excluding high income),77385958,187006029,0.590290295,1,32,2,4,2,1,0,0,0,0,0,0,4,4,4,4,0,4,3,0,2,,,,,,,,,,2,2,2,2,2,2,1,1,2,,,,,,,,,,,,,,,,2,,2,,,,2,2,2,,2,,2,,2,2,2,,,2,2,1,1,2,,,,,,,,,,,2,,2,,2,2,,,,,2,,,,,,,,,2,2,,,,,,,,2,,,,,,4,1,1,,,,,,,,,,,,,,1,,2,1,,1,,2,1,1,1,1,2,,2,1,,1,1,3,,2,2,1,2,2,2,2,2,,,,,,,,,,1,2,,,,,,,,,,,,,,
2024,"Egypt, Arab Rep.",EGY,Middle East & North Africa (excluding high income),77385958,187089960,1.061601866,1,23,3,2,2,2,0,1,1,1,1,1,4,4,4,4,0,4,1,1,2,,,,,,,,,,2,2,1,2,2,2,2,1,2,,,,,,,,,,,,,,,,2,2,2,,,,1,2,2,,2,2,1,,2,2,2,,,,2,3,2,2,,,,2,2,,4,2,1,2,1,1,1,2,1,2,,,,,2,,,,,,,,,2,2,,,,,,,,2,,,,,,6,1,1,,,,,,,,,,,,,,1,,1,1,,1,,1,2,1,1,1,2,,2,1,,1,1,3,,1,1,1,1,1,2,1,2,,,,,,,,,,1,2,,,,,,,,,,,,,,
2024,"Egypt, Arab Rep.",EGY,Middle East & North Africa (excluding high income),77385958,187103214,0.563435493,1,39,3,2,2,2,1,0,1,0,1,0,4,1,4,4,0,4,3,1,1,2,1,2,2,,2,1,2,2,,,,,,,,,,,,,,,,,,,,,,,,,2,,2,,,,2,2,2,,2,,1,,2,2,2,,,,2,1,1,2,,,,2,2,,4,2,2,,2,,2,,2,2,,,,,2,,,,,,,,,1,2,1,2,,,1,2,,2,,,,,,4,1,1,,,,,,,,,,,,,,1,,1,1,,1,,1,1,1,1,1,1,1,2,1,,1,1,2,,1,1,2,2,2,2,2,2,,,,,,,,,,1,2,,,,,,,,,,,,,,
2024,"Egypt, Arab Rep.",EGY,Middle East & North Africa (excluding high income),77385958,187220825,0.420908031,1,18,2,3,2,2,0,0,0,0,0,0,4,4,4,4,0,4,2,0,2,,,,,,,,,,2,2,2,2,2,1,1,2,2,,,,,,,,,,,,,,,,2,,2,,,,2,2,2,,2,,2,,2,2,2,,,2,2,2,2,2,,,,,,,,,,,2,,1,2,1,2,,,,,2,,,,,,,,,2,2,,,,,,,,2,,,,,,4,0,1,,,,,,,,,,,,,,2,2,2,1,,1,,2,4,2,,2,2,,2,2,2,,,,,,,,,,,,,1,2,2,2,2,2,2,2,1,1,2,,,,,,,,,,,,,,
2024,"Egypt, Arab Rep.",EGY,Middle East & North Africa (excluding high income),77385958,187326562,0.680487635,1,53,1,5,2,1,1,0,1,0,1,1,4,4,4,4,0,2,3,0,1,2,1,2,2,,2,1,2,2,,,,,,,,,,,,,,,,,,,,,,,,,2,,1,,,,,2,2,,1,,1,1,2,2,1,,,,2,2,1,2,,,,2,2,,4,2,2,,2,,2,,2,1,2,2,,1,2,,,,,,,,,2,2,,,,,,,,2,,,,,,1,0,1,,,,,,,,,,,,,,2,2,1,1,,2,,,3,2,,2,2,,2,2,2,,,,,,,,,,,,,1,8,2,1,2,2,2,2,4,1,2,,,,,,,,,,,,,,
2024,"Egypt, Arab Rep.",EGY,Middle East & North Africa (excluding high income),77385958,187366355,1.30708067,2,63,1,2,2,1,0,0,0,0,0,0,4,4,4,4,0,2,3,0,2,,,,,,,,,,2,1,1,1,1,2,1,2,2,,,,,,,,,,,,,,,,2,,2,,,,2,2,2,,2,,2,,2,2,2,,,2,5,1,2,2,,,,,,,,,,,2,,2,,2,1,2,2,,1,2,,,,,,,,,2,2,,,,,,,,2,,,,,,1,1,1,,,,,,,,,,,,,,1,,1,1,,2,,,2,2,,2,2,,2,1,,1,1,2,,2,2,1,2,2,2,2,2,,,,,,,,,,1,2,,,,,,,,,,,,,,
2024,"Egypt, Arab Rep.",EGY,Middle East & North Africa (excluding high income),77385958,187488674,1.143012974,2,40,3,5,1,1,0,0,0,0,1,0,4,4,4,4,0,2,3,0,2,,,,,,,,,,2,2,1,2,2,2,1,2,2,,,,,,,,,,,,,,,,2,,2,,,,2,2,2,,1,,1,,2,1,2,,,,2,1,4,2,,,,,,,,,,,2,,2,,2,1,2,2,,1,2,,,,,,,,,2,2,,,,,,,,2,,,,,,4,0,1,,,,,,,,,,,,,,2,2,1,1,,2,,,3,2,,2,2,,2,2,2,,,,,,,,,,,,,1,1,2,2,2,2,2,2,1,1,2,,,,,,,,,,,,,,
2024,"Egypt, Arab Rep.",EGY,Middle East & North Africa (excluding high income),77385958,187656247,0.933698323,2,32,2,1,2,2,0,0,0,0,1,0,2,4,4,4,0,4,3,0,2,,,,,,,,,,2,2,1,1,1,1,2,2,1,,,,,,,,,,,,,,,,2,,2,,,,2,2,2,,2,,1,,1,2,1,,,,2,1,3,2,,,,,,,,,,,2,,2,,2,2,,,,,1,2,2,2,1,,,,,2,2,,,,,,,,2,,,,,,1,1,1,,,,,,,,,,,,,,1,,1,1,,1,,1,3,1,1,2,2,,2,1,,1,1,2,,1,2,1,1,2,2,2,2,,,,,,,,,,1,2,,,,,,,,,,,,,,
2024,"Egypt, Arab Rep.",EGY,Middle East & North Africa (excluding high income),77385958,187713765,0.751150238,1,21,2,3,2,1,1,0,1,0,1,0,4,4,4,4,0,4,3,0,1,2,2,3,3,1,2,1,2,2,,,,,,,,,,,,,,,,,,,,,,,,,2,,2,,,,2,2,2,,2,,2,,2,2,1,,,2,4,1,2,2,,,,2,2,,1,2,2,,2,,2,,2,2,,,,,2,,,,,,,,,2,2,,,,,,,,2,,,,,,4,0,2,1,2,2,2,2,2,2,1,1,2,2,2,,,,,,,,,,,,,,,,,2,2,,,,,,,,,,,,,,,,,,,,,,1,2,,,,,,,,,,,,,,
2024,"Egypt, Arab Rep.",EGY,Middle East & North Africa (excluding high income),77385958,187728475,1.251287294,2,38,1,3,1,2,1,0,1,0,1,1,4,4,4,4,0,1,3,1,2,,,,,,,,,,,,,,,,,,,,,,,,,,,,,,,,,,2,,2,,,,1,2,2,,2,,2,,2,2,1,,,2,3,2,2,2,,,,,,,,,,,2,,2,,2,1,1,2,1,,2,,,,,,,,,2,2,,,,,,,,2,,,,,,5,1,1,,,,,,,,,,,,,,1,,1,1,,1,,1,4,1,2,2,2,,1,1,,1,1,2,,1,1,1,1,1,2,1,2,,,,,,,,,,1,2,,,,,,,,,,,,,,
2024,"Egypt, Arab Rep.",EGY,Middle East & North Africa (excluding high income),77385958,187756096,1.205427032,2,20,2,3,1,1,0,0,0,0,0,0,2,4,4,4,0,4,1,0,2,,,,,,,,,,2,2,1,2,2,2,1,2,2,,,,,,,,,,,,,,,,2,2,2,,,,2,2,2,,2,2,2,,2,2,2,,,2,7,,1,2,,,,2,2,,4,2,2,,2,,1,1,2,2,,,,,1,2,2,2,1,,,,,2,2,,,,,,,,2,,,,,,4,1,1,,,,,,,,,,,,,,1,,1,1,,1,,1,4,1,1,2,2,,2,1,,1,1,3,,1,1,1,1,2,2,2,2,,,,,,,,,,1,2,,,,,,,,,,,,,,
2024,"Egypt, Arab Rep.",EGY,Middle East & North Africa (excluding high income),77385958,187797354,0.792006654,1,53,1,4,2,2,0,0,0,0,1,0,4,4,4,4,0,2,3,0,2,,,,,,,,,,2,2,2,2,2,2,2,2,2,,,,,,,,,,,,,,,,2,,2,,,,2,2,2,,2,,2,,2,2,1,,,2,7,,1,2,,,,,,,,,,,2,,2,,2,1,2,2,,1,2,,,,,,,,,2,2,,,,,,,,2,,,,,,4,0,1,,,,,,,,,,,,,,2,2,2,1,,2,,,2,2,,2,2,,2,2,2,,,,,,,,,,,,,1,2,2,1,2,2,2,1,8,1,2,,,,,,,,,,,,,,
2024,"Egypt, Arab Rep.",EGY,Middle East & North Africa (excluding high income),77385958,187960637,1.514208283,2,25,3,5,1,2,0,0,0,0,0,0,2,4,4,4,0,2,3,0,2,,,,,,,,,,2,2,1,2,1,2,1,2,2,,,,,,,,,,,,,,,,2,,2,,,,2,2,2,,2,,2,,2,2,2,,,2,2,2,2,2,,,,,,,,,,,2,,2,,2,1,2,2,,1,1,2,2,2,1,,,,,2,2,,,,,,,,2,,,,,,4,1,1,,,,,,,,,,,,,,1,,1,1,,1,,1,2,1,1,2,2,,2,1,,1,2,,1,1,1,1,2,2,2,2,2,,,,,,,,,,1,2,,,,,,,,,,,,,,
2024,"Egypt, Arab Rep.",EGY,Middle East & North Africa (excluding high income),77385958,188044969,0.485252708,1,75,1,5,2,2,1,0,1,0,1,0,4,4,4,4,0,2,3,0,1,2,1,2,2,,1,2,2,2,,,,,,,,,,,,,,,,,,,,,,,,,2,,2,,,,2,2,2,,2,,1,,1,2,2,,,,2,2,2,2,,,,2,2,,1,2,2,,2,,2,,2,1,2,2,,1,2,,,,,,,,,2,2,,,,,,,,2,,,,,,3,0,1,,,,,,,,,,,,,,2,2,1,1,,1,,1,1,2,,2,2,,2,2,2,,,,,,,,,,,,,2,1,2,2,2,2,2,2,2,1,2,,,,,,,,,,,,,,
2024,"Egypt, Arab Rep.",EGY,Middle East & North Africa (excluding high income),77385958,188102334,0.434979428,1,46,2,3,2,2,1,0,1,0,0,0,4,1,4,4,0,2,3,1,1,2,1,2,2,,2,1,2,2,,,,,,,,,,,,,,,,,,,,,,,,,2,,2,,,,2,2,2,,2,,2,,2,2,2,,,2,7,,1,2,,,,2,2,,1,2,2,,2,,2,,2,1,2,2,,1,2,,,,,,,,,1,2,1,2,,,1,2,,2,,,,,,4,1,1,,,,,,,,,,,,,,1,,1,1,,1,,1,2,1,1,2,2,,2,1,,1,2,,1,1,1,1,1,2,2,2,2,,,,,,,,,,1,2,,,,,,,,,,,,,,
2024,"Egypt, Arab Rep.",EGY,Middle East & North Africa (excluding high income),77385958,188112686,0.435693557,2,73,1,5,2,2,1,0,1,1,0,0,4,4,1,4,0,4,3,1,1,1,1,2,2,,2,2,2,2,,,,,,,,,,,,,,,,,,,,,,,,,2,,2,,,,2,2,2,,2,,2,,2,2,2,,,2,7,,3,2,,,,2,2,,1,2,2,,2,,2,,2,2,,,,,2,,,,,,,,,2,1,1,2,,,1,2,,2,,,,,,3,0,1,,,,,,,,,,,,,,2,2,1,1,,2,,,2,2,,2,2,,2,2,2,,,,,,,,,,,,,1,2,2,1,2,2,2,1,1,1,2,,,,,,,,,,,,,,
2024,"Egypt, Arab Rep.",EGY,Middle East & North Africa (excluding high income),77385958,188140472,1.612901208,1,55,1,3,2,1,1,0,1,0,1,0,4,1,4,4,0,2,3,1,1,2,1,2,2,,2,2,2,2,,,,,,,,,,,,,,,,,,,,,,,,,2,,2,,,,2,2,2,,2,,1,,2,2,1,,,,2,2,1,2,,,,2,2,,4,2,2,,2,,2,,1,1,2,2,,1,2,,,,,,,,,1,2,1,2,,,1,2,,2,,,,,,4,0,2,1,2,2,2,2,2,2,1,2,,,,1,,,,,,,,,,,,,,,,2,2,,,,,,,,,,,,,,,,,,,,,,1,2,,,,,,,,,,,,,,
2024,"Egypt, Arab Rep.",EGY,Middle East & North Africa (excluding high income),77385958,188225350,1.133629707,2,17,2,2,1,1,0,0,0,0,0,1,2,4,4,4,0,4,3,0,2,,,,,,,,,,2,2,1,2,2,2,1,1,2,,,,,,,,,,,,,,,,2,,2,,,,1,2,2,,2,,2,,2,2,2,,,2,4,3,3,2,,,,,,,,,,,2,,2,,2,2,,,,,1,2,2,2,1,,,,,2,2,,,,,,,,2,,,,,,6,1,1,,,,,,,,,,,,,,1,,2,1,,1,,1,2,1,1,2,2,,2,2,1,2,1,3,,2,2,2,2,1,2,2,2,,,,,,,,,,1,2,,,,,,,,,,,,,,
2024,"Egypt, Arab Rep.",EGY,Middle East & North Africa (excluding high income),77385958,188360910,0.539972469,2,45,2,4,1,1,1,1,1,1,0,1,1,4,4,2,1,2,3,1,1,2,1,2,2,,2,1,2,2,,,,,,,,,,,,,,,,,,,,,,,,,1,1,2,2,2,1,,2,2,,2,2,2,,2,2,2,,,2,1,3,2,2,,,,2,1,2,,2,2,,2,,2,,2,1,2,2,,1,1,1,1,2,,,2,2,,2,2,,,,,,,,1,2,2,1,,1,1,1,1,,,,,,,,,,,,,,1,,2,1,,1,,1,4,1,1,2,2,,2,1,,1,1,3,,1,1,1,1,2,2,1,2,,,,,,,,,,1,2,,,,,,,,,,,,,,
2024,"Egypt, Arab Rep.",EGY,Middle East & North Africa (excluding high income),77385958,188570866,2.138145623,1,27,1,1,2,2,0,0,0,0,0,0,4,4,4,4,0,4,3,0,2,,,,,,,,,,2,2,2,2,2,2,1,2,2,,,,,,,,,,,,,,,,2,,2,,,,2,2,2,,2,,2,,2,2,2,,,2,2,1,5,1,2,2,,,,,,,,,2,,2,,2,2,,,,,2,,,,,,,,,2,2,,,,,,,,2,,,,,,3,0,1,,,,,,,,,,,,,,2,2,2,2,,2,,,2,2,,2,2,,2,2,2,,,,,,,,,,,,,1,2,8,1,2,2,2,1,1,1,2,,,,,,,,,,,,,,
2024,"Egypt, Arab Rep.",EGY,Middle East & North Africa (excluding high income),77385958,188611090,1.57692456,1,40,1,4,2,2,1,0,1,0,1,0,4,4,4,4,0,1,2,1,2,,,,,,,,,,,,,,,,,,,,,,,,,,,,,,,,,,2,,2,,,,2,2,2,,2,,2,,2,2,1,,,2,4,2,1,2,,,,,,,,,,,2,,1,2,2,1,1,2,2,,2,,,,,,,,,2,2,,,,,,,,2,,,,,,3,0,1,,,,,,,,,,,,,,2,2,1,1,,2,,,4,2,,2,2,,2,2,2,,,,,,,,,,,,,1,2,2,2,2,2,2,1,1,1,2,,,,,,,,,,,,,,
2024,"Egypt, Arab Rep.",EGY,Middle East & North Africa (excluding high income),77385958,188730214,0.496417831,1,24,2,1,2,1,0,0,0,0,0,1,4,4,4,4,0,2,3,0,2,,,,,,,,,,2,2,1,2,2,2,1,2,2,,,,,,,,,,,,,,,,2,,2,,,,1,2,2,,2,,2,,2,2,2,,,2,1,3,3,2,,,,,,,,,,,2,,2,,2,1,2,2,,1,2,,,,,,,,,2,2,,,,,,,,2,,,,,,3,1,1,,,,,,,,,,,,,,1,,2,1,,1,,1,4,1,1,2,2,,2,1,,2,1,2,,1,1,1,1,1,2,2,2,,,,,,,,,,1,2,,,,,,,,,,,,,,
2024,"Egypt, Arab Rep.",EGY,Middle East & North Africa (excluding high income),77385958,188768958,0.58714744,1,33,2,3,2,2,0,0,0,0,0,0,4,4,4,4,0,2,3,0,2,,,,,,,,,,2,2,2,2,2,2,2,1,2,,,,,,,,,,,,,,,,2,,2,,,,2,2,2,,2,,2,,2,2,2,,,2,7,,1,2,,,,,,,,,,,2,,2,,2,1,2,2,,1,2,,,,,,,,,2,2,,,,,,,,2,,,,,,4,0,2,1,2,2,1,2,2,1,1,1,2,2,1,,,,,,,,,,,,,,,,,2,2,,,,,,,,,,,,,,,,,,,,,,1,2,,,,,,,,,,,,,,
2024,"Egypt, Arab Rep.",EGY,Middle East & North Africa (excluding high income),77385958,188776674,2.023550789,1,31,1,2,2,1,1,0,1,1,1,0,4,1,4,4,0,4,3,1,1,1,1,2,2,,2,1,1,1,,,,,,,,,,,,,,,,,,,,,,,,,2,,2,,,,2,2,2,,2,,1,,2,1,1,1,2,,7,,1,2,,,,2,2,,4,2,2,,2,,2,,2,2,,,,,2,,,,,,,,,1,2,1,2,,,1,2,,2,,,,,,6,0,1,,,,,,,,,,,,,,2,2,1,1,,1,,2,2,2,,1,2,,2,2,2,,,,,,,,,,,,,1,1,2,2,2,2,2,2,1,1,2,,,,,,,,,,,,,,
2024,"Egypt, Arab Rep.",EGY,Middle East & North Africa (excluding high income),77385958,188781238,0.60035918,2,33,2,2,1,2,0,0,0,0,1,0,2,4,4,4,0,2,3,0,2,,,,,,,,,,2,2,1,2,2,2,1,2,2,,,,,,,,,,,,,,,,2,,2,,,,2,2,2,,2,,1,,2,2,2,,,,5,1,1,2,,,,,,,,,,,2,,2,,2,1,2,2,,1,1,2,2,2,1,,,,,2,2,,,,,,,,2,,,,,,4,1,1,,,,,,,,,,,,,,1,,1,1,,1,,1,1,1,1,2,2,,2,1,,1,1,2,,1,2,1,2,2,2,2,2,,,,,,,,,,1,2,,,,,,,,,,,,,,
2024,"Egypt, Arab Rep.",EGY,Middle East & North Africa (excluding high income),77385958,188790439,0.593829382,1,33,2,4,2,1,0,0,0,0,1,0,4,4,4,4,0,2,3,0,2,,,,,,,,,,2,2,2,2,2,2,1,2,2,,,,,,,,,,,,,,,,2,,2,,,,2,2,2,,2,,1,,2,2,2,,,,2,2,2,2,,,,,,,,,,,2,,2,,2,1,2,2,,1,2,,,,,,,,,2,2,,,,,,,,2,,,,,,4,1,1,,,,,,,,,,,,,,1,,2,1,,1,,1,3,1,1,2,2,,2,1,,1,2,,1,2,1,1,1,1,2,2,2,,,,,,,,,,1,2,,,,,,,,,,,,,,
2024,"Egypt, Arab Rep.",EGY,Middle East & North Africa (excluding high income),77385958,188856596,0.641947846,1,16,2,3,2,2,0,0,0,0,0,0,4,4,4,4,0,4,3,0,2,,,,,,,,,,2,2,2,2,2,1,1,2,2,,,,,,,,,,,,,,,,2,,2,,,,2,2,2,,2,,2,,2,2,2,,,2,2,2,1,2,,,,,,,,,,,2,,2,,2,2,,,,,2,,,,,,,,,2,2,,,,,,,,2,,,,,,7,0,2,1,2,2,2,1,2,2,5,1,1,2,2,,,,,,,,,,,,,,,,,2,2,,,,,,,,,,,,,,,,,,,,,,2,,1,2,2,2,2,2,2,2,2,1,2,2,,
2024,"Egypt, Arab Rep.",EGY,Middle East & North Africa (excluding high income),77385958,189282155,0.554765921,1,29,2,1,2,2,0,0,0,0,0,0,4,4,4,4,0,2,3,0,2,,,,,,,,,,2,2,1,2,2,2,1,2,2,,,,,,,,,,,,,,,,2,,2,,,,2,2,2,,2,,2,,2,2,2,,,2,2,2,1,2,,,,,,,,,,,2,,2,,2,1,2,2,,1,2,,,,,,,,,2,2,,,,,,,,2,,,,,,5,1,1,,,,,,,,,,,,,,1,,1,1,,1,,1,2,1,1,2,2,,2,1,,1,1,3,,1,1,1,2,2,2,2,2,,,,,,,,,,1,2,,,,,,,,,,,,,,
2024,"Egypt, Arab Rep.",EGY,Middle East & North Africa (excluding high income),77385958,189358899,0.983502809,2,15,2,4,2,2,0,0,0,0,0,0,2,4,4,4,0,4,3,0,2,,,,,,,,,,2,2,1,2,2,2,1,2,2,,,,,,,,,,,,,,,,2,,2,,,,2,2,2,,2,,2,,2,2,2,,,2,2,1,4,2,,,,,,,,,,,2,,2,,2,2,,,,,1,2,2,2,1,,,,,2,2,,,,,,,,2,,,,,,5,1,1,,,,,,,,,,,,,,1,,2,1,,1,,1,1,1,1,2,1,2,2,1,,1,1,3,,1,1,1,1,1,1,1,2,,,,,,,,,,,,,,,,,,,,,,,,,
2024,"Egypt, Arab Rep.",EGY,Middle East & North Africa (excluding high income),77385958,189612997,1.109802265,2,25,2,5,1,1,1,1,1,1,0,1,4,4,4,4,0,4,1,1,1,1,2,3,3,1,1,1,1,2,,,,,,,,,,,,,,,,,,,,,,,,,1,2,2,3,1,2,,2,2,,2,2,2,,2,2,2,,,2,1,3,4,2,,,,2,2,,4,2,2,,1,1,1,1,2,2,,,,,2,,,,,,,,,2,2,,,,,,,,2,,,,,,2,1,1,,,,,,,,,,,,,,1,,1,1,,1,,1,4,1,1,2,2,,2,1,,1,1,3,,1,1,1,1,1,2,1,2,,,,,,,,,,1,2,,,,,,,,,,,,,,
2024,"Egypt, Arab Rep.",EGY,Middle East & North Africa (excluding high income),77385958,189839994,0.747150925,1,15,2,3,2,2,0,0,0,0,0,0,4,4,4,4,0,4,3,0,2,,,,,,,,,,2,2,2,2,2,2,1,1,2,,,,,,,,,,,,,,,,2,,2,,,,2,2,2,,2,,2,,2,2,2,,,2,7,,1,2,,,,,,,,,,,2,,2,,2,2,,,,,2,,,,,,,,,2,2,,,,,,,,2,,,,,,4,0,2,1,2,2,2,1,2,2,5,2,,,,1,,,,,,,,,,,,,,,,2,2,,,,,,,,,,,,,,,,,,,,,,,,,,,,,,,,,,,,,
2024,"Egypt, Arab Rep.",EGY,Middle East & North Africa (excluding high income),77385958,189843323,0.325094712,2,35,2,2,1,1,0,0,0,0,1,0,2,4,4,4,0,2,3,0,2,,,,,,,,,,2,2,1,2,2,2,1,2,2,,,,,,,,,,,,,,,,2,,2,,,,2,2,2,,1,,2,,2,1,1,,,,4,1,1,2,,,,,,,,,,,2,,2,,2,1,2,2,,1,1,2,2,2,1,,,,,2,2,,,,,,,,2,,,,,,4,0,1,,,,,,,,,,,,,,1,,1,1,,1,,2,2,1,1,2,2,,2,2,2,,,,,2,2,2,2,2,2,2,2,,,,,,,,,,1,2,,,,,,,,,,,,,,
2024,"Egypt, Arab Rep.",EGY,Middle East & North Africa (excluding high income),77385958,189920760,1.078339351,1,63,1,5,2,2,0,0,0,0,0,0,4,4,4,4,0,2,3,0,2,,,,,,,,,,2,2,2,2,3,2,1,2,2,,,,,,,,,,,,,,,,2,,2,,,,2,2,2,,2,,2,,2,2,2,,,2,2,2,3,2,,,,,,,,,,,2,,2,,2,1,2,2,,1,2,,,,,,,,,2,2,,,,,,,,2,,,,,,3,1,1,,,,,,,,,,,,,,1,,2,1,,2,,,4,2,,2,2,,2,1,,1,1,3,,2,2,2,2,2,2,2,2,,,,,,,,,,1,2,,,,,,,,,,,,,,
2024,"Egypt, Arab Rep.",EGY,Middle East & North Africa (excluding high income),77385958,190316144,0.593829382,1,33,2,2,2,1,0,0,0,0,0,0,4,4,4,2,0,2,3,0,2,,,,,,,,,,2,2,1,2,2,2,1,1,2,,,,,,,,,,,,,,,,2,,2,,,,2,2,2,,2,,2,,2,2,2,,,2,5,2,1,2,,,,,,,,,,,2,,2,,2,1,2,2,,1,2,,,,,,,,,2,2,,,,,,,,1,2,2,1,,2,1,0,1,,,,,,,,,,,,,,2,2,2,1,,1,,1,4,2,,1,2,,2,2,2,,,,,,,,,,,,,2,2,2,2,1,1,2,2,5,1,2,,,,,,,,,,,,,,
2024,"Egypt, Arab Rep.",EGY,Middle East & North Africa (excluding high income),77385958,190467786,1.83451682,1,24,1,1,2,2,0,0,0,0,0,0,4,4,4,4,0,4,3,0,2,,,,,,,,,,2,2,1,2,2,2,1,2,1,,,,,,,,,,,,,,,,2,,2,,,,2,2,2,,2,,2,,2,2,2,,,2,2,1,3,2,,,,,,,,,,,2,,2,,2,2,,,,,2,,,,,,,,,2,2,,,,,,,,2,,,,,,4,0,1,,,,,,,,,,,,,,1,,2,1,,2,,,2,1,1,1,2,,2,2,2,,,,,2,2,2,2,2,2,2,2,,,,,,,,,,1,2,,,,,,,,,,,,,,
2024,"Egypt, Arab Rep.",EGY,Middle East & North Africa (excluding high income),77385958,190673445,2.149590586,1,27,1,1,2,1,0,0,0,0,1,0,4,4,4,4,0,4,3,0,2,,,,,,,,,,2,2,2,2,2,2,1,2,2,,,,,,,,,,,,,,,,2,,2,,,,2,2,2,,1,,1,,1,2,2,,,,7,,1,1,2,1,,,,,,,,,2,,2,,2,2,,,,,2,,,,,,,,,2,2,,,,,,,,2,,,,,,6,0,1,,,,,,,,,,,,,,2,2,2,1,,1,,2,4,2,,2,2,,2,2,2,,,,,,,,,,,,,1,2,2,1,2,2,2,1,1,1,2,,,,,,,,,,,,,,
2024,"Egypt, Arab Rep.",EGY,Middle East & North Africa (excluding high income),77385958,190748995,0.629967995,2,77,2,5,2,2,1,0,1,0,0,1,4,4,1,4,0,4,2,1,2,2,1,2,4,,2,2,2,2,,,,,,,,,,,,,,,,,,,,,,,,,1,,2,3,2,2,,2,2,,2,,2,,2,2,2,,,2,2,3,2,2,,,,2,2,,4,2,2,,2,,1,2,2,2,,,,,2,,,,,,,,,2,1,1,2,,,1,2,,2,,,,,,3,0,1,,,,,,,,,,,,,,1,,1,1,,1,,1,1,2,,2,2,,2,2,2,,,,,2,2,2,2,2,2,2,2,,,,,,,,,,1,2,,,,,,,,,,,,,,
2024,"Egypt, Arab Rep.",EGY,Middle East & North Africa (excluding high income),77385958,190757128,0.705696773,2,27,2,5,2,2,0,0,0,0,0,0,4,4,4,4,0,2,3,0,2,,,,,,,,,,2,2,1,2,2,1,1,2,2,,,,,,,,,,,,,,,,2,,2,,,,2,2,2,,2,,2,,2,2,2,,,2,7,,4,2,,,,,,,,,,,2,,2,,2,1,2,2,,1,2,,,,,,,,,2,2,,,,,,,,2,,,,,,4,1,1,,,,,,,,,,,,,,1,,1,1,,1,,1,2,1,1,2,2,,1,1,,1,1,1,,1,1,1,1,1,2,2,1,,,,,,,,,,1,2,,,,,,,,,,,,,,
2024,"Egypt, Arab Rep.",EGY,Middle East & North Africa (excluding high income),77385958,191123840,1.342559748,2,25,2,4,1,2,0,0,0,0,1,0,2,4,4,4,0,4,2,0,2,,,,,,,,,,2,2,2,2,2,2,1,2,2,,,,,,,,,,,,,,,,2,,2,,,,2,2,2,,2,,1,,2,2,1,,,,2,1,2,2,,,,,,,,,,,2,,1,2,2,2,,,,,1,2,2,2,1,,,,,2,2,,,,,,,,2,,,,,,4,1,1,,,,,,,,,,,,,,1,,1,1,,1,,1,1,1,1,2,2,,2,1,,1,1,3,,1,1,1,2,2,2,2,2,,,,,,,,,,1,2,,,,,,,,,,,,,,
2024,"Egypt, Arab Rep.",EGY,Middle East & North Africa (excluding high income),77385958,191334977,0.796645928,2,46,3,4,1,2,1,1,1,1,0,1,4,4,4,4,0,2,1,1,1,1,2,3,3,1,1,1,1,1,,,,,,,,,,,,,,,,,,,,,,,,,1,2,2,3,1,1,,2,2,,2,2,2,,2,2,2,2,,2,1,3,4,2,,,,2,2,,4,2,2,,1,1,2,,2,1,2,2,,1,2,,,,,,,,,2,2,,,,,,,,2,,,,,,2,1,1,,,,,,,,,,,,,,1,,1,1,,1,,1,4,1,1,2,2,,2,1,,1,1,3,,1,1,1,1,1,2,1,2,,,,,,,,,,1,2,,,,,,,,,,,,,,
2024,"Egypt, Arab Rep.",EGY,Middle East & North Africa (excluding high income),77385958,191586345,2.415934164,1,30,1,4,2,2,0,0,0,0,0,0,4,4,4,4,0,2,3,0,2,,,,,,,,,,2,2,2,2,2,2,2,2,2,,,,,,,,,,,,,,,,2,,2,,,,2,2,2,,2,,2,,2,2,2,,,2,2,2,3,2,,,,,,,,,,,2,,2,,2,1,2,2,,1,2,,,,,,,,,2,2,,,,,,,,2,,,,,,3,1,1,,,,,,,,,,,,,,1,,2,1,,1,,1,4,2,,2,2,,2,1,,1,1,3,,1,1,1,1,1,2,2,2,,,,,,,,,,1,2,,,,,,,,,,,,,,
2024,"Egypt, Arab Rep.",EGY,Middle East & North Africa (excluding high income),77385958,191652747,1.035696083,2,16,2,2,2,2,0,0,0,0,0,0,4,4,4,4,0,4,3,0,2,,,,,,,,,,2,2,2,2,2,1,1,2,2,,,,,,,,,,,,,,,,2,,2,,,,2,2,2,,2,,2,,2,2,2,,,2,7,,4,2,,,,,,,,,,,2,,2,,2,2,,,,,2,,,,,,,,,2,2,,,,,,,,2,,,,,,3,0,2,1,2,2,2,1,2,2,1,2,,,,1,,,,,,,,,,,,,,,,2,2,,,,,,,,,,,,,,,,,,,,,,2,,2,1,2,1,2,2,2,1,2,1,2,2,,
2024,"Egypt, Arab Rep.",EGY,Middle East & North Africa (excluding high income),77385958,191742142,0.60035918,2,27,2,4,1,2,1,0,1,0,1,0,1,4,4,4,0,2,2,1,1,2,2,2,2,,2,1,1,2,,,,,,,,,,,,,,,,,,,,,,,,,2,,2,,,,2,2,2,,2,,2,,1,2,1,,,1,2,1,2,2,,,,2,2,,4,2,1,2,2,,1,2,2,1,2,2,,1,1,2,1,2,,,2,2,,2,2,,,,,,,,2,,,,,,4,1,1,,,,,,,,,,,,,,1,,1,1,,1,,1,2,2,,2,1,2,2,1,,2,1,2,,1,1,1,2,2,2,2,2,,,,,,,,,,1,2,,,,,,,,,,,,,,
2024,"Egypt, Arab Rep.",EGY,Middle East & North Africa (excluding high income),77385958,191758128,0.610425167,2,33,2,1,1,1,0,0,0,0,1,0,2,4,4,2,0,2,2,0,2,,,,,,,,,,2,2,1,2,2,2,1,2,2,,,,,,,,,,,,,,,,2,,2,,,,2,2,2,,2,,1,,2,2,2,,,,2,2,3,2,,,,,,,,,,,3,,1,2,2,1,2,2,,1,1,2,2,2,1,,,,,2,2,,,,,,,,1,2,2,1,,2,6,1,1,,,,,,,,,,,,,,1,,2,1,,1,,2,1,1,1,2,2,,2,1,,2,1,3,,2,2,1,2,2,2,2,2,,,,,,,,,,1,2,,,,,,,,,,,,,,
2024,"Egypt, Arab Rep.",EGY,Middle East & North Africa (excluding high income),77385958,191765363,0.679228113,1,20,2,4,2,1,0,1,1,1,0,0,4,4,4,4,0,4,3,1,2,,,,,,,,,,2,2,1,2,2,2,1,2,2,,,,,,,,,,,,,,,,2,2,2,,,,2,2,2,,2,2,2,,2,2,2,,,2,2,2,1,2,,,,2,2,,4,2,2,,2,,2,,2,2,,,,,2,,,,,,,,,2,2,,,,,,,,2,,,,,,4,1,1,,,,,,,,,,,,,,1,,2,1,,1,,1,1,1,1,1,2,,2,1,,1,1,1,,1,1,1,2,1,2,2,2,,,,,,,,,,1,2,,,,,,,,,,,,,,
2024,"Egypt, Arab Rep.",EGY,Middle East & North Africa (excluding high income),77385958,191802701,0.776772062,2,23,2,3,1,1,0,0,0,0,0,0,2,4,4,4,0,4,3,0,2,,,,,,,,,,2,2,1,2,2,1,1,1,2,,,,,,,,,,,,,,,,2,,2,,,,2,2,2,,2,,2,,2,2,2,,,2,2,1,1,2,,,,,,,,,,,2,,2,,2,2,,,,,1,2,2,2,1,,,,,2,2,,,,,,,,2,,,,,,3,1,1,,,,,,,,,,,,,,1,,1,1,,1,,1,4,1,1,2,2,,2,1,,1,1,3,,1,1,1,1,2,2,2,2,,,,,,,,,,1,2,,,,,,,,,,,,,,
2024,"Egypt, Arab Rep.",EGY,Middle East & North Africa (excluding high income),77385958,191845917,1.592492139,1,52,1,2,2,1,0,0,0,0,1,0,4,4,4,4,0,4,3,0,2,,,,,,,,,,2,2,1,2,2,2,1,2,2,,,,,,,,,,,,,,,,2,,2,,,,2,2,2,,2,,2,,2,2,1,,,2,2,1,2,2,,,,,,,,,,,2,,2,,2,2,,,,,2,,,,,,,,,2,2,,,,,,,,2,,,,,,3,0,2,1,2,2,2,2,2,2,1,1,2,2,2,,,,,,,,,,,,,,,,,2,2,,,,,,,,,,,,,,,,,,,,,,1,2,,,,,,,,,,,,,,
2024,"Egypt, Arab Rep.",EGY,Middle East & North Africa (excluding high income),77385958,191895550,0.983502809,2,19,2,3,1,2,0,0,0,0,1,0,2,4,4,4,0,4,3,0,2,,,,,,,,,,2,2,1,2,2,2,1,1,2,,,,,,,,,,,,,,,,2,,2,,,,2,2,2,,2,,1,,2,1,1,,,,2,2,2,2,,,,,,,,,,,2,,2,,2,2,,,,,1,2,2,2,1,,,,,2,2,,,,,,,,2,,,,,,3,1,1,,,,,,,,,,,,,,1,,2,1,,1,,1,4,1,1,2,1,2,2,1,,1,1,3,,1,1,1,1,1,2,2,1,,,,,,,,,,1,2,,,,,,,,,,,,,,
2024,"Egypt, Arab Rep.",EGY,Middle East & North Africa (excluding high income),77385958,192142029,0.610425167,2,33,2,1,1,1,0,0,0,0,1,0,2,4,4,4,0,2,2,0,2,,,,,,,,,,2,2,2,2,2,2,1,2,2,,,,,,,,,,,,,,,,2,,2,,,,2,2,2,,1,,1,,2,2,1,,,,4,2,1,2,,,,,,,,,,,2,,1,2,2,1,2,2,,1,1,2,2,2,1,,,,,2,2,,,,,,,,2,,,,,,4,1,1,,,,,,,,,,,,,,2,2,1,1,,1,,1,1,2,,2,2,,2,1,,2,1,3,,1,1,1,1,2,2,2,2,1,2,2,2,2,2,1,2,1,1,2,,,,,,,,,,,,,,
2024,"Egypt, Arab Rep.",EGY,Middle East & North Africa (excluding high income),77385958,192185593,0.42796523,1,19,2,5,2,1,0,0,0,0,1,0,4,4,4,4,0,4,3,0,2,,,,,,,,,,2,2,2,2,2,2,1,2,2,,,,,,,,,,,,,,,,2,,2,,,,2,2,2,,2,,2,,2,2,1,,,2,7,,1,2,,,,,,,,,,,2,,2,,2,2,,,,,2,,,,,,,,,2,2,,,,,,,,2,,,,,,3,1,1,,,,,,,,,,,,,,1,,1,1,,1,,1,4,1,1,2,2,,2,1,,1,1,2,,1,1,1,2,2,2,2,2,,,,,,,,,,1,2,,,,,,,,,,,,,,
2024,"Egypt, Arab Rep.",EGY,Middle East & North Africa (excluding high income),77385958,192317608,0.504473757,1,32,2,3,2,1,0,0,0,0,1,1,4,4,4,4,0,4,3,0,2,,,,,,,,,,2,2,1,2,1,2,1,2,2,,,,,,,,,,,,,,,,2,,2,,,,1,2,2,,2,,1,,2,2,1,,,,7,,2,2,,,,,,,,,,,2,,2,,2,2,,,,,2,,,,,,,,,2,2,,,,,,,,2,,,,,,3,0,2,1,1,2,2,2,2,1,1,1,2,2,2,,,,,,,,,,,,,,,,,2,2,,,,,,,,,,,,,,,,,,,,,,1,2,,,,,,,,,,,,,,
2024,"Egypt, Arab Rep.",EGY,Middle East & North Africa (excluding high income),77385958,192653679,0.908909538,2,16,2,3,2,2,0,0,0,0,0,0,4,4,4,4,0,4,3,0,2,,,,,,,,,,2,2,1,2,2,2,2,1,2,,,,,,,,,,,,,,,,2,,2,,,,2,2,2,,2,,2,,2,2,2,,,2,2,2,3,2,,,,,,,,,,,2,,2,,2,2,,,,,2,,,,,,,,,2,2,,,,,,,,2,,,,,,3,1,1,,,,,,,,,,,,,,1,,1,1,,1,,1,4,1,1,2,2,,2,1,,1,1,3,,1,1,1,2,1,2,2,2,,,,,,,,,,1,2,,,,,,,,,,,,,,
2024,"Egypt, Arab Rep.",EGY,Middle East & North Africa (excluding high income),77385958,192894359,0.901015959,2,16,2,5,2,1,0,0,0,0,0,0,4,4,4,4,0,4,3,0,2,,,,,,,,,,2,2,2,2,2,2,1,1,2,,,,,,,,,,,,,,,,2,,2,,,,2,2,2,,2,,2,,2,2,2,,,2,4,1,4,2,,,,,,,,,,,2,,2,,2,2,,,,,2,,,,,,,,,2,2,,,,,,,,2,,,,,,3,1,1,,,,,,,,,,,,,,1,,2,1,,1,,1,2,1,1,2,1,2,2,1,,1,1,1,,1,1,1,1,2,2,2,2,,,,,,,,,,1,2,,,,,,,,,,,,,,
2024,"Egypt, Arab Rep.",EGY,Middle East & North Africa (excluding high income),77385958,192931297,0.26822659,1,40,2,1,1,2,1,0,1,1,0,0,1,1,4,4,0,2,3,1,1,1,1,2,2,,2,1,1,2,,,,,,,,,,,,,,,,,,,,,,,,,2,,2,,,,2,2,2,,2,,2,,2,2,2,,,2,2,1,1,2,,,,2,2,,4,2,2,,2,,2,,2,1,2,2,,1,1,1,1,2,,,2,1,,1,2,1,2,,,1,2,,2,,,,,,4,0,1,,,,,,,,,,,,,,2,2,1,1,,1,,1,4,2,,2,1,2,2,2,2,,,,,,,,,,,,,1,2,2,2,2,2,2,2,1,1,2,,,,,,,,,,,,,,
2024,"Egypt, Arab Rep.",EGY,Middle East & North Africa (excluding high income),77385958,193012518,0.521121326,2,42,2,5,1,1,1,1,1,1,1,1,1,4,4,4,1,2,1,1,1,1,1,2,2,,1,1,1,1,,,,,,,,,,,,,,,,,,,,,,,,,2,1,2,3,2,2,,2,2,,2,2,1,,2,2,2,1,1,,3,2,3,2,,,,1,1,2,,2,2,,1,1,2,,2,1,2,2,,1,1,1,1,2,,,2,1,,2,2,,,,,,,,2,,,,,,3,1,1,,,,,,,,,,,,,,1,,1,1,,1,,1,1,1,1,2,1,2,1,1,,1,1,3,,1,1,1,1,1,2,1,2,,,,,,,,,,1,2,,,,,,,,,,,,,,
2024,"Egypt, Arab Rep.",EGY,Middle East & North Africa (excluding high income),77385958,193108603,0.901716968,1,55,1,4,2,2,0,0,0,0,1,0,4,4,4,4,0,4,2,0,2,,,,,,,,,,2,2,2,2,2,2,1,2,2,,,,,,,,,,,,,,,,2,,2,,,,2,2,2,,2,,1,,2,2,2,,,,7,,2,2,,,,,,,,,,,2,,1,2,2,2,,,,,2,,,,,,,,,2,2,,,,,,,,2,,,,,,4,0,2,1,2,2,1,2,2,1,1,1,2,2,1,,,,,,,,,,,,,,,,,2,2,,,,,,,,,,,,,,,,,,,,,,1,2,,,,,,,,,,,,,,
2024,"Egypt, Arab Rep.",EGY,Middle East & North Africa (excluding high income),77385958,193279993,1.077772536,1,28,3,3,2,2,1,0,1,0,0,1,4,1,4,4,0,4,2,1,1,2,2,2,2,,2,1,2,2,,,,,,,,,,,,,,,,,,,,,,,,,2,,2,,,,1,2,2,,2,,2,,2,2,2,,,2,5,2,1,2,,,,2,2,,4,2,2,,2,,1,2,2,2,,,,,2,,,,,,,,,1,2,1,2,,,1,2,,2,,,,,,5,1,1,,,,,,,,,,,,,,1,,2,1,,1,,1,1,1,1,2,1,2,2,1,,1,1,3,,1,1,1,2,1,2,2,2,,,,,,,,,,1,2,,,,,,,,,,,,,,
2024,"Egypt, Arab Rep.",EGY,Middle East & North Africa (excluding high income),77385958,193311193,0.563790795,1,16,2,2,2,1,0,0,0,0,0,0,4,4,4,4,0,4,3,0,2,,,,,,,,,,2,2,2,2,2,2,1,2,2,,,,,,,,,,,,,,,,2,,2,,,,2,2,2,,2,,2,,2,2,2,,,2,2,2,2,2,,,,,,,,,,,2,,2,,2,2,,,,,2,,,,,,,,,2,2,,,,,,,,2,,,,,,5,1,1,,,,,,,,,,,,,,1,,1,1,,1,,1,4,1,1,1,1,2,2,1,,1,1,3,,1,1,1,2,1,2,2,2,,,,,,,,,,1,2,,,,,,,,,,,,,,
2024,"Egypt, Arab Rep.",EGY,Middle East & North Africa (excluding high income),77385958,193515213,1.292389748,1,46,1,3,2,2,1,0,1,0,1,0,4,1,4,4,0,2,2,1,1,2,1,2,2,,2,1,2,2,,,,,,,,,,,,,,,,,,,,,,,,,2,,2,,,,2,2,2,,2,,1,,1,2,2,,,,2,1,4,2,,,,2,2,,4,2,2,,2,,1,2,2,1,2,2,,1,2,,,,,,,,,1,2,1,2,,,1,2,,2,,,,,,5,0,2,1,2,2,1,2,2,2,1,2,,,,1,,,,,,,,,,,,,,,,2,2,,,,,,,,,,,,,,,,,,,,,,1,2,,,,,,,,,,,,,,
2024,"Egypt, Arab Rep.",EGY,Middle East & North Africa (excluding high income),77385958,193613706,1.007538349,1,19,2,1,2,1,1,1,1,1,1,1,4,4,4,4,1,4,3,1,1,1,2,3,3,1,2,2,2,1,,,,,,,,,,,,,,,,,,,,,,,,,1,1,2,3,1,2,,2,2,,2,2,2,,2,2,2,1,1,,2,2,2,2,,,,2,1,3,,2,2,,2,,2,,2,2,,,,,2,,,,,,,,,2,2,,,,,,,,2,,,,,,1,1,1,,,,,,,,,,,,,,1,,1,1,,1,,1,1,1,1,1,2,,2,2,1,1,1,3,,1,1,1,1,1,2,2,1,,,,,,,,,,1,2,,,,,,,,,,,,,,
2024,"Egypt, Arab Rep.",EGY,Middle East & North Africa (excluding high income),77385958,193696075,0.26457552,1,42,2,3,1,2,0,0,0,0,1,1,3,4,4,4,0,2,3,0,2,,,,,,,,,,2,2,2,2,2,1,1,2,2,,,,,,,,,,,,,,,,2,,1,,,,,2,2,,2,,1,1,2,2,1,,,,2,2,2,2,,,,,,,,,,,2,,2,,2,1,2,2,,1,1,3,3,3,3,3,,,,2,2,,,,,,,,2,,,,,,4,0,1,,,,,,,,,,,,,,2,2,1,1,,2,,,2,2,,2,2,,2,2,2,,,,,,,,,,,,,1,2,2,2,2,2,2,1,1,1,2,,,,,,,,,,,,,,
2024,"Egypt, Arab Rep.",EGY,Middle East & North Africa (excluding high income),77385958,193767903,2.889474023,2,23,1,3,1,2,0,0,0,0,1,0,2,4,4,4,0,4,3,0,2,,,,,,,,,,2,2,1,2,2,1,1,2,2,,,,,,,,,,,,,,,,2,,2,,,,2,2,2,,2,,1,,2,2,2,,,,2,1,4,2,,,,,,,,,,,2,,2,,2,2,,,,,1,2,2,2,1,,,,,2,2,,,,,,,,2,,,,,,3,0,1,,,,,,,,,,,,,,2,2,2,1,,2,,,2,2,,2,2,,2,2,2,,,,,,,,,,,,,1,2,2,2,2,2,2,1,1,1,2,,,,,,,,,,,,,,
2024,"Egypt, Arab Rep.",EGY,Middle East & North Africa (excluding high income),77385958,194034618,0.257212146,1,45,2,5,2,1,1,1,1,1,0,0,4,1,4,4,0,2,1,1,1,1,1,2,2,,2,1,1,2,,,,,,,,,,,,,,,,,,,,,,,,,2,2,2,,,,2,2,2,,2,2,2,,2,2,2,,,2,7,,1,2,,,,2,2,,4,2,2,,2,,1,1,2,1,2,2,,1,2,,,,,,,,,1,2,1,2,,,1,2,,2,,,,,,4,1,1,,,,,,,,,,,,,,1,,1,1,,1,,1,4,1,1,2,2,,2,1,,1,1,3,,1,1,1,1,1,2,1,1,,,,,,,,,,1,2,,,,,,,,,,,,,,
2024,"Egypt, Arab Rep.",EGY,Middle East & North Africa (excluding high income),77385958,194039019,0.693909969,1,46,1,3,1,2,0,0,0,0,1,0,2,3,4,4,0,2,2,0,2,,,,,,,,,,2,2,2,2,2,2,1,2,2,,,,,,,,,,,,,,,,2,,2,,,,2,2,2,,2,,1,,1,2,1,,,,7,,1,2,,,,,,,,,,,2,,1,2,2,1,2,2,,1,1,2,2,2,1,,,,,1,2,2,2,2,2,,,,2,,,,,,3,0,1,,,,,,,,,,,,,,2,2,1,1,,2,,,3,2,,2,2,,2,2,2,,,,,,,,,,,,,1,2,2,1,2,2,2,2,1,1,2,,,,,,,,,,,,,,
2024,"Egypt, Arab Rep.",EGY,Middle East & North Africa (excluding high income),77385958,194056166,0.634222109,2,64,2,3,2,1,1,0,1,1,0,0,4,4,1,4,0,2,3,1,1,1,1,2,2,,2,2,2,2,,,,,,,,,,,,,,,,,,,,,,,,,2,,2,,,,2,2,2,,2,,2,,2,2,2,,,2,5,3,4,2,,,,2,2,,4,2,2,,2,,2,,2,1,2,2,,1,2,,,,,,,,,2,1,1,2,,,1,2,,2,,,,,,1,0,1,,,,,,,,,,,,,,2,2,1,1,,1,,2,4,2,,2,2,,2,2,2,,,,,,,,,,,,,2,2,2,2,2,2,2,1,8,1,2,,,,,,,,,,,,,,
2024,"Egypt, Arab Rep.",EGY,Middle East & North Africa (excluding high income),77385958,194066052,0.854210279,2,16,2,2,2,2,0,0,0,0,0,0,4,4,4,4,0,4,3,0,2,,,,,,,,,,2,2,2,2,2,2,1,2,2,,,,,,,,,,,,,,,,2,,2,,,,2,2,2,,2,,2,,2,2,2,,,2,7,,4,2,,,,,,,,,,,2,,2,,2,2,,,,,2,,,,,,,,,2,2,,,,,,,,2,,,,,,4,0,2,1,2,2,2,2,2,2,1,2,,,,1,,,,,,,,,,,,,,,,2,2,,,,,,,,,,,,,,,,,,,,,,1,2,,,,,,,,,,,,,,
2024,"Egypt, Arab Rep.",EGY,Middle East & North Africa (excluding high income),77385958,194282157,1.080210864,1,57,1,3,2,1,1,0,1,1,1,0,4,1,4,4,0,2,2,1,2,1,2,2,2,,2,3,2,2,,,,,,,,,,,,,,,,,,,,,,,,,2,,2,,,,2,2,2,,2,,1,,1,2,1,,,,2,1,5,3,,,,2,2,,5,2,2,,2,,1,2,2,1,2,2,,1,2,,,,,,,,,1,2,1,2,,,1,3,,2,,,,,,3,0,2,2,2,2,1,2,2,2,4,2,,,,1,,,,,,,,,,,,,,,,2,2,,,,,,,,,,,,,,,,,,,,,,1,2,,,,,,,,,,,,,,
2024,"Egypt, Arab Rep.",EGY,Middle East & North Africa (excluding high income),77385958,194775623,0.359832691,1,36,2,4,2,2,0,0,0,0,1,0,4,4,4,4,0,2,2,0,2,,,,,,,,,,2,2,1,2,2,2,1,2,2,,,,,,,,,,,,,,,,2,,2,,,,2,2,2,,2,,1,,1,2,1,,,,2,2,2,2,,,,,,,,,,,2,,1,2,2,1,2,2,,1,2,,,,,,,,,2,2,,,,,,,,2,,,,,,3,1,1,,,,,,,,,,,,,,1,,1,1,,1,,1,1,1,1,2,2,,2,1,,1,1,3,,1,1,1,1,2,2,2,2,,,,,,,,,,1,2,,,,,,,,,,,,,,
2024,"Egypt, Arab Rep.",EGY,Middle East & North Africa (excluding high income),77385958,194792604,0.989519104,1,18,2,2,2,2,0,0,0,0,0,0,4,4,4,4,0,4,3,0,2,,,,,,,,,,2,2,2,2,2,2,1,2,2,,,,,,,,,,,,,,,,2,,2,,,,2,2,2,,2,,2,,2,2,2,,,2,2,1,4,2,,,,,,,,,,,2,,2,,2,2,,,,,2,,,,,,,,,2,2,,,,,,,,2,,,,,,6,1,1,,,,,,,,,,,,,,1,,2,1,,1,,1,3,1,1,1,2,,1,1,,1,1,2,,1,1,1,2,2,2,2,2,,,,,,,,,,1,2,,,,,,,,,,,,,,
2024,"Egypt, Arab Rep.",EGY,Middle East & North Africa (excluding high income),77385958,194885545,1.026848664,1,36,1,1,2,1,1,0,1,0,1,0,4,4,4,4,0,4,2,0,2,2,2,3,3,2,1,2,2,2,,,,,,,,,,,,,,,,,,,,,,,,,2,,2,,,,2,2,2,,2,,1,,1,2,2,,,,2,2,5,2,,,,2,2,,4,2,2,,2,,1,2,2,2,,,,,2,,,,,,,,,2,2,,,,,,,,2,,,,,,3,0,1,,,,,,,,,,,,,,2,2,1,1,,2,,,2,2,,2,2,,2,2,2,,,,,,,,,,,,,1,2,2,1,2,2,2,1,1,1,2,,,,,,,,,,,,,,
2024,"Egypt, Arab Rep.",EGY,Middle East & North Africa (excluding high income),77385958,195181605,1.728268926,2,26,3,5,1,2,1,0,1,1,0,1,4,4,4,4,0,2,3,0,1,1,2,2,2,,1,1,2,2,,,,,,,,,,,,,,,,,,,,,,,,,1,,2,2,2,2,,2,2,,2,,2,,2,2,2,,,2,2,2,1,2,,,,2,2,,1,2,2,,2,,2,,2,1,2,2,,1,2,,,,,,,,,2,2,,,,,,,,2,,,,,,4,1,1,,,,,,,,,,,,,,1,,1,1,,1,,1,1,1,1,2,2,,2,1,,1,2,,1,1,1,1,1,2,2,2,2,,,,,,,,,,1,2,,,,,,,,,,,,,,
2024,"Egypt, Arab Rep.",EGY,Middle East & North Africa (excluding high income),77385958,195288590,1.201354612,2,20,2,2,1,1,0,0,0,0,0,0,2,4,4,4,0,4,3,0,2,,,,,,,,,,2,2,1,2,2,2,1,2,2,,,,,,,,,,,,,,,,2,,2,,,,2,2,2,,2,,2,,2,2,2,,,2,7,,1,2,,,,,,,,,,,2,,2,,2,2,,,,,1,2,2,2,1,,,,,2,2,,,,,,,,2,,,,,,4,1,1,,,,,,,,,,,,,,1,,2,1,,1,,1,2,1,1,2,2,,2,1,,1,1,1,,1,1,1,1,2,2,2,2,,,,,,,,,,1,2,,,,,,,,,,,,,,
2024,"Egypt, Arab Rep.",EGY,Middle East & North Africa (excluding high income),77385958,195309779,1.09268482,1,18,2,3,2,2,1,0,1,0,0,0,4,4,4,4,0,4,3,0,1,2,2,3,3,1,2,2,2,2,,,,,,,,,,,,,,,,,,,,,,,,,2,,2,,,,2,2,2,,2,,2,,2,2,2,,,2,7,,6,2,,,,2,2,,4,2,2,,2,,2,,2,2,,,,,2,,,,,,,,,2,2,,,,,,,,2,,,,,,6,0,2,2,2,2,2,1,2,2,5,2,,,,1,,,,,,,,,,,,,,,,2,2,,,,,,,,,,,,,,,,,,,,,,1,2,,,,,,,,,,,,,,
2024,"Egypt, Arab Rep.",EGY,Middle East & North Africa (excluding high income),77385958,195410270,0.320142631,2,40,2,1,2,2,0,0,0,0,1,0,2,4,4,4,0,2,3,0,2,,,,,,,,,,2,2,2,2,2,1,1,2,2,,,,,,,,,,,,,,,,2,,2,,,,2,2,2,,2,,1,,2,2,1,,,,7,,4,2,,,,,,,,,,,2,,2,,2,1,2,2,,1,1,2,2,2,1,,,,,2,2,,,,,,,,2,,,,,,4,0,1,,,,,,,,,,,,,,2,2,1,1,,2,,,1,2,,2,2,,2,2,2,,,,,,,,,,,,,2,2,2,2,2,2,2,2,,1,2,,,,,,,,,,,,,,
2024,"Egypt, Arab Rep.",EGY,Middle East & North Africa (excluding high income),77385958,195465602,1.077772536,1,27,3,5,2,1,0,0,0,0,1,0,4,4,4,4,0,4,3,0,2,,,,,,,,,,2,2,1,2,2,2,1,1,2,,,,,,,,,,,,,,,,2,,2,,,,2,2,2,,2,,1,,2,1,1,,,,2,2,2,2,,,,,,,,,,,2,,2,,2,2,,,,,2,,,,,,,,,2,2,,,,,,,,2,,,,,,3,1,1,,,,,,,,,,,,,,1,,1,1,,1,,1,2,1,1,2,2,,2,1,,1,1,3,,1,1,1,1,1,2,2,2,,,,,,,,,,1,2,,,,,,,,,,,,,,
2024,"Egypt, Arab Rep.",EGY,Middle East & North Africa (excluding high income),77385958,195587129,0.432061756,1,50,2,2,2,2,0,0,0,0,0,0,4,4,4,4,0,4,3,0,2,,,,,,,,,,2,2,2,2,2,2,1,2,2,,,,,,,,,,,,,,,,2,,2,,,,2,2,2,,2,,2,,2,2,2,,,2,7,,4,2,,,,,,,,,,,2,,2,,2,2,,,,,2,,,,,,,,,2,2,,,,,,,,2,,,,,,3,0,1,,,,,,,,,,,,,,2,2,1,1,,2,,,2,2,,2,2,,2,2,2,,,,,,,,,,,,,1,2,2,1,2,2,2,2,4,1,2,,,,,,,,,,,,,,
2024,"Egypt, Arab Rep.",EGY,Middle East & North Africa (excluding high income),77385958,195642216,2.331651366,2,42,1,2,1,2,0,0,0,0,1,0,4,4,4,2,0,2,3,0,2,,,,,,,,,,2,2,1,2,2,1,1,2,1,,,,,,,,,,,,,,,,2,,2,,,,2,2,2,,2,,1,,2,2,2,,,,2,1,1,2,,,,,,,,,,,2,,2,,2,1,2,2,,1,2,,,,,,,,,2,2,,,,,,,,1,2,2,1,,2,4,0,1,,,,,,,,,,,,,,2,2,1,1,,2,,,2,2,,2,2,,2,2,2,,,,,,,,,,,,,1,2,2,1,2,2,2,1,1,1,2,,,,,,,,,,,,,,
2024,"Egypt, Arab Rep.",EGY,Middle East & North Africa (excluding high income),77385958,195652334,1.197341498,2,19,2,5,2,2,0,0,0,0,1,1,2,4,4,4,0,4,3,0,2,,,,,,,,,,2,2,2,2,2,2,1,2,2,,,,,,,,,,,,,,,,2,1,2,3,2,2,,2,2,,2,2,1,,1,2,2,,,,3,2,4,2,,,,2,2,,2,2,2,,2,,2,,2,2,,,,,1,2,2,2,1,,,,,2,2,,,,,,,,2,,,,,,4,1,1,,,,,,,,,,,,,,1,,2,1,,1,,1,2,1,1,2,2,,2,1,,1,1,2,,1,1,1,2,2,2,2,2,,,,,,,,,,1,2,,,,,,,,,,,,,,
2024,"Egypt, Arab Rep.",EGY,Middle East & North Africa (excluding high income),77385958,195725272,2.820174589,2,27,3,4,1,1,1,1,1,1,0,1,2,4,4,4,0,4,1,1,1,2,2,4,2,,1,1,2,2,,,,,,,,,,,,,,,,,,,,,,,,,1,1,2,3,1,2,,2,2,,2,2,2,,2,2,2,,,2,1,3,4,2,,,,2,2,,1,2,2,,1,1,2,,2,2,,,,,1,2,2,2,1,,,,,2,2,,,,,,,,2,,,,,,3,1,1,,,,,,,,,,,,,,1,,1,1,,1,,1,1,1,1,2,2,,2,1,,1,1,3,,1,1,1,1,1,2,1,1,,,,,,,,,,1,2,,,,,,,,,,,,,,
2024,"Egypt, Arab Rep.",EGY,Middle East & North Africa (excluding high income),77385958,196166817,1.545435509,1,43,1,4,1,2,1,0,1,0,1,0,4,1,4,4,0,2,2,1,1,2,1,2,2,,2,2,2,2,,,,,,,,,,,,,,,,,,,,,,,,,2,,2,,,,2,2,2,,2,,1,,1,2,1,,,,1,1,2,2,,,,2,2,,4,2,2,,2,,1,2,1,1,2,2,,1,2,,,,,,,,,1,2,1,2,,,1,2,,2,,,,,,3,1,1,,,,,,,,,,,,,,1,,2,1,,1,,1,1,1,2,1,2,,2,1,,1,1,3,,1,1,1,1,1,2,1,2,,,,,,,,,,1,2,,,,,,,,,,,,,,
2024,"Egypt, Arab Rep.",EGY,Middle East & North Africa (excluding high income),77385958,196219031,0.598670749,2,16,2,5,2,2,0,1,1,1,0,0,4,4,4,4,0,2,3,1,2,,,,,,,,,,2,2,1,2,2,2,1,2,2,,,,,,,,,,,,,,,,2,2,2,,,,2,2,2,,2,2,2,,2,2,2,,,2,2,2,6,2,,,,2,2,,4,2,2,,2,,2,,2,1,2,2,,1,2,,,,,,,,,2,2,,,,,,,,2,,,,,,3,1,1,,,,,,,,,,,,,,1,,1,1,,1,,1,2,1,1,2,2,,1,1,,1,1,1,,1,1,1,1,1,2,2,1,,,,,,,,,,1,2,,,,,,,,,,,,,,
2024,"Egypt, Arab Rep.",EGY,Middle East & North Africa (excluding high income),77385958,196231193,0.485252708,1,64,1,5,1,2,1,0,1,0,0,0,4,4,4,4,0,1,3,1,2,,,,,,,,,,,,,,,,,,,,,,,,,,,,,,,,,,2,,2,,,,2,2,2,,2,,2,,2,2,2,,,2,2,2,2,2,,,,,,,,,,,2,,2,,2,1,1,2,1,,2,,,,,,,,,2,2,,,,,,,,2,,,,,,1,0,1,,,,,,,,,,,,,,2,2,1,1,,2,,,4,2,,2,2,,2,2,2,,,,,,,,,,,,,1,2,2,2,2,2,2,1,8,1,2,,,,,,,,,,,,,,
2024,"Egypt, Arab Rep.",EGY,Middle East & North Africa (excluding high income),77385958,196248878,0.685940794,1,42,3,5,2,2,0,0,0,0,0,0,4,4,4,4,0,4,3,0,2,,,,,,,,,,2,2,1,2,3,2,1,2,3,,,,,,,,,,,,,,,,2,,2,,,,2,2,2,,2,,2,,2,2,2,,,2,2,2,2,2,,,,,,,,,,,2,,2,,2,2,,,,,2,,,,,,,,,2,2,,,,,,,,2,,,,,,4,0,1,,,,,,,,,,,,,,2,2,1,1,,2,,,2,1,1,2,2,,2,2,2,,,,,,,,,,,,,2,2,2,1,2,2,2,1,8,1,2,,,,,,,,,,,,,,
2024,"Egypt, Arab Rep.",EGY,Middle East & North Africa (excluding high income),77385958,196362729,0.671279874,2,33,2,4,1,2,0,0,0,0,0,0,4,4,4,4,0,2,3,0,2,,,,,,,,,,2,2,1,2,2,2,1,2,2,,,,,,,,,,,,,,,,2,,2,,,,2,2,2,,2,,2,,2,2,2,,,2,7,,4,2,,,,,,,,,,,2,,2,,2,1,2,2,,1,2,,,,,,,,,2,2,,,,,,,,2,,,,,,4,0,1,,,,,,,,,,,,,,2,2,1,1,,2,,,1,2,,2,2,,2,2,2,,,,,,,,,,,,,1,2,2,2,2,2,2,2,1,1,2,,,,,,,,,,,,,,
2024,"Egypt, Arab Rep.",EGY,Middle East & North Africa (excluding high income),77385958,196694368,1.138947038,2,17,2,2,1,2,0,0,0,0,1,0,2,4,4,4,0,2,3,0,2,,,,,,,,,,2,2,2,2,2,2,1,2,2,,,,,,,,,,,,,,,,2,,2,,,,2,2,2,,2,,2,,2,2,1,,,2,2,2,3,2,,,,,,,,,,,2,,2,,2,1,2,2,,1,1,2,2,2,1,,,,,2,2,,,,,,,,2,,,,,,4,0,1,,,,,,,,,,,,,,2,2,1,1,,2,,,1,2,,2,2,,2,2,2,,,,,,,,,,,,,1,2,2,2,2,2,2,1,1,1,2,,,,,,,,,,,,,,
2024,"Egypt, Arab Rep.",EGY,Middle East & North Africa (excluding high income),77385958,196696370,0.425824342,1,39,2,4,2,2,1,1,1,1,0,0,4,1,4,4,0,4,1,1,1,1,1,2,2,,2,1,1,2,,,,,,,,,,,,,,,,,,,,,,,,,2,2,2,,,,2,2,2,,2,2,2,,2,2,2,,,2,2,2,1,2,,,,2,2,,4,2,2,,2,,1,1,2,2,,,,,2,,,,,,,,,1,2,1,2,,,1,2,,2,,,,,,4,1,1,,,,,,,,,,,,,,1,,2,1,,1,,1,1,1,1,2,2,,2,1,,1,1,3,,1,1,1,1,2,2,2,2,,,,,,,,,,1,2,,,,,,,,,,,,,,
2024,"Egypt, Arab Rep.",EGY,Middle East & North Africa (excluding high income),77385958,196732483,1.873318304,1,30,1,1,2,2,0,0,0,0,1,0,4,4,4,4,0,4,2,0,2,,,,,,,,,,2,2,1,2,1,2,1,2,2,,,,,,,,,,,,,,,,2,,2,,,,2,2,2,,2,,1,,2,2,2,,,,7,,3,2,,,,,,,,,,,2,,1,2,2,2,,,,,2,,,,,,,,,2,2,,,,,,,,2,,,,,,4,0,1,,,,,,,,,,,,,,2,2,2,1,,1,,2,2,2,,2,2,,2,2,2,,,,,,,,,,,,,1,1,2,1,2,2,2,1,8,1,2,,,,,,,,,,,,,,
2024,"Egypt, Arab Rep.",EGY,Middle East & North Africa (excluding high income),77385958,196755036,0.486840768,2,39,2,3,1,2,0,0,0,0,1,1,2,4,4,4,0,2,3,0,2,,,,,,,,,,2,2,2,2,2,2,1,2,2,,,,,,,,,,,,,,,,2,,1,,,,,2,2,,2,,1,1,1,2,2,,,,5,1,2,2,,,,,,,,,,,2,,2,,2,1,2,2,,1,1,2,2,2,1,,,,,2,2,,,,,,,,2,,,,,,4,1,1,,,,,,,,,,,,,,1,,1,1,,1,,1,3,1,1,2,2,,1,1,,1,2,,1,1,1,1,1,2,2,1,1,,,,,,,,,,1,2,,,,,,,,,,,,,,
2024,"Egypt, Arab Rep.",EGY,Middle East & North Africa (excluding high income),77385958,196787448,1.76289927,2,19,2,2,2,1,0,0,0,0,0,0,2,4,4,4,0,4,3,0,2,,,,,,,,,,2,2,2,2,2,2,1,2,2,,,,,,,,,,,,,,,,2,,2,,,,2,2,2,,2,,2,,2,2,2,,,2,7,,1,2,,,,,,,,,,,2,,2,,2,2,,,,,1,2,2,2,1,,,,,2,2,,,,,,,,2,,,,,,3,1,1,,,,,,,,,,,,,,1,,1,1,,1,,1,4,1,1,2,2,,2,1,,1,1,3,,1,1,1,2,2,2,2,2,,,,,,,,,,1,2,,,,,,,,,,,,,,
2024,"Egypt, Arab Rep.",EGY,Middle East & North Africa (excluding high income),77385958,196905052,0.58714744,1,29,2,1,2,1,0,0,0,0,1,0,4,4,4,4,0,2,3,0,2,,,,,,,,,,2,2,1,2,2,2,1,2,2,,,,,,,,,,,,,,,,2,,2,,,,2,2,2,,1,,1,,1,2,1,,,,4,2,1,2,,,,,,,,,,,2,,2,,2,1,2,2,,1,2,,,,,,,,,2,2,,,,,,,,2,,,,,,3,1,1,,,,,,,,,,,,,,1,,2,1,,1,,1,1,2,,2,2,,2,1,,2,2,,2,2,1,1,1,2,2,2,2,,,,,,,,,,1,2,,,,,,,,,,,,,,
2024,"Egypt, Arab Rep.",EGY,Middle East & North Africa (excluding high income),77385958,196987473,0.517848042,2,17,2,4,1,1,0,0,0,0,1,0,2,4,4,4,0,4,3,0,2,,,,,,,,,,2,2,2,2,2,2,1,2,1,,,,,,,,,,,,,,,,2,,2,,,,2,2,2,,2,,2,,2,2,1,,,2,2,2,1,1,1,1,,,,,,,,,2,,2,,2,2,,,,,1,2,2,2,1,,,,,2,2,,,,,,,,2,,,,,,3,1,1,,,,,,,,,,,,,,1,,2,1,,1,,1,1,1,1,2,2,,1,1,,1,1,3,,1,1,1,2,2,2,2,2,,,,,,,,,,2,,2,1,1,1,2,2,2,2,2,2,2,2,,
2024,"Egypt, Arab Rep.",EGY,Middle East & North Africa (excluding high income),77385958,197165883,0.495354332,2,58,2,4,1,1,1,0,1,1,0,0,1,4,4,4,0,2,3,1,1,1,1,2,2,,2,1,2,2,,,,,,,,,,,,,,,,,,,,,,,,,2,,2,,,,2,2,2,,2,,2,,2,2,2,,,2,4,2,1,2,,,,2,2,,1,2,2,,2,,2,,2,1,2,2,,1,1,1,1,2,,,2,1,,2,2,,,,,,,,2,,,,,,3,1,1,,,,,,,,,,,,,,1,,1,1,,1,,1,4,1,1,2,2,,2,1,,1,1,3,,1,1,1,1,2,2,1,2,,,,,,,,,,1,2,,,,,,,,,,,,,,
2024,"Egypt, Arab Rep.",EGY,Middle East & North Africa (excluding high income),77385958,197215499,0.318808471,2,57,2,5,1,2,1,0,1,1,1,0,1,4,4,2,0,2,3,1,1,1,1,2,2,,1,1,1,1,,,,,,,,,,,,,,,,,,,,,,,,,2,,2,,,,2,2,2,,2,,2,,2,2,2,1,1,,2,2,4,2,,,,2,2,,4,2,2,,2,,2,,2,1,2,2,,1,1,1,1,2,,,2,1,,2,2,,,,,,,,1,2,2,1,,2,6,0,1,,,,,,,,,,,,,,1,,1,1,,1,,1,1,2,,2,1,2,2,2,2,,,,,2,2,2,2,2,2,2,2,,,,,,,,,,1,2,,,,,,,,,,,,,,
2024,"Egypt, Arab Rep.",EGY,Middle East & North Africa (excluding high income),77385958,197428729,0.610425167,2,34,2,5,1,1,1,0,1,0,1,0,4,4,4,4,0,2,3,0,2,2,2,4,4,2,2,2,2,2,,,,,,,,,,,,,,,,,,,,,,,,,2,2,2,,,,2,2,2,,2,2,1,,2,1,2,,,,5,2,4,2,,,,2,2,,1,2,2,,2,,2,,2,1,2,2,,1,2,,,,,,,,,2,2,,,,,,,,2,,,,,,4,1,1,,,,,,,,,,,,,,1,,1,1,,1,,2,4,1,1,2,2,,2,1,,1,1,3,,2,1,1,1,2,2,2,2,,,,,,,,,,1,2,,,,,,,,,,,,,,
2024,"Egypt, Arab Rep.",EGY,Middle East & North Africa (excluding high income),77385958,197431448,1.806788896,1,32,1,1,2,1,0,0,0,0,0,0,4,4,4,4,0,4,3,0,2,,,,,,,,,,2,2,2,2,1,2,1,2,2,,,,,,,,,,,,,,,,2,,2,,,,2,2,2,,2,,2,,2,2,2,,,2,7,,1,2,,,,,,,,,,,2,,2,,2,2,,,,,2,,,,,,,,,2,2,,,,,,,,2,,,,,,4,0,1,,,,,,,,,,,,,,1,,1,1,,1,,1,4,1,1,2,2,,2,2,2,,,,,2,2,2,2,2,2,2,2,,,,,,,,,,1,2,,,,,,,,,,,,,,
2024,"Egypt, Arab Rep.",EGY,Middle East & North Africa (excluding high income),77385958,197432465,0.69597279,1,50,1,2,1,2,0,0,0,0,1,1,4,4,4,4,0,2,3,0,2,,,,,,,,,,2,2,2,2,2,2,1,1,2,,,,,,,,,,,,,,,,2,,1,,,,,2,2,,1,,1,1,2,1,1,,,,4,2,1,2,,,,,,,,,,,2,,2,,1,1,2,2,,1,2,,,,,,,,,2,2,,,,,,,,2,,,,,,4,1,1,,,,,,,,,,,,,,1,,1,1,,2,,,2,1,2,2,2,,2,1,,1,1,3,,2,2,1,2,2,2,2,2,,,,,,,,,,1,2,,,,,,,,,,,,,,
2024,"Egypt, Arab Rep.",EGY,Middle East & North Africa (excluding high income),77385958,197921114,0.300959026,2,40,2,4,1,2,0,0,0,0,1,0,2,4,4,4,0,2,3,0,2,,,,,,,,,,2,2,2,2,2,2,2,2,2,,,,,,,,,,,,,,,,2,,2,,,,2,2,2,,2,,1,,2,2,2,,,,7,,4,2,,,,,,,,,,,2,,2,,2,1,2,2,,1,1,2,2,2,1,,,,,2,2,,,,,,,,2,,,,,,4,1,1,,,,,,,,,,,,,,1,,1,1,,1,,1,3,1,1,2,2,,1,1,,1,1,3,,1,1,1,1,2,2,1,2,,,,,,,,,,1,2,,,,,,,,,,,,,,
2024,"Egypt, Arab Rep.",EGY,Middle East & North Africa (excluding high income),77385958,198219585,0.998012558,2,52,1,5,1,1,1,0,1,1,0,0,1,4,4,2,0,2,3,1,1,1,1,2,2,,2,1,1,2,,,,,,,,,,,,,,,,,,,,,,,,,2,,2,,,,2,2,2,,2,,2,,2,2,2,,,2,5,3,4,2,,,,2,2,,4,2,2,,2,,2,,2,1,2,2,,1,1,1,1,2,,,2,1,,2,2,,,,,,,,1,2,2,1,,2,1,1,1,,,,,,,,,,,,,,1,,1,1,,1,,1,1,1,1,2,2,,2,1,,1,1,3,,1,1,1,1,2,2,2,2,,,,,,,,,,1,2,,,,,,,,,,,,,,
2024,"Egypt, Arab Rep.",EGY,Middle East & North Africa (excluding high income),77385958,198250755,0.494759552,1,24,2,3,1,2,0,0,0,0,1,1,2,4,4,4,0,4,2,0,2,,,,,,,,,,2,1,1,2,2,2,1,2,2,,,,,,,,,,,,,,,,1,,2,3,2,2,,2,2,,2,,1,,1,2,1,,,,7,,1,1,2,1,,,,,,,,,1,2,2,,2,2,,,,,1,2,2,2,1,,,,,2,2,,,,,,,,2,,,,,,3,1,1,,,,,,,,,,,,,,1,,2,1,,1,,1,2,1,1,2,2,,2,1,,1,1,2,,1,1,1,2,2,2,2,2,,,,,,,,,,1,2,,,,,,,,,,,,,,
2024,"Egypt, Arab Rep.",EGY,Middle East & North Africa (excluding high income),77385958,198289413,0.272460023,2,58,2,5,1,1,1,0,1,0,0,1,4,4,1,2,0,4,3,1,1,2,1,3,2,,1,1,2,2,,,,,,,,,,,,,,,,,,,,,,,,,1,,2,2,2,1,,2,2,,2,,2,,2,2,2,,,2,2,2,1,2,,,,2,2,,4,2,2,,2,,2,,2,2,,,,,2,,,,,,,,,2,1,1,2,,,2,2,,1,2,2,1,,2,4,1,1,,,,,,,,,,,,,,1,,1,1,,1,,1,4,1,1,2,2,,2,1,,1,1,3,,1,1,1,1,2,2,2,2,,,,,,,,,,1,2,,,,,,,,,,,,,,
2024,"Egypt, Arab Rep.",EGY,Middle East & North Africa (excluding high income),77385958,198347471,0.872813331,1,22,2,1,2,2,0,0,0,0,1,0,2,4,4,4,0,4,2,0,2,,,,,,,,,,2,2,1,2,2,2,1,2,2,,,,,,,,,,,,,,,,2,,2,,,,2,2,2,,2,,1,,1,2,1,,,,7,,4,2,,,,,,,,,,,2,,1,2,2,2,,,,,1,2,2,2,1,,,,,2,2,,,,,,,,2,,,,,,4,1,1,,,,,,,,,,,,,,1,,2,1,,1,,1,1,1,1,2,2,,2,1,,1,1,1,,1,1,1,2,2,2,2,2,,,,,,,,,,1,2,,,,,,,,,,,,,,
2024,"Egypt, Arab Rep.",EGY,Middle East & North Africa (excluding high income),77385958,198471116,0.485143962,2,39,1,1,1,2,0,0,0,0,1,0,4,4,4,4,0,2,3,0,2,,,,,,,,,,2,2,1,2,2,2,1,2,2,,,,,,,,,,,,,,,,2,,2,,,,2,2,2,,2,,1,,2,2,1,,,,2,3,1,2,,,,,,,,,,,2,,2,,2,1,2,2,,1,2,,,,,,,,,2,2,,,,,,,,2,,,,,,4,1,1,,,,,,,,,,,,,,1,,1,1,,2,,,2,2,,2,2,,2,2,1,2,2,,1,2,2,1,2,2,2,2,2,,,,,,,,,,1,2,,,,,,,,,,,,,,
2024,"Egypt, Arab Rep.",EGY,Middle East & North Africa (excluding high income),77385958,198535315,1.428293533,1,32,3,5,2,2,0,0,0,0,0,0,4,4,4,4,0,4,3,0,2,,,,,,,,,,2,2,1,2,1,2,1,2,2,,,,,,,,,,,,,,,,2,,2,,,,2,2,2,,2,,2,,2,2,2,,,2,2,2,1,2,,,,,,,,,,,2,,2,,2,2,,,,,2,,,,,,,,,2,2,,,,,,,,2,,,,,,4,1,1,,,,,,,,,,,,,,1,,1,1,,1,,1,1,1,1,2,2,,2,1,,1,2,,1,1,1,1,1,2,2,2,2,,,,,,,,,,1,2,,,,,,,,,,,,,,
2024,"Egypt, Arab Rep.",EGY,Middle East & North Africa (excluding high income),77385958,198607904,0.835867086,2,40,3,5,1,2,1,1,1,1,1,1,4,4,4,1,1,1,1,1,1,1,2,1,1,,1,2,2,1,,,,,,,,,,,,,,,,,,,,,,,,,1,1,1,1,1,1,,1,2,,2,2,2,2,2,2,2,1,1,,1,3,1,2,,,,1,1,1,,1,1,3,1,1,1,1,1,1,1,1,,,2,,,,,,,,,2,2,,,,,,,,1,1,1,,,1,2,1,1,,,,,,,,,,,,,,1,,1,1,,1,,1,1,1,1,2,2,,2,1,,1,1,2,,1,1,1,1,1,1,2,2,,,,,,,,,,1,2,,,,,,,,,,,,,,
2024,"Egypt, Arab Rep.",EGY,Middle East & North Africa (excluding high income),77385958,198845731,0.396003327,1,50,1,2,2,2,1,0,1,0,1,0,4,1,4,4,0,4,3,1,1,2,1,2,2,,2,2,2,2,,,,,,,,,,,,,,,,,,,,,,,,,2,,2,,,,2,2,2,,2,,2,,2,2,1,,,2,7,,1,2,,,,2,2,,1,2,2,,2,,2,,2,2,,,,,2,,,,,,,,,1,2,1,2,,,1,2,,2,,,,,,4,0,1,,,,,,,,,,,,,,2,2,2,1,,2,,,2,2,,2,2,,2,2,2,,,,,,,,,,,,,1,2,2,1,2,2,2,2,4,1,2,,,,,,,,,,,,,,
2024,"Egypt, Arab Rep.",EGY,Middle East & North Africa (excluding high income),77385958,198858875,1.245006854,2,40,3,3,1,2,1,1,1,1,1,1,1,4,1,4,0,2,3,1,1,1,1,4,2,,2,1,2,2,,,,,,,,,,,,,,,,,,,,,,,,,2,1,2,5,2,2,,2,2,,2,2,1,,2,1,1,,,,3,2,3,2,,,,4,2,,4,2,2,,2,,2,,2,1,2,2,,1,1,1,1,2,,,2,1,,2,1,1,2,,,1,2,,2,,,,,,4,1,1,,,,,,,,,,,,,,1,,1,1,,1,,1,1,1,1,2,2,,1,1,,1,1,1,,1,1,1,1,1,2,1,2,,,,,,,,,,1,2,,,,,,,,,,,,,,
2024,"Egypt, Arab Rep.",EGY,Middle East & North Africa (excluding high income),77385958,198999438,0.606838258,1,39,3,4,1,2,1,1,1,1,0,1,1,4,4,4,1,2,3,1,1,1,1,2,2,,2,1,1,2,,,,,,,,,,,,,,,,,,,,,,,,,1,1,1,3,1,2,,2,2,,2,2,2,2,2,2,2,,,2,1,3,1,2,,,,1,1,2,,2,1,2,2,,2,,2,1,2,2,,1,1,1,1,2,,,2,2,,2,2,,,,,,,,2,,,,,,3,1,1,,,,,,,,,,,,,,1,,1,1,,1,,1,4,1,1,2,2,,2,1,,1,1,3,,1,1,1,2,1,2,2,2,,,,,,,,,,1,2,,,,,,,,,,,,,,
2024,"Egypt, Arab Rep.",EGY,Middle East & North Africa (excluding high income),77385958,199076205,0.719155569,1,35,3,2,2,1,0,0,0,0,0,0,4,4,4,4,0,4,3,0,2,,,,,,,,,,2,2,2,2,2,2,1,2,2,,,,,,,,,,,,,,,,2,,2,,,,2,2,2,,2,,2,,2,2,2,,,2,2,2,1,2,,,,,,,,,,,2,,2,,2,2,,,,,2,,,,,,,,,2,2,,,,,,,,2,,,,,,4,1,1,,,,,,,,,,,,,,1,,1,1,,1,,1,2,1,1,2,2,,2,1,,1,1,2,,1,1,1,2,2,2,2,2,,,,,,,,,,1,2,,,,,,,,,,,,,,
2024,"Egypt, Arab Rep.",EGY,Middle East & North Africa (excluding high income),77385958,199092843,0.919374627,2,17,2,5,2,2,0,0,0,0,0,0,4,4,4,4,0,4,3,0,2,,,,,,,,,,2,2,2,2,2,2,1,2,2,,,,,,,,,,,,,,,,2,,2,,,,2,2,2,,2,,2,,2,2,2,,,2,2,2,3,2,,,,,,,,,,,2,,2,,2,2,,,,,2,,,,,,,,,2,2,,,,,,,,2,,,,,,3,1,1,,,,,,,,,,,,,,1,,2,1,,1,,1,4,1,1,1,2,,2,1,,1,1,2,,1,1,1,1,1,2,2,2,,,,,,,,,,1,2,,,,,,,,,,,,,,
2024,"Egypt, Arab Rep.",EGY,Middle East & North Africa (excluding high income),77385958,199295234,0.776772062,2,23,2,5,1,1,0,0,0,0,1,0,2,4,4,4,0,4,2,0,2,,,,,,,,,,2,2,1,2,2,2,1,1,2,,,,,,,,,,,,,,,,2,,2,,,,2,2,2,,2,,1,,2,2,1,,,,4,2,1,2,,,,,,,,,,,2,,1,2,2,2,,,,,1,2,2,2,1,,,,,2,2,,,,,,,,2,,,,,,4,1,1,,,,,,,,,,,,,,1,,2,1,,1,,1,1,1,1,2,2,,2,1,,1,1,3,,1,1,1,1,2,2,2,2,,,,,,,,,,1,2,,,,,,,,,,,,,,
2024,"Egypt, Arab Rep.",EGY,Middle East & North Africa (excluding high income),77385958,199731788,0.5337704,1,32,2,4,2,1,0,0,0,0,1,0,4,4,4,4,0,2,3,0,2,,,,,,,,,,2,2,1,2,2,2,2,2,2,,,,,,,,,,,,,,,,2,,2,,,,2,2,2,,2,,2,,2,2,1,,,2,7,,1,2,,,,,,,,,,,2,,2,,2,1,2,2,,1,2,,,,,,,,,2,2,,,,,,,,2,,,,,,4,1,1,,,,,,,,,,,,,,1,,2,1,,1,,1,4,2,,2,2,,2,1,,1,2,,1,1,1,1,1,1,2,2,2,,,,,,,,,,1,2,,,,,,,,,,,,,,
2024,"Egypt, Arab Rep.",EGY,Middle East & North Africa (excluding high income),77385958,199775667,0.502365317,2,41,2,3,1,1,1,0,1,1,1,0,1,4,4,4,0,2,3,1,1,1,1,2,2,,2,1,1,1,,,,,,,,,,,,,,,,,,,,,,,,,2,,2,,,,2,2,2,,2,,2,,2,2,2,1,1,,2,2,3,2,,,,2,2,,4,2,2,,2,,2,,2,1,2,2,,1,1,1,1,2,,,2,1,,2,2,,,,,,,,2,,,,,,3,0,1,,,,,,,,,,,,,,2,2,2,1,,1,,1,4,2,,2,2,,2,2,2,,,,,,,,,,,,,1,1,2,2,2,2,2,2,2,1,2,,,,,,,,,,,,,,
2024,"Egypt, Arab Rep.",EGY,Middle East & North Africa (excluding high income),77385958,199881346,0.481079833,2,59,2,4,2,2,0,0,0,0,1,0,4,4,4,4,0,2,3,0,2,,,,,,,,,,2,2,2,2,2,2,1,1,2,,,,,,,,,,,,,,,,2,,2,,,,2,2,2,,2,,1,,1,2,1,,,,2,1,4,2,,,,,,,,,,,2,,2,,2,1,2,2,,1,2,,,,,,,,,2,2,,,,,,,,2,,,,,,3,1,1,,,,,,,,,,,,,,1,,1,1,,1,,1,2,1,2,2,2,,2,1,,1,1,3,,2,1,1,1,2,2,2,2,,,,,,,,,,1,2,,,,,,,,,,,,,,
2024,"Egypt, Arab Rep.",EGY,Middle East & North Africa (excluding high income),77385958,199896833,0.287113581,1,35,2,4,2,1,0,0,0,0,1,0,4,4,4,4,0,2,3,0,2,,,,,,,,,,2,2,2,2,2,2,1,2,2,,,,,,,,,,,,,,,,2,,2,,,,2,2,2,,2,,1,,1,2,1,,,,2,2,4,2,,,,,,,,,,,2,,2,,2,1,2,2,,1,2,,,,,,,,,2,2,,,,,,,,2,,,,,,4,1,1,,,,,,,,,,,,,,1,,2,1,,1,,1,4,1,1,1,1,2,2,1,,2,1,2,,1,1,1,2,1,2,2,2,,,,,,,,,,1,2,,,,,,,,,,,,,,
2024,"Egypt, Arab Rep.",EGY,Middle East & North Africa (excluding high income),77385958,199947528,0.330236221,2,58,2,5,1,2,1,1,1,1,0,1,4,1,4,4,0,2,3,1,1,1,1,2,2,,2,1,2,2,,,,,,,,,,,,,,,,,,,,,,,,,2,2,1,,,,,2,2,,2,2,2,2,2,2,2,,,2,2,1,2,2,,,,2,2,,4,2,2,,2,,2,,2,1,2,2,,1,2,,,,,,,,,1,2,1,2,,,1,2,,2,,,,,,1,1,1,,,,,,,,,,,,,,1,,1,1,,1,,1,1,1,1,2,2,,2,1,,1,1,2,,1,1,1,1,2,2,2,2,,,,,,,,,,1,2,,,,,,,,,,,,,,
2024,"Egypt, Arab Rep.",EGY,Middle East & North Africa (excluding high income),77385958,200148240,0.496154922,1,33,2,2,1,2,0,0,0,0,1,0,4,4,4,4,0,4,3,0,2,,,,,,,,,,2,2,1,2,2,2,1,2,2,,,,,,,,,,,,,,,,2,,2,,,,2,2,2,,1,,1,,1,2,1,,,,7,,1,2,,,,,,,,,,,2,,2,,2,2,,,,,2,,,,,,,,,2,2,,,,,,,,2,,,,,,3,0,1,,,,,,,,,,,,,,2,2,1,1,,1,,2,1,2,,2,2,,2,2,2,,,,,,,,,,,,,1,1,2,2,2,2,2,2,1,1,2,,,,,,,,,,,,,,
2024,"Egypt, Arab Rep.",EGY,Middle East & North Africa (excluding high income),77385958,200230018,1.838201629,1,22,3,4,2,1,1,0,1,1,1,1,4,4,4,4,1,4,3,1,1,1,2,3,3,1,1,2,2,1,,,,,,,,,,,,,,,,,,,,,,,,,1,,2,3,1,2,,2,2,,2,,2,,2,2,2,1,1,,1,3,1,2,,,,2,1,3,,2,2,,2,,2,,2,2,,,,,2,,,,,,,,,2,2,,,,,,,,2,,,,,,1,1,1,,,,,,,,,,,,,,1,,1,1,,1,,1,4,1,1,1,2,,2,2,1,1,1,3,,1,1,1,1,1,2,2,2,,,,,,,,,,1,2,,,,,,,,,,,,,,
2024,"Egypt, Arab Rep.",EGY,Middle East & North Africa (excluding high income),77385958,200463096,1.197341498,2,16,2,5,1,1,0,1,1,1,1,0,2,4,4,4,0,2,1,1,2,,,,,,,,,,2,2,1,2,2,2,1,2,1,,,,,,,,,,,,,,,,2,2,2,,,,2,2,2,,2,2,1,,2,2,2,,,,2,1,1,2,,,,2,2,,4,2,2,,1,1,1,1,1,1,2,2,,1,1,2,2,2,1,,,,,2,2,,,,,,,,2,,,,,,5,1,1,,,,,,,,,,,,,,1,,1,1,,1,,1,1,1,1,2,1,2,2,1,,1,1,3,,1,1,1,1,1,2,2,2,,,,,,,,,,1,2,,,,,,,,,,,,,,
2024,"Egypt, Arab Rep.",EGY,Middle East & North Africa (excluding high income),77385958,200667941,1.074767667,2,35,1,3,1,1,1,0,1,1,1,0,2,1,4,4,0,4,3,1,1,1,1,2,2,,2,1,2,2,,,,,,,,,,,,,,,,,,,,,,,,,2,,2,,,,2,2,2,,2,,1,,1,2,1,,,,7,,2,2,,,,2,2,,4,2,2,,2,,2,,2,2,,,,,1,2,2,2,1,,,,,1,2,1,2,,,1,2,,2,,,,,,4,0,2,1,1,2,2,2,2,1,1,1,2,2,2,,,,,,,,,,,,,,,,,2,2,,,,,,,,,,,,,,,,,,,,,,1,2,,,,,,,,,,,,,,
2024,"Egypt, Arab Rep.",EGY,Middle East & North Africa (excluding high income),77385958,200759656,0.504473757,1,33,2,2,2,1,1,0,1,1,1,1,4,1,4,4,0,4,2,1,1,1,1,2,2,,2,1,1,2,,,,,,,,,,,,,,,,,,,,,,,,,2,,1,,,,,2,2,,1,,1,1,2,2,1,,,,2,2,1,2,,,,2,2,,4,2,2,,2,,1,2,1,2,,,,,2,,,,,,,,,1,2,1,2,,,1,2,,2,,,,,,3,1,1,,,,,,,,,,,,,,1,,1,1,,1,,1,1,1,1,2,2,,1,1,,1,1,3,,1,1,1,1,1,2,1,2,,,,,,,,,,1,2,,,,,,,,,,,,,,
2024,"Egypt, Arab Rep.",EGY,Middle East & North Africa (excluding high income),77385958,200983963,0.261402467,2,48,2,4,1,2,0,0,0,0,0,0,2,4,4,4,0,4,3,0,2,,,,,,,,,,2,2,2,2,2,2,2,2,2,,,,,,,,,,,,,,,,2,2,2,,,,2,2,2,,2,2,2,,2,2,2,,,2,7,,4,2,,,,2,2,,4,2,2,,2,,2,,2,2,,,,,1,2,2,2,1,,,,,2,2,,,,,,,,2,,,,,,3,1,1,,,,,,,,,,,,,,1,,1,1,,1,,1,2,2,,2,2,,2,2,1,1,1,1,,1,1,1,2,2,2,2,2,,,,,,,,,,1,2,,,,,,,,,,,,,,
2024,"Egypt, Arab Rep.",EGY,Middle East & North Africa (excluding high income),77385958,201050090,1.187599779,1,59,1,5,2,2,1,1,1,1,1,1,4,1,4,4,0,2,1,1,1,2,1,2,2,,2,1,2,2,,,,,,,,,,,,,,,,,,,,,,,,,2,1,2,2,2,2,,2,2,,2,2,1,,1,2,2,,,,2,2,1,2,,,,2,2,,1,2,2,,1,1,1,2,2,1,2,2,,1,2,,,,,,,,,1,2,1,2,,,1,2,,2,,,,,,4,0,1,,,,,,,,,,,,,,2,2,1,1,,2,,,2,2,,2,2,,2,2,2,,,,,,,,,,,,,1,1,2,1,2,2,2,2,1,1,2,,,,,,,,,,,,,,
2024,"Egypt, Arab Rep.",EGY,Middle East & North Africa (excluding high income),77385958,201054604,0.485252708,1,62,1,4,2,2,1,0,1,1,1,0,4,4,4,4,0,2,3,1,1,1,1,2,2,,2,2,2,1,,,,,,,,,,,,,,,,,,,,,,,,,2,,2,,,,2,2,2,,1,,2,,2,2,2,1,1,,4,2,2,2,,,,2,2,,1,2,2,,2,,2,,2,1,2,2,,1,2,,,,,,,,,2,2,,,,,,,,2,,,,,,4,0,1,,,,,,,,,,,,,,2,2,2,1,,2,,,2,2,,2,2,,2,2,2,,,,,,,,,,,,,1,2,2,1,2,2,2,2,4,1,2,,,,,,,,,,,,,,
2024,"Egypt, Arab Rep.",EGY,Middle East & North Africa (excluding high income),77385958,201065732,2.006820705,2,26,1,2,1,2,0,0,0,0,1,0,2,4,4,4,0,4,3,0,2,,,,,,,,,,2,2,1,2,2,2,1,2,2,,,,,,,,,,,,,,,,2,,2,,,,2,2,2,,2,,1,,2,2,2,,,,2,2,1,2,,,,,,,,,,,2,,2,,2,2,,,,,1,2,2,2,1,,,,,2,2,,,,,,,,2,,,,,,2,1,1,,,,,,,,,,,,,,1,,1,1,,1,,1,2,1,1,2,2,,2,1,,1,1,2,,1,1,1,2,2,2,2,2,,,,,,,,,,1,2,,,,,,,,,,,,,,
2024,"Egypt, Arab Rep.",EGY,Middle East & North Africa (excluding high income),77385958,201231052,2.110891008,2,29,1,4,1,2,0,0,0,0,1,0,2,4,4,4,0,2,3,0,2,,,,,,,,,,2,2,1,2,2,2,1,2,2,,,,,,,,,,,,,,,,2,,2,,,,2,2,2,,2,,2,,2,2,1,,,2,2,1,4,2,,,,,,,,,,,2,,2,,2,1,2,2,,1,1,2,2,2,1,,,,,2,2,,,,,,,,2,,,,,,4,0,1,,,,,,,,,,,,,,1,,1,1,,2,,,2,2,,2,2,,2,2,2,,,,,2,2,2,2,2,2,2,2,,,,,,,,,,1,2,,,,,,,,,,,,,,
2024,"Egypt, Arab Rep.",EGY,Middle East & North Africa (excluding high income),77385958,201264353,0.583209084,1,33,2,5,2,2,0,0,0,0,0,0,4,4,4,4,0,4,3,0,2,,,,,,,,,,2,2,1,2,1,2,2,2,2,,,,,,,,,,,,,,,,2,,2,,,,2,2,2,,2,,2,,2,2,2,,,2,2,1,2,2,,,,,,,,,,,2,,2,,2,2,,,,,2,,,,,,,,,2,2,,,,,,,,2,,,,,,4,0,1,,,,,,,,,,,,,,2,2,2,1,,2,,,2,1,1,1,2,,2,2,2,,,,,,,,,,,,,1,8,8,2,2,2,2,2,1,1,2,,,,,,,,,,,,,,
2024,"Egypt, Arab Rep.",EGY,Middle East & North Africa (excluding high income),77385958,201268998,2.889474023,1,32,1,1,2,2,0,0,0,0,1,0,4,4,4,4,0,4,3,0,2,,,,,,,,,,2,2,2,2,1,2,1,2,1,,,,,,,,,,,,,,,,2,,2,,,,2,2,2,,2,,1,,1,2,1,,,,7,,4,2,,,,,,,,,,,2,,2,,2,2,,,,,2,,,,,,,,,2,2,,,,,,,,2,,,,,,4,1,1,,,,,,,,,,,,,,1,,2,1,,1,,1,4,1,1,2,2,,1,1,,1,2,,1,1,2,1,1,2,2,2,2,,,,,,,,,,1,1,,,,,,,,,,,,,,
2024,"Egypt, Arab Rep.",EGY,Middle East & North Africa (excluding high income),77385958,201339921,0.585163819,1,34,2,4,2,2,1,0,1,0,0,0,4,1,4,4,0,2,3,1,1,2,1,2,2,,2,2,2,2,,,,,,,,,,,,,,,,,,,,,,,,,2,,2,,,,2,2,2,,2,,2,,2,2,2,,,2,2,1,4,2,,,,2,2,,4,2,2,,2,,2,,2,1,2,2,,1,2,,,,,,,,,1,2,1,2,,,1,2,,2,,,,,,5,0,1,,,,,,,,,,,,,,2,2,1,1,,2,,,4,2,,2,2,,2,2,2,,,,,,,,,,,,,1,2,2,2,2,2,2,2,1,1,2,,,,,,,,,,,,,,
2024,"Egypt, Arab Rep.",EGY,Middle East & North Africa (excluding high income),77385958,201410941,2.889474023,1,20,1,3,2,2,0,1,1,1,1,1,1,4,4,4,0,4,1,1,2,,,,,,,,,,2,2,1,2,2,2,1,2,2,,,,,,,,,,,,,,,,2,1,2,2,2,2,,2,2,,2,1,1,,2,2,2,,,,2,1,4,2,,,,2,2,,1,2,2,,1,1,1,1,2,2,,,,,1,2,2,1,,,2,1,,2,2,,,,,,,,2,,,,,,6,1,1,,,,,,,,,,,,,,1,,2,1,,1,,1,3,1,1,1,2,,2,1,,1,1,3,,1,1,1,1,2,2,2,2,,,,,,,,,,1,2,,,,,,,,,,,,,,
2024,"Egypt, Arab Rep.",EGY,Middle East & North Africa (excluding high income),77385958,201440631,1.362649066,1,38,1,1,1,2,0,0,0,0,1,0,2,4,4,4,0,2,3,0,2,,,,,,,,,,2,2,1,2,2,1,1,2,2,,,,,,,,,,,,,,,,2,,2,,,,2,2,2,,2,,1,,1,2,2,,,,2,1,3,2,,,,,,,,,,,2,,2,,2,1,2,2,,1,1,2,2,2,1,,,,,2,2,,,,,,,,2,,,,,,4,0,1,,,,,,,,,,,,,,2,2,1,1,,1,,1,2,2,,2,2,,2,2,2,,,,,,,,,,,,,1,2,2,2,1,2,2,1,1,1,2,,,,,,,,,,,,,,
2024,"Egypt, Arab Rep.",EGY,Middle East & North Africa (excluding high income),77385958,201640543,0.343610895,2,44,2,5,1,2,1,0,1,0,1,1,4,4,4,4,0,2,2,1,1,2,2,3,3,1,1,1,1,1,,,,,,,,,,,,,,,,,,,,,,,,,2,,2,,,,1,2,2,,2,,1,,1,2,1,1,1,,2,2,1,2,,,,2,2,,4,2,2,,2,,1,2,2,1,2,2,,1,2,,,,,,,,,2,2,,,,,,,,2,,,,,,3,1,2,1,2,2,2,2,2,1,1,1,1,2,2,,,,,,,,,,,,,,,,,1,,2,1,3,,1,1,1,1,1,2,1,2,,,,,,,,,,1,2,,,,,,,,,,,,,,
2024,"Egypt, Arab Rep.",EGY,Middle East & North Africa (excluding high income),77385958,201732505,0.836145651,1,68,1,5,2,2,0,0,0,0,0,0,4,4,4,4,0,4,3,0,2,,,,,,,,,,2,2,4,2,1,1,1,1,1,,,,,,,,,,,,,,,,2,,2,,,,2,2,2,,2,,2,,2,2,2,,,2,7,,3,2,,,,,,,,,,,2,,2,,2,2,,,,,2,,,,,,,,,2,2,,,,,,,,2,,,,,,1,0,2,1,1,2,2,2,2,2,1,1,1,2,2,,,,,,,,,,,,,,,,,2,2,,,,,,,,,,,,,,,,,,,,,,1,2,,,,,,,,,,,,,,
2024,"Egypt, Arab Rep.",EGY,Middle East & North Africa (excluding high income),77385958,201809044,0.909600246,2,15,2,3,1,1,0,0,0,0,1,0,4,4,4,4,0,2,3,0,2,,,,,,,,,,2,2,2,2,2,2,1,1,2,,,,,,,,,,,,,,,,2,,2,,,,2,2,2,,2,,1,,2,2,2,,,,2,1,4,2,,,,,,,,,,,2,,2,,2,1,2,2,,1,2,,,,,,,,,2,2,,,,,,,,2,,,,,,5,0,1,,,,,,,,,,,,,,2,2,2,1,,2,,,1,2,,2,2,,2,2,2,,,,,,,,,,,,,1,2,2,2,2,2,2,2,1,,,,,,,,,,,,,,,,
2024,"Egypt, Arab Rep.",EGY,Middle East & North Africa (excluding high income),77385958,201965696,0.622465548,2,34,2,3,1,2,0,0,0,0,1,0,2,4,4,4,0,2,2,0,2,,,,,,,,,,2,2,2,2,2,2,2,2,2,,,,,,,,,,,,,,,,2,,2,,,,2,2,2,,2,,1,,2,2,1,,,,2,2,3,2,,,,,,,,,,,2,,1,2,2,1,2,2,,1,1,2,2,2,1,,,,,2,2,,,,,,,,2,,,,,,4,0,1,,,,,,,,,,,,,,2,2,1,1,,1,,2,3,2,,2,2,,2,2,2,,,,,,,,,,,,,1,2,2,2,2,2,2,1,8,1,2,,,,,,,,,,,,,,
2024,"Egypt, Arab Rep.",EGY,Middle East & North Africa (excluding high income),77385958,202025544,1.878887211,1,28,1,1,1,2,1,0,1,0,1,1,2,4,4,4,0,4,3,0,1,2,2,3,4,1,1,2,2,2,,,,,,,,,,,,,,,,,,,,,,,,,1,,2,3,2,2,,2,2,,2,,1,,1,2,2,,,,7,,1,2,,,,2,2,,4,2,2,,2,,2,,2,2,,,,,1,2,2,2,1,,,,,2,2,,,,,,,,2,,,,,,5,0,1,,,,,,,,,,,,,,2,2,2,1,,1,,2,1,2,,2,2,,2,2,2,,,,,,,,,,,,,1,1,2,2,2,2,2,1,1,1,2,,,,,,,,,,,,,,
2024,"Egypt, Arab Rep.",EGY,Middle East & North Africa (excluding high income),77385958,202086168,0.871387114,2,60,1,5,1,2,1,0,1,0,1,0,4,4,1,4,0,2,3,1,1,2,1,2,2,,2,1,2,2,,,,,,,,,,,,,,,,,,,,,,,,,2,,2,,,,2,2,2,,2,,1,,2,1,1,,,,2,1,2,2,,,,2,2,,4,2,2,,2,,2,,2,1,2,2,,1,2,,,,,,,,,2,1,1,2,,,1,2,,2,,,,,,3,1,1,,,,,,,,,,,,,,1,,1,2,,2,,,2,1,2,2,2,,2,1,,2,1,3,,2,2,1,2,2,2,2,2,,,,,,,,,,1,2,,,,,,,,,,,,,,
2024,"Egypt, Arab Rep.",EGY,Middle East & North Africa (excluding high income),77385958,202122472,1.05926435,2,19,2,4,2,2,0,0,0,0,0,0,4,4,4,4,0,4,2,0,2,,,,,,,,,,2,2,1,2,1,2,1,1,2,,,,,,,,,,,,,,,,2,,2,,,,2,2,2,,2,,2,,2,2,2,,,2,2,2,2,2,,,,,,,,,,,2,,1,2,2,2,,,,,2,,,,,,,,,2,2,,,,,,,,2,,,,,,4,1,1,,,,,,,,,,,,,,1,,2,1,,1,,1,1,1,1,2,2,,2,1,,1,1,3,,1,1,1,1,2,2,2,2,,,,,,,,,,1,2,,,,,,,,,,,,,,
2024,"Egypt, Arab Rep.",EGY,Middle East & North Africa (excluding high income),77385958,202134034,1.396863693,1,41,3,4,1,1,1,0,1,0,0,1,4,4,4,4,0,2,3,0,1,2,1,2,2,,2,1,2,2,,,,,,,,,,,,,,,,,,,,,,,,,2,,2,,,,1,2,2,,2,,2,,2,2,2,,,2,1,3,1,2,,,,2,2,,4,2,2,,2,,2,,2,1,2,2,,1,2,,,,,,,,,2,2,,,,,,,,2,,,,,,3,1,1,,,,,,,,,,,,,,1,,1,1,,1,,1,3,1,1,2,2,,1,1,,1,2,,1,1,1,1,1,1,2,1,2,,,,,,,,,,1,2,,,,,,,,,,,,,,
2024,"Egypt, Arab Rep.",EGY,Middle East & North Africa (excluding high income),77385958,202230728,0.419315651,1,65,1,3,2,2,1,0,1,0,1,0,4,4,4,4,0,2,3,0,1,2,1,4,4,2,2,2,2,2,,,,,,,,,,,,,,,,,,,,,,,,,2,,2,,,,2,2,2,,2,,1,,2,2,1,,,,2,1,4,2,,,,2,2,,1,2,2,,2,,2,,2,1,2,2,,1,2,,,,,,,,,2,2,,,,,,,,2,,,,,,3,0,1,,,,,,,,,,,,,,2,2,1,1,,2,,,1,2,,2,2,,2,2,2,,,,,,,,,,,,,1,2,2,1,2,2,2,1,4,1,2,,,,,,,,,,,,,,
2024,"Egypt, Arab Rep.",EGY,Middle East & North Africa (excluding high income),77385958,202342538,1.20258232,2,59,1,2,1,1,0,0,0,0,0,0,4,4,4,4,0,2,3,0,2,,,,,,,,,,2,2,1,2,2,2,1,2,1,,,,,,,,,,,,,,,,2,,2,,,,2,2,2,,2,,2,,2,2,2,,,2,2,2,1,2,,,,,,,,,,,2,,2,,2,1,2,2,,1,2,,,,,,,,,2,2,,,,,,,,2,,,,,,4,0,2,1,2,2,1,2,2,2,1,2,,,,1,,,,,,,,,,,,,,,,2,2,,,,,,,,,,,,,,,,,,,,,,1,2,,,,,,,,,,,,,,
2024,"Egypt, Arab Rep.",EGY,Middle East & North Africa (excluding high income),77385958,202456647,0.786694183,1,50,1,2,2,2,0,0,0,0,0,0,4,3,4,4,0,2,3,0,2,,,,,,,,,,2,2,2,2,2,2,1,2,2,,,,,,,,,,,,,,,,2,,2,,,,2,2,2,,2,,2,,2,2,2,,,2,2,2,4,2,,,,,,,,,,,2,,2,,2,1,2,2,,1,2,,,,,,,,,1,2,2,2,2,2,,,,2,,,,,,4,0,2,2,2,2,1,2,2,2,4,2,,,,1,,,,,,,,,,,,,,,,2,2,,,,,,,,,,,,,,,,,,,,,,1,2,,,,,,,,,,,,,,
2024,"Egypt, Arab Rep.",EGY,Middle East & North Africa (excluding high income),77385958,202552862,0.68177026,2,37,3,3,1,1,0,0,0,0,0,0,2,4,4,4,0,2,2,0,2,,,,,,,,,,2,2,1,2,2,2,1,2,2,,,,,,,,,,,,,,,,2,,2,,,,2,2,2,,2,,2,,2,2,2,,,2,2,2,1,2,,,,,,,,,,,1,2,2,,2,1,2,2,,1,1,2,2,2,1,,,,,2,2,,,,,,,,2,,,,,,4,1,1,,,,,,,,,,,,,,1,,1,1,,1,,1,1,1,1,2,2,,2,1,,2,1,2,,1,1,1,1,1,2,1,1,,,,,,,,,,1,2,,,,,,,,,,,,,,
2024,"Egypt, Arab Rep.",EGY,Middle East & North Africa (excluding high income),77385958,202682661,1.421362549,2,29,2,4,1,2,0,0,0,0,1,0,2,4,4,4,0,4,3,0,2,,,,,,,,,,2,2,1,2,2,2,1,2,2,,,,,,,,,,,,,,,,2,,2,,,,2,2,2,,2,,2,,2,2,1,,,2,2,1,4,2,,,,,,,,,,,2,,2,,2,2,,,,,1,2,2,2,1,,,,,2,2,,,,,,,,2,,,,,,6,1,1,,,,,,,,,,,,,,1,,1,1,,1,,1,1,1,1,2,2,,2,1,,2,1,2,,1,1,1,1,2,2,2,2,,,,,,,,,,1,2,,,,,,,,,,,,,,
2024,"Egypt, Arab Rep.",EGY,Middle East & North Africa (excluding high income),77385958,202714236,0.854210279,2,20,2,5,1,2,0,0,0,0,0,0,2,4,4,4,0,4,3,0,2,,,,,,,,,,2,2,2,2,2,2,1,2,2,,,,,,,,,,,,,,,,2,,2,,,,2,2,2,,2,,2,,2,2,2,,,2,2,2,2,1,2,1,,,,,,,,,2,,2,,2,2,,,,,1,2,2,2,1,,,,,2,2,,,,,,,,2,,,,,,4,1,1,,,,,,,,,,,,,,1,,1,1,,1,,1,1,1,1,2,1,2,2,1,,1,1,3,,1,1,1,1,2,2,2,2,,,,,,,,,,1,2,,,,,,,,,,,,,,
2024,"Egypt, Arab Rep.",EGY,Middle East & North Africa (excluding high income),77385958,202719001,0.909600246,2,17,2,2,1,1,0,0,0,0,1,0,2,4,4,4,0,4,3,0,2,,,,,,,,,,2,2,2,2,2,2,2,2,2,,,,,,,,,,,,,,,,2,,2,,,,2,2,2,,2,,2,,2,2,1,,,2,2,1,2,2,,,,,,,,,,,2,,2,,2,2,,,,,1,2,2,2,1,,,,,2,2,,,,,,,,2,,,,,,5,1,1,,,,,,,,,,,,,,1,,1,1,,1,,1,1,1,1,2,2,,2,1,,1,1,3,,1,1,1,1,2,2,1,2,,,,,,,,,,1,2,,,,,,,,,,,,,,
2024,"Egypt, Arab Rep.",EGY,Middle East & North Africa (excluding high income),77385958,202767901,0.3921037,2,54,2,1,1,2,1,0,1,1,1,1,4,1,4,4,0,2,3,1,1,1,1,2,2,,2,1,2,2,,,,,,,,,,,,,,,,,,,,,,,,,1,,1,3,2,2,,2,2,,2,,1,1,1,2,1,,,,2,1,1,2,,,,2,2,,4,2,2,,2,,2,,2,1,2,2,,1,2,,,,,,,,,1,2,1,2,,,1,1,,2,,,,,,6,1,1,,,,,,,,,,,,,,1,,1,1,,1,,1,1,2,,2,2,,2,1,,1,1,2,,1,2,1,1,2,2,2,2,,,,,,,,,,1,2,,,,,,,,,,,,,,
2024,"Egypt, Arab Rep.",EGY,Middle East & North Africa (excluding high income),77385958,202829437,0.517459132,2,58,2,4,1,2,1,0,1,0,1,0,2,4,1,4,0,2,3,1,1,2,1,2,2,,2,1,2,2,,,,,,,,,,,,,,,,,,,,,,,,,2,,2,,,,2,2,2,,2,,1,,1,2,1,,,,2,1,1,2,,,,2,2,,4,2,2,,2,,2,,2,1,2,2,,1,1,2,2,2,1,,,,,2,1,1,2,,,1,2,,2,,,,,,4,0,1,,,,,,,,,,,,,,2,2,1,1,,1,,1,1,2,,2,1,2,2,2,2,,,,,,,,,,,,,1,2,2,2,2,2,2,2,1,1,2,,,,,,,,,,,,,,
2024,"Egypt, Arab Rep.",EGY,Middle East & North Africa (excluding high income),77385958,202843504,1.688838271,2,70,1,3,2,1,1,0,1,1,0,0,4,1,1,4,0,2,3,1,1,1,1,2,2,,2,1,2,1,,,,,,,,,,,,,,,,,,,,,,,,,2,,2,,,,2,2,2,,2,,2,,2,2,2,2,,2,2,2,1,2,,,,2,2,,4,2,2,,2,,2,,2,1,2,2,,1,2,,,,,,,,,1,1,2,2,2,1,1,2,,2,,,,,,3,0,1,,,,,,,,,,,,,,2,2,2,2,,2,,,2,2,,2,2,,2,2,2,,,,,,,,,,,,,2,2,2,1,2,2,2,1,8,1,2,,,,,,,,,,,,,,
2024,"Egypt, Arab Rep.",EGY,Middle East & North Africa (excluding high income),77385958,202871760,1.778885798,1,60,1,5,2,2,1,0,1,1,0,0,4,4,4,4,0,2,3,0,1,1,1,2,2,,2,1,1,2,,,,,,,,,,,,,,,,,,,,,,,,,2,,2,,,,2,2,2,,2,,2,,2,2,2,,,2,2,2,2,2,,,,2,2,,1,2,2,,2,,2,,2,1,2,2,,1,2,,,,,,,,,2,2,,,,,,,,2,,,,,,4,0,2,1,2,2,1,2,2,1,7,1,1,2,2,,,,,,,,,,,,,,,,,2,2,,,,,,,,,,,,,,,,,,,,,,1,2,,,,,,,,,,,,,,
2024,"Egypt, Arab Rep.",EGY,Middle East & North Africa (excluding high income),77385958,202889436,1.43918747,1,59,1,5,2,1,0,0,0,0,1,0,4,4,4,4,0,4,3,0,2,,,,,,,,,,2,2,2,2,2,2,1,1,2,,,,,,,,,,,,,,,,2,,2,,,,2,2,2,,2,,1,,2,2,2,,,,2,2,2,2,,,,,,,,,,,2,,2,,2,2,,,,,2,,,,,,,,,2,2,,,,,,,,2,,,,,,4,0,2,1,2,2,1,2,2,1,1,2,,,,1,,,,,,,,,,,,,,,,2,2,,,,,,,,,,,,,,,,,,,,,,1,2,,,,,,,,,,,,,,
2024,"Egypt, Arab Rep.",EGY,Middle East & North Africa (excluding high income),77385958,202914557,0.345858241,2,47,2,5,1,2,0,1,1,1,1,1,4,4,4,4,1,2,2,1,2,,,,,,,,,,2,2,1,2,1,2,1,1,2,,,,,,,,,,,,,,,,2,1,1,2,2,1,,2,2,,2,2,2,1,2,1,2,,,,1,3,3,2,,,,2,1,2,,2,1,2,1,2,2,,2,1,2,2,,1,2,,,,,,,,,2,2,,,,,,,,2,,,,,,6,1,1,,,,,,,,,,,,,,1,,1,1,,1,,1,4,1,1,2,2,,2,1,,1,1,3,,1,1,1,1,1,1,2,2,,,,,,,,,,1,2,,,,,,,,,,,,,,
2024,"Egypt, Arab Rep.",EGY,Middle East & North Africa (excluding high income),77385958,202918851,2.053697327,1,44,1,1,1,2,0,0,0,0,1,0,2,4,4,4,0,2,3,0,2,,,,,,,,,,2,2,2,2,1,2,1,2,2,,,,,,,,,,,,,,,,2,,2,,,,2,2,2,,2,,1,,1,2,1,,,,5,1,4,1,2,1,,,,,,,,,2,,2,,1,1,2,2,,1,1,2,2,2,1,,,,,2,2,,,,,,,,2,,,,,,3,1,1,,,,,,,,,,,,,,2,1,1,1,,2,,,4,2,,2,1,2,1,2,1,3,8,,8,1,2,2,2,2,2,2,2,1,1,2,1,2,2,1,2,1,1,2,,,,,,,,,,,,,,
2024,"Egypt, Arab Rep.",EGY,Middle East & North Africa (excluding high income),77385958,202945691,1.648837569,2,41,1,1,1,2,0,1,1,1,1,0,2,4,4,4,0,2,3,1,2,,,,,,,,,,2,2,1,2,2,1,1,2,2,,,,,,,,,,,,,,,,2,2,2,,,,2,2,2,,2,2,1,,2,2,2,,,,2,1,2,2,,,,2,2,,4,2,2,,2,,2,,2,1,2,2,,1,1,2,2,2,1,,,,,2,2,,,,,,,,2,,,,,,3,1,1,,,,,,,,,,,,,,1,,1,1,,1,,1,2,1,1,1,2,,2,1,,1,1,3,,1,1,1,1,2,2,2,2,,,,,,,,,,1,2,,,,,,,,,,,,,,
2024,"Egypt, Arab Rep.",EGY,Middle East & North Africa (excluding high income),77385958,203157123,0.399759795,1,56,2,2,2,2,0,0,0,0,1,0,4,4,4,4,0,2,3,0,2,,,,,,,,,,2,2,1,2,2,2,1,2,2,,,,,,,,,,,,,,,,2,,2,,,,2,2,2,,2,,1,,1,2,2,,,,2,2,2,2,,,,,,,,,,,2,,2,,2,1,2,2,,1,2,,,,,,,,,2,2,,,,,,,,2,,,,,,4,1,1,,,,,,,,,,,,,,1,,2,1,,1,,1,1,1,2,1,2,,2,2,1,1,1,3,,1,1,1,1,1,2,2,2,,,,,,,,,,1,2,,,,,,,,,,,,,,
2024,"Egypt, Arab Rep.",EGY,Middle East & North Africa (excluding high income),77385958,203196785,0.420908031,1,24,2,4,2,1,0,0,0,0,0,0,4,4,4,4,0,2,3,0,2,,,,,,,,,,2,2,2,1,2,2,1,1,2,,,,,,,,,,,,,,,,2,,2,,,,2,2,2,,2,,2,,2,2,2,,,2,3,2,1,2,,,,,,,,,,,2,,2,,2,1,2,2,,1,2,,,,,,,,,2,2,,,,,,,,2,,,,,,3,1,2,2,2,2,2,1,2,1,5,1,1,2,1,,,,,,,,,,,,,,,,,1,,4,2,,2,2,2,1,2,1,2,2,2,,,,,,,,,,1,2,,,,,,,,,,,,,,
2024,"Egypt, Arab Rep.",EGY,Middle East & North Africa (excluding high income),77385958,203255072,2.889474023,2,18,1,1,2,2,0,1,1,1,1,1,1,4,4,4,1,4,1,1,2,,,,,,,,,,2,2,1,2,1,2,1,2,2,,,,,,,,,,,,,,,,2,1,2,3,2,2,,2,2,,1,2,2,,2,1,2,,,,4,2,3,2,,,,2,1,3,,2,2,,1,1,1,1,1,2,,,,,1,2,2,1,,,2,1,,2,2,,,,,,,,2,,,,,,6,0,1,,,,,,,,,,,,,,2,2,1,1,,1,,2,1,2,,2,2,,2,2,2,,,,,,,,,,,,,1,1,2,2,2,2,1,2,1,1,2,,,,,,,,,,,,,,
2024,"Egypt, Arab Rep.",EGY,Middle East & North Africa (excluding high income),77385958,203288171,1.432663626,2,47,1,3,1,1,0,0,0,0,1,0,2,4,4,4,0,2,3,0,2,,,,,,,,,,2,2,2,2,2,2,1,2,2,,,,,,,,,,,,,,,,2,,2,,,,2,2,2,,2,,1,,2,2,1,,,,2,1,2,2,,,,,,,,,,,2,,2,,2,1,2,2,,1,1,2,2,2,1,,,,,2,2,,,,,,,,2,,,,,,4,0,2,1,2,2,1,2,2,2,1,1,1,1,2,,,,,,,,,,,,,,,,,2,2,,,,,,,,,,,,,,,,,,,,,,1,2,,,,,,,,,,,,,,
2024,"Egypt, Arab Rep.",EGY,Middle East & North Africa (excluding high income),77385958,203319384,0.919374627,2,18,2,4,2,2,0,1,1,1,0,0,4,4,4,4,0,4,3,1,2,,,,,,,,,,2,2,2,2,2,2,1,2,2,,,,,,,,,,,,,,,,2,2,2,,,,2,2,2,,2,2,2,,2,2,2,,,2,2,2,2,2,,,,2,2,,4,2,2,,2,,2,,2,2,,,,,2,,,,,,,,,2,2,,,,,,,,2,,,,,,3,1,1,,,,,,,,,,,,,,1,,1,1,,1,,1,4,1,1,2,2,,2,1,,1,1,3,,1,1,1,1,1,2,2,2,,,,,,,,,,1,2,,,,,,,,,,,,,,
2024,"Egypt, Arab Rep.",EGY,Middle East & North Africa (excluding high income),77385958,203385439,0.597086836,1,28,2,2,2,2,0,0,0,0,0,0,4,4,4,4,0,2,3,0,2,,,,,,,,,,2,2,1,2,2,2,1,2,2,,,,,,,,,,,,,,,,2,,2,,,,2,2,2,,2,,2,,2,3,2,,,2,2,1,3,2,,,,,,,,,,,2,,2,,2,1,2,2,,1,2,,,,,,,,,2,2,,,,,,,,2,,,,,,4,1,1,,,,,,,,,,,,,,1,,2,1,,2,,,1,1,1,2,2,,2,2,1,2,2,,2,1,1,1,2,2,2,2,2,,,,,,,,,,1,2,,,,,,,,,,,,,,
2024,"Egypt, Arab Rep.",EGY,Middle East & North Africa (excluding high income),77385958,203428613,1.387819937,1,53,1,3,1,2,0,0,0,0,0,0,2,4,4,4,0,2,3,0,2,,,,,,,,,,2,2,2,2,2,2,2,2,2,,,,,,,,,,,,,,,,2,,2,,,,2,2,2,,2,,2,,2,2,2,,,2,2,3,4,2,,,,,,,,,,,2,,2,,2,1,2,2,,1,1,2,2,2,1,,,,,2,2,,,,,,,,2,,,,,,3,0,1,,,,,,,,,,,,,,2,2,2,1,,2,,,3,2,,2,2,,2,2,2,,,,,,,,,,,,,1,2,2,1,2,2,2,1,8,1,2,,,,,,,,,,,,,,
2024,"Egypt, Arab Rep.",EGY,Middle East & North Africa (excluding high income),77385958,203499103,0.257212146,2,53,2,3,1,1,0,0,0,0,1,0,2,4,4,2,0,2,3,0,2,,,,,,,,,,2,2,2,2,2,1,1,1,2,,,,,,,,,,,,,,,,2,,2,,,,2,2,2,,2,,2,,2,2,1,,,2,2,2,3,2,,,,,,,,,,,2,,2,,2,1,2,2,,1,1,2,2,2,1,,,,,2,2,,,,,,,,1,2,2,1,,2,3,0,1,,,,,,,,,,,,,,1,,1,1,,1,,2,2,2,,2,2,,2,2,2,,,,,2,2,2,2,2,2,2,2,,,,,,,,,,1,2,,,,,,,,,,,,,,
2024,"Egypt, Arab Rep.",EGY,Middle East & North Africa (excluding high income),77385958,203512289,0.541291474,1,45,2,5,2,2,1,1,1,1,0,1,4,1,1,4,0,4,1,1,1,1,1,2,2,,2,1,1,2,,,,,,,,,,,,,,,,,,,,,,,,,2,2,1,,,,,2,2,,2,2,2,2,2,2,2,,,2,2,3,3,2,,,,2,2,,4,2,2,,1,1,1,1,2,2,,,,,2,,,,,,,,,1,1,1,2,,,1,2,,2,,,,,,4,1,1,,,,,,,,,,,,,,1,,1,1,,1,,1,1,1,1,2,2,,2,1,,1,1,3,,1,1,1,1,2,2,2,2,,,,,,,,,,1,2,,,,,,,,,,,,,,
2024,"Egypt, Arab Rep.",EGY,Middle East & North Africa (excluding high income),77385958,203513272,0.408690035,2,55,2,5,1,1,0,0,0,0,1,0,4,4,4,2,0,2,3,0,2,,,,,,,,,,2,1,2,2,2,2,1,2,2,,,,,,,,,,,,,,,,2,,2,,,,2,2,2,,2,,1,,2,2,2,,,,2,3,4,2,,,,,,,,,,,2,,2,,1,1,2,2,,1,2,,,,,,,,,2,2,,,,,,,,1,2,2,1,,1,1,1,1,,,,,,,,,,,,,,1,,1,1,,1,,2,1,1,2,2,2,,2,1,,2,1,3,,1,2,1,1,2,2,2,2,,,,,,,,,,1,2,,,,,,,,,,,,,,
2024,"Egypt, Arab Rep.",EGY,Middle East & North Africa (excluding high income),77385958,203604831,1.167104253,1,40,3,3,1,2,1,0,1,0,1,1,1,4,4,4,0,2,3,1,1,2,1,2,2,,2,2,1,2,,,,,,,,,,,,,,,,,,,,,,,,,2,2,1,,,,,2,2,,2,2,2,2,2,2,1,,,2,2,2,2,2,,,,2,2,,4,2,1,2,2,,2,,2,1,2,2,,1,1,1,1,2,,,2,1,,2,2,,,,,,,,2,,,,,,5,1,1,,,,,,,,,,,,,,1,,1,1,,1,,1,1,1,1,1,2,,2,1,,1,2,,1,1,1,1,1,1,2,2,1,,,,,,,,,,1,2,,,,,,,,,,,,,,
2024,"Egypt, Arab Rep.",EGY,Middle East & North Africa (excluding high income),77385958,203625490,1.167104253,1,44,3,2,1,2,1,0,1,1,0,0,1,4,4,4,0,2,3,1,1,1,1,2,2,,2,1,2,2,,,,,,,,,,,,,,,,,,,,,,,,,2,,2,,,,2,1,2,,2,,2,,2,2,2,,,2,5,2,1,2,,,,2,2,,4,2,2,,2,,2,,2,1,2,2,,1,1,1,1,2,,,2,1,,2,2,,,,,,,,2,,,,,,5,1,1,,,,,,,,,,,,,,1,,1,1,,1,,1,1,1,1,2,1,2,2,1,,1,1,3,,1,1,1,1,2,2,1,2,,,,,,,,,,1,2,,,,,,,,,,,,,,
2024,"Egypt, Arab Rep.",EGY,Middle East & North Africa (excluding high income),77385958,203777671,0.732112245,2,38,3,5,1,2,1,0,1,1,0,0,1,4,4,4,0,4,3,1,1,1,1,2,1,,1,1,2,1,,,,,,,,,,,,,,,,,,,,,,,,,2,,2,,,,2,2,2,,2,,2,,2,2,2,2,,2,7,,3,2,,,,2,2,,4,2,2,,2,,2,,2,2,,,,,1,1,1,2,,,2,2,,2,2,,,,,,,,2,,,,,,5,1,1,,,,,,,,,,,,,,1,,1,1,,1,,1,2,1,1,2,2,,2,1,,1,1,1,,1,1,1,2,2,2,2,2,,,,,,,,,,1,2,,,,,,,,,,,,,,
2024,"Egypt, Arab Rep.",EGY,Middle East & North Africa (excluding high income),77385958,203803582,1.197341498,2,18,2,3,1,1,0,1,1,1,0,0,4,4,4,4,1,4,3,1,2,,,,,,,,,,2,2,1,2,2,2,2,1,3,,,,,,,,,,,,,,,,2,2,2,,,,2,2,2,,2,2,2,,2,2,2,,,2,2,2,1,2,,,,2,1,1,,2,2,,2,,2,,2,2,,,,,2,,,,,,,,,2,2,,,,,,,,2,,,,,,2,1,1,,,,,,,,,,,,,,1,,1,1,,1,,1,1,1,1,2,2,,1,1,,1,1,2,,1,1,1,1,1,2,2,2,,,,,,,,,,1,2,,,,,,,,,,,,,,
2024,"Egypt, Arab Rep.",EGY,Middle East & North Africa (excluding high income),77385958,203804050,0.801019965,1,54,1,5,2,1,1,0,1,1,1,0,4,4,1,4,0,2,3,1,1,1,1,2,2,,2,2,2,1,,,,,,,,,,,,,,,,,,,,,,,,,2,,2,,,,2,2,2,,2,,2,,2,2,2,1,1,,4,2,1,2,,,,2,2,,1,2,2,,2,,2,,2,1,2,2,,1,2,,,,,,,,,2,1,1,2,,,1,2,,2,,,,,,1,0,1,,,,,,,,,,,,,,2,2,1,1,,2,,,2,2,,1,2,,2,2,2,,,,,,,,,,,,,2,2,2,1,2,2,2,2,4,1,2,,,,,,,,,,,,,,
2024,"Egypt, Arab Rep.",EGY,Middle East & North Africa (excluding high income),77385958,203888160,1.639342048,2,58,1,2,1,1,0,0,0,0,1,0,2,4,4,4,0,2,3,0,2,,,,,,,,,,2,2,1,2,2,2,1,1,2,,,,,,,,,,,,,,,,2,,2,,,,2,2,2,,2,,2,,2,2,1,,,2,2,1,1,1,2,1,,,,,,,,,2,,2,,2,1,2,2,,1,1,2,2,2,1,,,,,2,2,,,,,,,,2,,,,,,4,0,1,,,,,,,,,,,,,,2,2,1,1,,2,,,2,1,2,2,1,2,2,2,2,,,,,,,,,,,,,1,2,2,1,2,2,2,1,4,1,2,,,,,,,,,,,,,,
2024,"Egypt, Arab Rep.",EGY,Middle East & North Africa (excluding high income),77385958,203976219,1.201354612,2,19,2,5,1,2,1,0,1,0,1,1,2,4,4,4,0,4,3,0,1,2,2,2,2,,1,1,1,2,,,,,,,,,,,,,,,,,,,,,,,,,1,,2,2,2,2,,2,2,,2,,2,,2,2,1,,,2,2,2,3,2,,,,2,2,,4,2,2,,2,,2,,2,2,,,,,1,2,2,2,1,,,,,2,2,,,,,,,,2,,,,,,6,1,1,,,,,,,,,,,,,,1,,2,1,,1,,1,1,1,1,2,2,,2,1,,2,1,2,,1,1,1,1,2,2,2,2,,,,,,,,,,1,2,,,,,,,,,,,,,,
2024,"Egypt, Arab Rep.",EGY,Middle East & North Africa (excluding high income),77385958,203993448,0.257212146,2,38,2,5,2,2,1,0,1,0,1,0,4,1,4,4,0,2,1,1,1,2,1,2,2,,2,2,2,2,,,,,,,,,,,,,,,,,,,,,,,,,2,,2,,,,2,2,2,,2,,1,,1,2,1,,,,2,1,1,2,,,,2,2,,4,2,2,,2,,1,1,2,1,2,2,,1,2,,,,,,,,,1,2,1,2,,,1,2,,2,,,,,,2,1,1,,,,,,,,,,,,,,1,,2,1,,1,,1,1,1,1,2,1,2,2,1,,1,1,2,,1,1,1,1,1,2,1,2,,,,,,,,,,1,2,,,,,,,,,,,,,,
2024,"Egypt, Arab Rep.",EGY,Middle East & North Africa (excluding high income),77385958,204054895,0.573520047,2,61,1,5,2,2,1,0,1,0,1,0,4,4,1,4,0,4,3,1,1,2,1,2,2,,2,2,2,2,,,,,,,,,,,,,,,,,,,,,,,,,2,,2,,,,2,2,2,,2,,1,,2,2,2,,,,2,2,2,2,,,,2,2,,4,2,2,,2,,2,,2,2,,,,,2,,,,,,,,,2,1,1,2,,,1,2,,2,,,,,,4,0,1,,,,,,,,,,,,,,2,2,1,1,,1,,2,2,1,2,2,2,,2,2,2,,,,,,,,,,,,,1,2,2,2,2,2,2,1,8,1,2,,,,,,,,,,,,,,
2024,"Egypt, Arab Rep.",EGY,Middle East & North Africa (excluding high income),77385958,204125354,0.901015959,2,16,2,5,2,1,0,0,0,0,1,0,4,4,4,4,0,4,3,0,2,,,,,,,,,,2,2,1,2,2,2,1,1,2,,,,,,,,,,,,,,,,2,,2,,,,2,2,2,,2,,2,,2,2,1,,,2,2,2,2,2,,,,,,,,,,,2,,2,,2,2,,,,,2,,,,,,,,,2,2,,,,,,,,2,,,,,,4,1,1,,,,,,,,,,,,,,1,,2,1,,1,,1,4,1,1,2,2,,2,1,,1,1,2,,1,1,1,2,1,2,2,2,,,,,,,,,,1,2,,,,,,,,,,,,,,
2024,"Egypt, Arab Rep.",EGY,Middle East & North Africa (excluding high income),77385958,204284996,2.020225662,1,26,1,2,2,2,0,0,0,0,1,0,4,4,4,4,0,4,3,0,2,,,,,,,,,,2,2,2,2,1,2,2,2,1,,,,,,,,,,,,,,,,2,,2,,,,2,2,2,,2,,1,,1,2,1,,,,2,1,1,2,,,,,,,,,,,2,,2,,2,2,,,,,2,,,,,,,,,2,2,,,,,,,,2,,,,,,5,0,1,,,,,,,,,,,,,,2,2,2,1,,1,,1,1,2,,1,2,,2,2,2,,,,,,,,,,,,,2,2,2,2,1,2,2,2,5,1,2,,,,,,,,,,,,,,
2024,"Egypt, Arab Rep.",EGY,Middle East & North Africa (excluding high income),77385958,204319376,0.515953546,1,33,2,5,2,2,0,0,0,0,1,0,4,4,4,4,0,2,3,0,2,,,,,,,,,,2,2,2,2,2,1,1,2,2,,,,,,,,,,,,,,,,2,,2,,,,2,2,2,,2,,2,,2,2,1,,,2,2,1,2,2,,,,,,,,,,,2,,2,,2,1,2,2,,1,2,,,,,,,,,2,2,,,,,,,,2,,,,,,3,0,1,,,,,,,,,,,,,,2,2,1,1,,2,,,2,2,,2,2,,2,2,2,,,,,,,,,,,,,1,2,2,1,2,2,2,1,1,1,2,,,,,,,,,,,,,,
2024,"Egypt, Arab Rep.",EGY,Middle East & North Africa (excluding high income),77385958,204370080,0.477174957,1,56,1,1,2,2,1,0,1,1,1,0,4,4,4,4,0,2,2,0,1,1,1,2,2,,2,2,2,2,,,,,,,,,,,,,,,,,,,,,,,,,2,,2,,,,2,2,2,,2,,1,,1,2,1,,,,7,,5,2,,,,2,2,,1,2,2,,2,,1,2,2,1,2,2,,1,2,,,,,,,,,2,2,,,,,,,,2,,,,,,3,0,2,1,2,8,2,2,2,1,1,1,2,2,2,,,,,,,,,,,,,,,,,2,2,,,,,,,,,,,,,,,,,,,,,,1,2,,,,,,,,,,,,,,
2024,"Egypt, Arab Rep.",EGY,Middle East & North Africa (excluding high income),77385958,204376845,1.418713098,1,33,3,5,2,2,0,0,0,0,0,0,4,4,4,4,0,4,3,0,2,,,,,,,,,,2,2,1,2,3,2,1,2,3,,,,,,,,,,,,,,,,2,,2,,,,2,2,2,,2,,2,,2,2,2,,,2,2,2,3,2,,,,,,,,,,,2,,2,,2,2,,,,,2,,,,,,,,,2,2,,,,,,,,2,,,,,,4,1,1,,,,,,,,,,,,,,1,,1,1,,1,,1,2,1,1,2,2,,1,1,,1,1,2,,1,1,1,1,1,2,2,2,,,,,,,,,,1,2,,,,,,,,,,,,,,
2024,"Egypt, Arab Rep.",EGY,Middle East & North Africa (excluding high income),77385958,204597092,0.300959026,2,39,2,5,1,2,0,0,0,0,1,0,2,4,4,4,0,2,2,0,2,,,,,,,,,,2,2,1,2,2,2,1,2,2,,,,,,,,,,,,,,,,2,,2,,,,2,2,2,,2,,1,,2,2,2,,,,3,1,4,2,,,,,,,,,,,2,,1,2,2,1,2,2,,1,1,2,2,2,1,,,,,2,2,,,,,,,,2,,,,,,4,0,1,,,,,,,,,,,,,,2,2,1,1,,2,,,3,2,,2,2,,2,2,2,,,,,,,,,,,,,1,1,2,2,2,2,2,1,1,1,2,,,,,,,,,,,,,,
2024,"Egypt, Arab Rep.",EGY,Middle East & North Africa (excluding high income),77385958,204711426,0.554765921,1,34,2,4,2,2,0,0,0,0,1,0,4,4,4,4,0,4,3,0,2,,,,,,,,,,2,2,2,2,2,2,1,2,2,,,,,,,,,,,,,,,,2,,2,,,,2,2,2,,2,,1,,1,2,1,,,,2,1,1,2,,,,,,,,,,,2,,2,,2,2,,,,,2,,,,,,,,,2,2,,,,,,,,2,,,,,,3,1,1,,,,,,,,,,,,,,1,,1,1,,1,,1,2,1,1,2,2,,1,1,,1,2,,1,1,1,1,1,1,2,2,2,,,,,,,,,,1,2,,,,,,,,,,,,,,
2024,"Egypt, Arab Rep.",EGY,Middle East & North Africa (excluding high income),77385958,204854884,1.12344382,2,19,2,2,1,2,1,0,1,1,0,1,2,4,4,4,0,4,3,0,1,1,2,3,3,1,1,1,1,2,,,,,,,,,,,,,,,,,,,,,,,,,1,,2,3,2,2,,2,2,,2,,2,,2,2,2,,,2,2,1,3,2,,,,2,2,,1,2,2,,2,,2,,2,2,,,,,1,2,2,2,1,,,,,2,2,,,,,,,,2,,,,,,3,1,1,,,,,,,,,,,,,,1,,1,1,,1,,1,1,1,1,2,2,,2,1,,1,1,3,,1,1,1,1,1,2,2,2,,,,,,,,,,1,2,,,,,,,,,,,,,,
2024,"Egypt, Arab Rep.",EGY,Middle East & North Africa (excluding high income),77385958,204900624,1.197341498,2,18,2,2,2,2,0,0,0,0,0,0,4,4,4,4,0,4,3,0,2,,,,,,,,,,2,2,1,2,2,2,1,2,2,,,,,,,,,,,,,,,,2,,2,,,,2,2,2,,2,,2,,2,2,2,,,2,7,,4,2,,,,,,,,,,,2,,2,,2,2,,,,,2,,,,,,,,,2,2,,,,,,,,2,,,,,,3,1,1,,,,,,,,,,,,,,1,,1,1,,1,,1,2,2,,2,2,,2,1,,1,1,3,,1,1,1,1,2,2,2,2,,,,,,,,,,1,2,,,,,,,,,,,,,,
2024,"Egypt, Arab Rep.",EGY,Middle East & North Africa (excluding high income),77385958,204902145,0.904348951,2,16,2,4,1,2,0,1,1,1,1,1,2,4,4,4,0,4,3,1,2,,,,,,,,,,2,2,2,2,2,2,1,2,2,,,,,,,,,,,,,,,,2,1,2,3,2,2,,2,2,,2,2,1,,1,2,2,,,,2,1,4,2,,,,2,2,,4,2,2,,2,,2,,2,2,,,,,1,2,2,2,1,,,,,2,2,,,,,,,,2,,,,,,5,1,1,,,,,,,,,,,,,,1,,2,1,,1,,1,2,1,1,2,2,,2,1,,1,1,2,,1,1,1,2,1,2,2,2,,,,,,,,,,1,2,,,,,,,,,,,,,,
2024,"Egypt, Arab Rep.",EGY,Middle East & North Africa (excluding high income),77385958,205098271,0.436406666,1,18,2,2,1,2,0,0,0,0,1,0,2,4,4,4,0,4,2,0,2,,,,,,,,,,2,2,2,2,2,2,2,2,2,,,,,,,,,,,,,,,,2,,2,,,,2,2,2,,2,,1,,2,2,1,,,,7,,4,2,,,,,,,,,,,2,,1,2,2,2,,,,,1,2,2,2,1,,,,,2,2,,,,,,,,2,,,,,,5,1,1,,,,,,,,,,,,,,1,,1,1,,1,,1,1,1,1,2,2,,2,1,,1,1,3,,1,1,1,1,2,2,2,2,,,,,,,,,,1,2,,,,,,,,,,,,,,
2024,"Egypt, Arab Rep.",EGY,Middle East & North Africa (excluding high income),77385958,205099449,1.181913759,2,38,1,5,1,2,0,1,1,1,1,1,2,4,4,4,0,2,1,1,2,,,,,,,,,,2,2,2,2,2,2,1,2,2,,,,,,,,,,,,,,,,2,1,2,3,2,2,,2,2,,2,2,1,,1,2,2,,,,2,1,1,2,,,,2,2,,4,2,2,,2,,1,1,2,1,2,2,,1,1,2,2,2,1,,,,,2,2,,,,,,,,2,,,,,,3,1,1,,,,,,,,,,,,,,1,,2,1,,1,,2,3,2,,2,2,,2,2,1,2,1,3,,2,2,1,1,2,2,2,2,,,,,,,,,,1,2,,,,,,,,,,,,,,
2024,"Egypt, Arab Rep.",EGY,Middle East & North Africa (excluding high income),77385958,205127889,0.257212146,1,52,2,1,1,1,0,0,0,0,1,1,4,4,4,4,0,2,3,0,2,,,,,,,,,,2,1,1,2,2,2,2,2,1,,,,,,,,,,,,,,,,2,,2,,,,1,2,2,,2,,1,,2,2,2,,,,2,3,2,2,,,,,,,,,,,2,,2,,2,1,2,2,,1,2,,,,,,,,,2,2,,,,,,,,2,,,,,,1,0,1,,,,,,,,,,,,,,2,2,1,1,,1,,2,2,2,,2,2,,2,2,2,,,,,,,,,,,,,2,2,2,2,2,1,2,1,8,1,2,,,,,,,,,,,,,,
2024,"Egypt, Arab Rep.",EGY,Middle East & North Africa (excluding high income),77385958,205228854,0.502365317,2,38,2,2,2,2,0,0,0,0,0,0,2,4,4,4,0,2,3,0,2,,,,,,,,,,2,2,1,2,1,2,1,1,2,,,,,,,,,,,,,,,,2,,2,,,,2,2,2,,2,,2,,2,2,2,,,2,2,2,1,2,,,,,,,,,,,2,,2,,2,1,2,2,,1,1,2,2,2,1,,,,,2,2,,,,,,,,2,,,,,,3,1,1,,,,,,,,,,,,,,1,,1,1,,1,,1,4,2,,2,2,,2,1,,1,1,3,,1,1,1,2,2,1,2,2,,,,,,,,,,1,2,,,,,,,,,,,,,,
2024,"Egypt, Arab Rep.",EGY,Middle East & North Africa (excluding high income),77385958,205415902,1.259471189,2,54,1,1,2,2,0,0,0,0,1,0,4,4,4,4,0,2,3,0,2,,,,,,,,,,2,2,1,2,2,2,1,2,2,,,,,,,,,,,,,,,,2,,2,,,,2,2,2,,1,,1,,1,2,1,,,,7,,1,2,,,,,,,,,,,2,,2,,2,1,2,2,,1,2,,,,,,,,,2,2,,,,,,,,2,,,,,,3,0,1,,,,,,,,,,,,,,2,2,1,1,,2,,,2,2,,2,2,,2,2,2,,,,,,,,,,,,,2,2,2,1,2,2,2,2,4,1,2,,,,,,,,,,,,,,
2024,"Egypt, Arab Rep.",EGY,Middle East & North Africa (excluding high income),77385958,205532833,0.343610895,2,43,2,5,1,2,1,1,1,1,1,1,4,4,4,4,0,2,1,1,1,2,2,3,3,1,1,1,1,1,,,,,,,,,,,,,,,,,,,,,,,,,1,1,2,3,1,1,,1,2,,2,2,2,,2,2,2,1,1,,1,3,2,2,,,,2,2,,4,1,2,,1,1,2,,2,1,2,2,,1,2,,,,,,,,,2,2,,,,,,,,2,,,,,,3,1,1,,,,,,,,,,,,,,1,,1,1,,1,,1,1,1,1,2,1,2,2,1,,1,1,3,,1,1,1,1,1,2,2,2,,,,,,,,,,1,2,,,,,,,,,,,,,,
2024,"Egypt, Arab Rep.",EGY,Middle East & North Africa (excluding high income),77385958,205587163,0.420908031,1,21,2,1,2,2,0,0,0,0,0,1,4,4,4,4,0,4,3,0,2,,,,,,,,,,2,2,1,2,2,1,1,2,2,,,,,,,,,,,,,,,,2,,1,,,,,2,2,,2,,2,2,2,2,2,,,2,5,2,2,2,,,,,,,,,,,2,,2,,2,2,,,,,2,,,,,,,,,2,2,,,,,,,,2,,,,,,3,1,1,,,,,,,,,,,,,,1,,2,1,,1,,1,4,1,1,2,2,,2,1,,2,1,2,,1,1,1,2,2,2,2,2,,,,,,,,,,1,2,,,,,,,,,,,,,,
2024,"Egypt, Arab Rep.",EGY,Middle East & North Africa (excluding high income),77385958,205642790,1.246675656,2,35,1,3,1,1,0,0,0,0,0,0,2,4,4,4,0,2,3,0,2,,,,,,,,,,2,2,1,2,2,2,1,1,2,,,,,,,,,,,,,,,,2,,2,,,,2,2,2,,2,,2,,2,2,2,,,2,2,1,4,2,,,,,,,,,,,2,,2,,2,1,2,2,,1,1,2,2,2,1,,,,,2,2,,,,,,,,2,,,,,,4,0,1,,,,,,,,,,,,,,2,2,1,1,,2,,,2,2,,2,2,,2,2,2,,,,,,,,,,,,,1,2,2,1,2,2,2,1,1,1,2,,,,,,,,,,,,,,
2024,"Egypt, Arab Rep.",EGY,Middle East & North Africa (excluding high income),77385958,205649677,1.456913093,1,19,2,2,1,1,0,0,0,0,1,0,4,4,4,4,0,4,3,0,2,,,,,,,,,,2,2,2,2,2,2,2,1,2,,,,,,,,,,,,,,,,2,,2,,,,2,2,2,,2,,2,,2,2,1,,,2,7,,1,1,1,2,,,,,,,,,2,,2,,2,2,,,,,2,,,,,,,,,2,2,,,,,,,,2,,,,,,6,0,1,,,,,,,,,,,,,,2,2,2,1,,1,,2,1,2,,2,2,,2,2,2,,,,,,,,,,,,,1,2,2,2,2,2,2,2,1,1,2,,,,,,,,,,,,,,
2024,"Egypt, Arab Rep.",EGY,Middle East & North Africa (excluding high income),77385958,206043235,0.320142631,2,42,2,3,1,2,0,0,0,0,1,1,2,4,4,4,0,2,3,0,2,,,,,,,,,,2,2,2,2,3,1,1,2,2,,,,,,,,,,,,,,,,2,,2,,,,1,2,2,,2,,1,,2,2,1,,,,2,1,2,2,,,,,,,,,,,2,,2,,1,1,2,2,,1,1,2,2,2,1,,,,,2,2,,,,,,,,2,,,,,,4,1,2,1,2,2,2,2,2,1,97,1,1,1,2,,,,,,,,,,,,,,,,,2,1,1,1,3,,2,2,1,2,2,2,2,2,,,,,,,,,,1,2,,,,,,,,,,,,,,
2024,"Egypt, Arab Rep.",EGY,Middle East & North Africa (excluding high income),77385958,206278017,0.690572887,1,37,3,2,1,2,1,1,1,1,0,0,4,4,4,4,0,4,2,1,1,1,2,3,3,1,2,2,2,2,,,,,,,,,,,,,,,,,,,,,,,,,2,2,2,,,,2,2,2,,2,2,2,,2,2,2,,,2,2,2,1,2,,,,2,2,,1,2,2,,1,2,2,,2,2,,,,,2,,,,,,,,,2,2,,,,,,,,2,,,,,,4,1,1,,,,,,,,,,,,,,1,,1,1,,1,,1,1,1,1,2,2,,2,1,,1,2,,1,1,1,1,2,2,1,2,1,,,,,,,,,,1,2,,,,,,,,,,,,,,
2024,"Egypt, Arab Rep.",EGY,Middle East & North Africa (excluding high income),77385958,206398149,1.071397808,2,25,2,1,2,1,0,1,1,1,0,0,2,4,4,4,0,4,1,1,2,,,,,,,,,,2,1,1,2,2,2,1,2,2,,,,,,,,,,,,,,,,2,2,2,,,,2,2,2,,2,2,2,,2,2,2,,,2,7,,1,2,,,,2,2,,1,2,2,,1,1,2,,2,2,,,,,1,2,2,2,1,,,,,2,2,,,,,,,,2,,,,,,3,1,1,,,,,,,,,,,,,,1,,1,1,,1,,1,2,1,1,2,2,,2,1,,1,1,3,,1,2,1,1,2,2,2,2,,,,,,,,,,1,2,,,,,,,,,,,,,,
2024,"Egypt, Arab Rep.",EGY,Middle East & North Africa (excluding high income),77385958,206444693,1.059167793,2,42,3,3,1,1,1,0,1,0,0,0,1,4,4,4,0,2,3,1,1,2,1,2,2,,1,1,1,2,,,,,,,,,,,,,,,,,,,,,,,,,2,,2,,,,2,2,2,,2,,2,,2,2,2,,,2,2,3,2,2,,,,2,2,,4,2,2,,2,,2,,2,1,2,2,,1,1,1,1,2,,,2,1,,2,2,,,,,,,,2,,,,,,6,1,1,,,,,,,,,,,,,,1,,1,1,,1,,1,1,1,1,2,1,2,2,1,,1,1,3,,1,1,1,2,2,2,2,2,,,,,,,,,,1,2,,,,,,,,,,,,,,
2024,"Egypt, Arab Rep.",EGY,Middle East & North Africa (excluding high income),77385958,206455968,1.613418094,1,33,1,3,2,1,0,0,0,0,1,0,4,4,4,4,0,2,3,0,2,,,,,,,,,,2,2,1,2,3,2,1,1,2,,,,,,,,,,,,,,,,2,,2,,,,2,2,2,,2,,1,,1,2,1,,,,2,1,4,2,,,,,,,,,,,2,,2,,2,1,2,2,,1,2,,,,,,,,,2,2,,,,,,,,2,,,,,,3,0,1,,,,,,,,,,,,,,2,2,2,1,,2,,,2,2,,2,2,,2,2,2,,,,,,,,,,,,,1,2,2,2,2,2,2,1,1,1,2,,,,,,,,,,,,,,
2024,"Egypt, Arab Rep.",EGY,Middle East & North Africa (excluding high income),77385958,206695148,1.197341498,2,21,2,5,1,1,0,1,1,1,0,1,2,4,4,4,0,4,1,1,2,,,,,,,,,,2,1,1,2,1,2,2,2,1,,,,,,,,,,,,,,,,2,1,2,2,1,2,,2,2,,2,2,2,,2,2,2,,,2,4,3,2,2,,,,2,2,,4,2,1,2,1,1,1,1,2,2,,,,,1,2,2,2,1,,,,,2,2,,,,,,,,2,,,,,,3,1,1,,,,,,,,,,,,,,1,,1,1,,1,,1,2,1,1,2,1,2,2,1,,1,1,1,,1,1,1,1,2,2,2,2,,,,,,,,,,1,2,,,,,,,,,,,,,,
2024,"Egypt, Arab Rep.",EGY,Middle East & North Africa (excluding high income),77385958,206726864,0.517459132,2,56,2,2,1,2,0,0,0,0,1,0,2,4,4,4,0,2,3,0,2,,,,,,,,,,2,2,1,2,2,2,1,2,2,,,,,,,,,,,,,,,,2,,2,,,,2,2,2,,2,,1,,2,2,1,,,,4,3,1,2,,,,,,,,,,,2,,2,,2,1,2,2,,1,1,2,2,2,1,,,,,2,2,,,,,,,,2,,,,,,4,1,1,,,,,,,,,,,,,,1,,1,1,,1,,1,4,1,1,2,1,2,2,1,,1,1,3,,1,2,1,2,1,2,2,2,,,,,,,,,,1,2,,,,,,,,,,,,,,
2024,"Egypt, Arab Rep.",EGY,Middle East & North Africa (excluding high income),77385958,206784654,0.722274005,1,34,3,5,2,1,1,0,1,1,0,1,4,4,4,4,0,2,3,0,1,1,2,2,2,,1,1,1,2,,,,,,,,,,,,,,,,,,,,,,,,,1,,2,2,2,2,,2,2,,2,,2,,2,2,2,,,2,1,3,1,2,,,,2,2,,1,2,2,,2,,2,,1,1,2,2,,1,2,,,,,,,,,2,2,,,,,,,,2,,,,,,3,1,1,,,,,,,,,,,,,,1,,1,1,,1,,1,3,1,1,2,2,,1,1,,1,1,3,,1,1,1,1,2,2,2,2,,,,,,,,,,1,2,,,,,,,,,,,,,,
2024,"Egypt, Arab Rep.",EGY,Middle East & North Africa (excluding high income),77385958,206817622,1.160967231,2,63,1,2,1,1,0,0,0,0,0,0,2,4,4,4,0,2,3,0,2,,,,,,,,,,2,2,2,2,2,2,1,2,2,,,,,,,,,,,,,,,,2,,2,,,,2,2,2,,2,,2,,2,2,2,,,2,7,,1,2,,,,,,,,,,,2,,2,,2,1,2,2,,1,1,2,2,2,1,,,,,2,2,,,,,,,,2,,,,,,3,0,1,,,,,,,,,,,,,,1,,1,2,,1,,2,2,2,,2,2,,2,2,2,,,,,2,2,2,2,2,2,2,2,,,,,,,,,,1,2,,,,,,,,,,,,,,
2024,"Egypt, Arab Rep.",EGY,Middle East & North Africa (excluding high income),77385958,206827170,0.522804934,2,49,2,3,1,2,0,0,0,0,1,0,4,4,4,4,0,4,2,0,2,,,,,,,,,,2,2,1,2,2,2,1,2,2,,,,,,,,,,,,,,,,2,,2,,,,2,2,2,,2,,1,,2,2,2,,,,2,1,2,2,,,,,,,,,,,1,2,1,2,2,2,,,,,2,,,,,,,,,2,2,,,,,,,,2,,,,,,5,1,1,,,,,,,,,,,,,,1,,1,1,,1,,1,1,2,,2,2,,2,1,,1,1,3,,1,1,1,1,1,2,2,2,,,,,,,,,,1,2,,,,,,,,,,,,,,
2024,"Egypt, Arab Rep.",EGY,Middle East & North Africa (excluding high income),77385958,206947989,0.524140268,1,60,2,4,2,2,1,0,1,1,0,1,4,1,1,4,0,4,3,1,1,1,1,2,2,,1,1,1,2,,,,,,,,,,,,,,,,,,,,,,,,,2,2,1,,,,,2,2,,2,2,2,2,2,2,2,,,2,5,3,4,2,,,,2,2,,1,2,2,,2,,2,,2,2,,,,,2,,,,,,,,,1,1,1,2,,,1,2,,2,,,,,,1,1,1,,,,,,,,,,,,,,1,,1,1,,1,,1,1,1,1,2,1,2,2,1,,1,1,3,,1,1,1,1,2,2,1,2,,,,,,,,,,1,2,,,,,,,,,,,,,,
2024,"Egypt, Arab Rep.",EGY,Middle East & North Africa (excluding high income),77385958,206985032,0.300959026,2,40,2,3,1,2,1,1,1,1,1,1,1,4,4,4,0,4,1,1,1,1,2,1,3,,1,1,2,2,,,,,,,,,,,,,,,,,,,,,,,,,1,2,2,3,1,1,,2,2,,2,2,1,,2,1,2,,,,1,2,2,2,,,,2,2,,4,2,2,,1,1,2,,2,2,,,,,1,2,1,2,,,2,2,,2,2,,,,,,,,2,,,,,,4,1,1,,,,,,,,,,,,,,1,,1,1,,1,,1,2,1,1,2,2,,2,1,,1,1,3,,1,1,1,1,2,2,2,2,,,,,,,,,,1,2,,,,,,,,,,,,,,
2024,"Egypt, Arab Rep.",EGY,Middle East & North Africa (excluding high income),77385958,207011467,0.331757161,1,50,2,3,2,2,0,0,0,0,1,0,4,4,4,4,0,2,2,0,2,,,,,,,,,,2,2,1,2,2,2,1,1,2,,,,,,,,,,,,,,,,2,,2,,,,2,2,2,,2,,1,,1,2,1,,,,4,1,4,2,,,,,,,,,,,2,,1,2,2,1,2,2,,1,2,,,,,,,,,2,2,,,,,,,,2,,,,,,5,0,1,,,,,,,,,,,,,,2,2,2,1,,2,,,4,2,,2,2,,2,2,2,,,,,,,,,,,,,1,2,2,2,2,2,2,1,1,1,2,,,,,,,,,,,,,,
2024,"Egypt, Arab Rep.",EGY,Middle East & North Africa (excluding high income),77385958,207114571,1.254218476,1,67,1,3,2,2,0,0,0,0,1,0,4,4,4,4,0,4,2,0,2,,,,,,,,,,2,1,1,2,1,2,1,2,2,,,,,,,,,,,,,,,,2,,2,,,,2,2,2,,2,,1,,1,2,2,,,,5,1,1,2,,,,,,,,,,,2,,1,2,2,2,,,,,2,,,,,,,,,2,2,,,,,,,,2,,,,,,3,0,1,,,,,,,,,,,,,,2,2,2,1,,2,,,2,2,,2,1,2,2,2,2,,,,,,,,,,,,,2,2,2,1,2,2,2,1,4,1,2,,,,,,,,,,,,,,
2024,"Egypt, Arab Rep.",EGY,Middle East & North Africa (excluding high income),77385958,207605669,2.123803777,1,31,1,2,2,2,0,0,0,0,1,0,4,4,4,4,0,4,3,0,2,,,,,,,,,,2,2,2,2,2,2,1,2,2,,,,,,,,,,,,,,,,2,,2,,,,2,2,2,,2,,1,,2,2,2,,,,7,,2,2,,,,,,,,,,,2,,2,,2,2,,,,,2,,,,,,,,,2,2,,,,,,,,2,,,,,,4,0,1,,,,,,,,,,,,,,2,2,1,1,,1,,2,1,2,,2,2,,2,2,2,,,,,,,,,,,,,1,2,2,2,2,2,2,1,1,1,2,,,,,,,,,,,,,,
2024,"Egypt, Arab Rep.",EGY,Middle East & North Africa (excluding high income),77385958,207613294,0.858684737,1,31,2,1,2,2,0,0,0,0,0,0,4,4,4,4,0,2,3,0,2,,,,,,,,,,2,2,2,2,2,2,1,1,2,,,,,,,,,,,,,,,,2,,2,,,,2,2,2,,2,,2,,2,2,2,,,2,2,1,3,2,,,,,,,,,,,2,,2,,2,1,2,2,,1,2,,,,,,,,,2,2,,,,,,,,2,,,,,,5,1,1,,,,,,,,,,,,,,1,,2,1,,1,,1,2,1,1,2,2,,2,1,,2,1,3,,1,2,1,1,2,2,2,2,,,,,,,,,,1,2,,,,,,,,,,,,,,
2024,"Egypt, Arab Rep.",EGY,Middle East & North Africa (excluding high income),77385958,207747358,0.409375751,1,55,2,4,2,1,0,0,0,0,0,0,4,4,4,4,0,2,3,0,2,,,,,,,,,,2,2,1,2,2,2,1,2,2,,,,,,,,,,,,,,,,2,,2,,,,2,2,2,,2,,2,,2,2,2,,,2,7,,1,2,,,,,,,,,,,2,,2,,2,1,2,2,,1,2,,,,,,,,,2,2,,,,,,,,2,,,,,,4,1,1,,,,,,,,,,,,,,1,,1,1,,1,,1,4,1,2,2,2,,2,1,,1,2,,1,1,1,1,1,2,2,2,2,,,,,,,,,,1,2,,,,,,,,,,,,,,
2024,"Egypt, Arab Rep.",EGY,Middle East & North Africa (excluding high income),77385958,207877603,0.998012558,2,50,1,2,1,1,0,0,0,0,0,0,4,4,4,4,0,2,3,0,2,,,,,,,,,,2,2,1,2,2,2,1,2,2,,,,,,,,,,,,,,,,2,,2,,,,2,2,2,,2,,2,,2,2,2,,,2,2,2,1,2,,,,,,,,,,,2,,2,,2,1,2,2,,1,2,,,,,,,,,2,2,,,,,,,,2,,,,,,4,0,1,,,,,,,,,,,,,,2,2,1,1,,2,,,1,2,,2,2,,2,2,2,,,,,,,,,,,,,1,2,2,1,2,2,2,1,8,1,2,,,,,,,,,,,,,,
2024,"Egypt, Arab Rep.",EGY,Middle East & North Africa (excluding high income),77385958,207908612,1.039316459,1,35,1,1,1,2,0,0,0,0,1,0,4,4,4,4,0,4,3,0,2,,,,,,,,,,2,2,2,2,1,2,1,2,2,,,,,,,,,,,,,,,,2,,2,,,,2,2,2,,2,,2,,2,2,1,,,1,7,,1,2,,,,,,,,,,,2,,2,,2,2,,,,,2,,,,,,,,,2,2,,,,,,,,2,,,,,,4,0,1,,,,,,,,,,,,,,2,2,1,1,,2,,,2,2,,2,2,,2,2,2,,,,,,,,,,,,,1,2,2,1,2,2,2,1,8,1,2,,,,,,,,,,,,,,
2024,"Egypt, Arab Rep.",EGY,Middle East & North Africa (excluding high income),77385958,207961714,1.018617326,2,22,2,4,2,2,0,1,1,1,1,1,2,4,4,4,0,2,3,1,2,,,,,,,,,,2,2,2,2,2,2,1,2,2,,,,,,,,,,,,,,,,2,1,2,3,2,2,,2,2,,2,2,1,,2,2,2,,,,2,2,1,2,,,,2,2,,4,2,2,,2,,2,,2,1,2,2,,1,1,2,2,2,1,,,,,2,2,,,,,,,,2,,,,,,3,1,1,,,,,,,,,,,,,,1,,1,1,,1,,1,1,1,1,2,2,,2,1,,1,1,2,,1,1,1,1,2,2,2,2,,,,,,,,,,1,2,,,,,,,,,,,,,,
2024,"Egypt, Arab Rep.",EGY,Middle East & North Africa (excluding high income),77385958,208010188,1.205427032,2,21,2,3,1,2,0,0,0,0,0,0,4,4,4,4,0,4,3,0,2,,,,,,,,,,2,2,1,2,2,2,1,1,2,,,,,,,,,,,,,,,,2,,2,,,,2,2,2,,2,,2,,2,2,2,,,2,2,3,1,1,2,1,,,,,,,,,2,,2,,2,2,,,,,2,,,,,,,,,2,2,,,,,,,,2,,,,,,4,1,1,,,,,,,,,,,,,,1,,2,1,,1,,1,1,1,1,2,2,,2,1,,1,1,3,,1,1,1,1,1,2,1,2,,,,,,,,,,1,2,,,,,,,,,,,,,,
2024,"Egypt, Arab Rep.",EGY,Middle East & North Africa (excluding high income),77385958,208039365,0.257212146,1,38,2,2,1,1,0,0,0,0,1,0,4,4,4,4,0,2,3,0,2,,,,,,,,,,2,2,1,2,2,2,1,2,1,,,,,,,,,,,,,,,,2,,2,,,,2,2,2,,2,,1,,1,2,2,,,,7,,1,2,,,,,,,,,,,2,,2,,1,1,2,2,,1,2,,,,,,,,,2,2,,,,,,,,2,,,,,,3,1,1,,,,,,,,,,,,,,1,,1,1,,1,,1,3,1,1,2,2,,2,1,,1,1,2,,1,1,1,1,1,2,2,2,,,,,,,,,,1,2,,,,,,,,,,,,,,
2024,"Egypt, Arab Rep.",EGY,Middle East & North Africa (excluding high income),77385958,208089738,1.679294918,2,48,1,1,1,2,0,0,0,0,1,0,2,4,4,4,0,4,2,0,2,,,,,,,,,,2,2,1,2,2,2,1,2,2,,,,,,,,,,,,,,,,2,,2,,,,2,2,2,,2,,1,,1,2,1,,,,7,,3,2,,,,,,,,,,,1,2,1,2,2,2,,,,,1,2,2,2,1,,,,,2,2,,,,,,,,2,,,,,,4,1,1,,,,,,,,,,,,,,1,,1,1,,1,,1,1,1,2,2,2,,1,1,,1,1,3,,1,1,1,2,2,2,2,2,,,,,,,,,,1,2,,,,,,,,,,,,,,
2024,"Egypt, Arab Rep.",EGY,Middle East & North Africa (excluding high income),77385958,208200561,0.494759552,1,24,2,3,1,2,0,0,0,0,1,0,2,4,4,4,0,4,2,0,2,,,,,,,,,,2,2,1,2,2,2,1,2,2,,,,,,,,,,,,,,,,2,,2,,,,2,2,2,,1,,1,,2,2,2,,,,4,1,1,2,,,,,,,,,,,1,2,1,2,2,2,,,,,1,2,2,2,1,,,,,2,2,,,,,,,,2,,,,,,4,0,2,1,2,2,2,2,2,2,1,2,,,,1,,,,,,,,,,,,,,,,2,2,,,,,,,,,,,,,,,,,,,,,,1,2,,,,,,,,,,,,,,
2024,"Egypt, Arab Rep.",EGY,Middle East & North Africa (excluding high income),77385958,208216654,2.449430851,2,25,3,3,1,2,1,1,1,1,0,1,1,4,4,4,1,1,3,1,1,1,2,2,2,,2,1,1,2,,,,,,,,,,,,,,,,,,,,,,,,,2,1,2,3,2,2,,2,2,,2,2,2,,2,2,2,,,2,2,2,4,2,,,,2,1,3,,1,1,1,2,,2,,2,1,2,1,,,1,2,2,1,,,2,1,,2,2,,,,,,,,2,,,,,,1,1,1,,,,,,,,,,,,,,1,,1,1,,1,,1,1,1,1,2,2,,1,1,,1,1,3,,1,1,1,1,1,2,2,1,,,,,,,,,,1,2,,,,,,,,,,,,,,
2024,"Egypt, Arab Rep.",EGY,Middle East & North Africa (excluding high income),77385958,208533826,2.884473773,2,19,1,4,1,2,0,0,0,0,1,1,2,4,4,4,0,4,3,0,2,,,,,,,,,,2,2,1,2,1,2,1,2,2,,,,,,,,,,,,,,,,2,,2,,,,1,2,2,,2,,1,,1,2,1,,,,3,2,2,2,,,,,,,,,,,2,,2,,2,2,,,,,1,2,2,2,1,,,,,2,2,,,,,,,,2,,,,,,3,1,1,,,,,,,,,,,,,,1,,2,1,,1,,1,4,1,1,2,2,,2,1,,1,1,1,,1,2,1,1,2,2,2,2,,,,,,,,,,1,2,,,,,,,,,,,,,,
2024,"Egypt, Arab Rep.",EGY,Middle East & North Africa (excluding high income),77385958,208534875,0.871387114,2,65,1,1,1,1,0,0,0,0,1,0,2,4,4,4,0,2,3,0,2,,,,,,,,,,2,2,1,2,2,2,1,2,2,,,,,,,,,,,,,,,,2,,2,,,,2,2,2,,2,,1,,1,2,1,,,,2,1,4,2,,,,,,,,,,,2,,2,,2,1,2,2,,1,1,2,2,2,1,,,,,2,2,,,,,,,,2,,,,,,4,1,1,,,,,,,,,,,,,,1,,1,1,,2,,,4,2,,2,2,,2,1,,2,1,2,,2,2,1,1,1,2,2,2,,,,,,,,,,1,2,,,,,,,,,,,,,,
2024,"Egypt, Arab Rep.",EGY,Middle East & North Africa (excluding high income),77385958,208643628,1.747147061,1,35,1,1,2,1,1,0,1,0,0,0,4,1,4,4,0,4,3,1,2,,,,,,,,,,,,,,,,,,,,,,,,,,,,,,,,,,2,,2,,,,2,2,2,,2,,2,,2,2,2,,,2,7,,1,2,,,,,,,,,,,2,,2,,2,2,,,,,2,,,,,,,,,1,2,2,2,2,1,1,2,,2,,,,,,3,0,1,,,,,,,,,,,,,,2,2,1,1,,1,,2,4,2,,2,2,,2,2,2,,,,,,,,,,,,,1,2,2,2,2,2,2,2,1,1,2,,,,,,,,,,,,,,
2024,"Egypt, Arab Rep.",EGY,Middle East & North Africa (excluding high income),77385958,208656023,0.257212146,2,68,2,5,2,2,1,0,1,1,0,0,4,4,4,4,0,2,3,0,1,1,1,2,2,,2,1,2,2,,,,,,,,,,,,,,,,,,,,,,,,,2,,2,,,,2,2,2,,2,,2,,2,2,2,,,2,2,2,2,2,,,,2,2,,4,2,2,,2,,2,,2,1,2,2,,1,2,,,,,,,,,2,2,,,,,,,,2,,,,,,1,1,1,,,,,,,,,,,,,,1,,1,1,,1,,1,1,1,1,2,2,,2,1,,1,1,3,,1,2,1,1,1,2,2,2,,,,,,,,,,1,2,,,,,,,,,,,,,,
2024,"Egypt, Arab Rep.",EGY,Middle East & North Africa (excluding high income),77385958,208723415,0.62275476,1,39,2,2,2,2,0,0,0,0,0,0,4,4,4,4,0,4,3,0,2,,,,,,,,,,2,2,1,2,1,2,1,2,2,,,,,,,,,,,,,,,,2,,2,,,,2,2,2,,2,,2,,2,2,2,,,2,2,2,3,2,,,,,,,,,,,2,,2,,2,2,,,,,2,,,,,,,,,2,2,,,,,,,,2,,,,,,6,1,1,,,,,,,,,,,,,,1,,1,1,,1,,1,2,2,,1,2,,2,1,,1,1,3,,1,1,1,2,2,2,1,2,,,,,,,,,,1,2,,,,,,,,,,,,,,
2024,"Egypt, Arab Rep.",EGY,Middle East & North Africa (excluding high income),77385958,208789413,0.732112245,2,36,3,5,1,2,0,1,1,1,1,1,4,4,4,4,0,2,1,1,2,,,,,,,,,,2,2,1,2,1,2,1,2,2,,,,,,,,,,,,,,,,2,1,2,3,2,2,,2,2,,2,1,1,,2,2,2,,,,3,1,4,2,,,,2,2,,1,2,2,,1,1,1,1,2,1,2,2,,1,2,,,,,,,,,2,2,,,,,,,,2,,,,,,1,1,1,,,,,,,,,,,,,,1,,1,1,,1,,1,3,1,1,2,2,,2,1,,1,1,3,,1,1,1,1,2,2,1,2,,,,,,,,,,1,2,,,,,,,,,,,,,,
2024,"Egypt, Arab Rep.",EGY,Middle East & North Africa (excluding high income),77385958,208876726,2.020225662,1,34,1,1,2,2,1,0,1,1,1,1,4,4,4,4,0,4,2,0,1,1,2,3,3,1,1,2,2,2,,,,,,,,,,,,,,,,,,,,,,,,,1,,1,3,1,2,,2,2,,2,,1,1,1,2,1,,,,2,1,1,2,,,,2,2,,4,2,2,,2,,1,2,1,2,,,,,2,,,,,,,,,2,2,,,,,,,,2,,,,,,3,0,1,,,,,,,,,,,,,,2,2,2,1,,2,,,2,2,,2,2,,2,2,2,,,,,,,,,,,,,1,2,2,1,2,2,2,1,1,1,2,,,,,,,,,,,,,,
2024,"Egypt, Arab Rep.",EGY,Middle East & North Africa (excluding high income),77385958,208992715,1.039316459,1,40,1,3,2,1,1,0,1,0,0,0,4,1,4,4,0,4,3,1,1,2,1,2,2,,2,2,2,2,,,,,,,,,,,,,,,,,,,,,,,,,2,,2,,,,2,2,2,,2,,2,,2,2,2,,,2,2,1,2,2,,,,2,2,,4,2,2,,2,,2,,2,2,,,,,2,,,,,,,,,1,2,1,2,,,1,2,,2,,,,,,4,0,1,,,,,,,,,,,,,,2,2,2,1,,1,,2,2,2,,1,2,,2,2,2,,,,,,,,,,,,,1,2,2,2,2,2,2,2,1,1,2,,,,,,,,,,,,,,
2024,"Egypt, Arab Rep.",EGY,Middle East & North Africa (excluding high income),77385958,209031750,0.739868177,2,33,2,2,1,1,1,0,1,0,0,0,1,4,4,4,0,2,3,1,1,2,1,2,2,,2,2,2,2,,,,,,,,,,,,,,,,,,,,,,,,,2,,2,,,,2,2,2,,2,,2,,2,2,2,,,2,2,2,1,2,,,,2,2,,1,2,2,,2,,2,,2,1,2,2,,1,1,1,1,2,,,2,1,,2,2,,,,,,,,2,,,,,,4,1,1,,,,,,,,,,,,,,1,,1,1,,1,,1,1,1,2,2,2,,2,1,,1,2,,1,1,1,1,2,2,2,2,2,,,,,,,,,,1,2,,,,,,,,,,,,,,
2024,"Egypt, Arab Rep.",EGY,Middle East & North Africa (excluding high income),77385958,209056635,1.530908106,2,44,1,2,2,2,1,0,1,0,0,0,4,4,1,4,0,2,3,1,1,2,1,2,2,,2,1,2,2,,,,,,,,,,,,,,,,,,,,,,,,,2,,2,,,,2,2,2,,2,,2,,2,2,2,,,2,4,1,4,2,,,,2,2,,4,2,2,,2,,2,,2,1,2,2,,1,2,,,,,,,,,2,1,1,2,,,1,2,,2,,,,,,4,1,1,,,,,,,,,,,,,,1,,1,1,,1,,1,1,1,2,2,2,,2,1,,2,1,2,,1,2,1,2,1,2,2,2,,,,,,,,,,1,2,,,,,,,,,,,,,,
2024,"Egypt, Arab Rep.",EGY,Middle East & North Africa (excluding high income),77385958,209218142,0.903394448,1,34,1,5,2,2,0,0,0,0,1,0,4,4,4,4,0,2,3,0,2,,,,,,,,,,2,2,1,2,2,2,1,2,2,,,,,,,,,,,,,,,,2,,2,,,,2,2,2,,2,,2,,2,2,1,,,2,2,2,2,1,2,1,,,,,,,,,2,,2,,2,1,2,2,,1,2,,,,,,,,,2,2,,,,,,,,2,,,,,,4,0,1,,,,,,,,,,,,,,1,,2,1,,2,,,2,1,2,2,1,2,2,2,2,,,,,2,2,2,2,2,2,2,2,,,,,,,,,,1,2,,,,,,,,,,,,,,
2024,"Egypt, Arab Rep.",EGY,Middle East & North Africa (excluding high income),77385958,209243803,0.698431846,1,41,3,5,1,1,1,0,1,0,1,0,1,4,4,4,0,4,3,1,1,2,1,2,2,,2,1,2,2,,,,,,,,,,,,,,,,,,,,,,,,,2,,2,,,,2,2,2,,2,,1,,1,2,2,,,,2,2,4,2,,,,2,2,,4,2,2,,2,,2,,2,2,,,,,1,1,1,2,,,2,1,,2,2,,,,,,,,2,,,,,,3,1,1,,,,,,,,,,,,,,1,,2,1,,1,,1,2,1,1,2,2,,2,1,,1,1,3,,1,1,1,1,1,2,2,2,,,,,,,,,,1,2,,,,,,,,,,,,,,
2024,"Egypt, Arab Rep.",EGY,Middle East & North Africa (excluding high income),77385958,209416926,2.407101931,1,23,3,4,2,2,0,1,1,1,1,0,4,4,4,4,0,4,1,1,2,,,,,,,,,,2,2,2,2,2,2,1,2,2,,,,,,,,,,,,,,,,2,2,2,,,,2,2,2,,2,2,1,,2,2,2,,,,7,,5,2,,,,2,2,,4,2,2,,2,,1,1,2,2,,,,,2,,,,,,,,,2,2,,,,,,,,2,,,,,,3,1,1,,,,,,,,,,,,,,1,,1,1,,1,,1,2,2,,2,2,,2,1,,1,1,1,,1,1,1,1,2,2,2,2,,,,,,,,,,1,2,,,,,,,,,,,,,,
2024,"Egypt, Arab Rep.",EGY,Middle East & North Africa (excluding high income),77385958,209503037,0.257212146,1,25,2,4,1,2,0,0,0,0,1,0,2,4,4,4,0,4,2,0,2,,,,,,,,,,2,2,1,2,2,2,1,2,2,,,,,,,,,,,,,,,,2,,2,,,,2,2,2,,2,,1,,1,2,1,,,,3,2,1,2,,,,,,,,,,,2,,1,2,2,2,,,,,1,2,2,2,1,,,,,2,2,,,,,,,,2,,,,,,3,1,1,,,,,,,,,,,,,,1,,2,1,,1,,1,2,1,1,2,2,,2,1,,2,2,,1,1,1,1,1,1,2,2,2,,,,,,,,,,1,2,,,,,,,,,,,,,,
2024,"Egypt, Arab Rep.",EGY,Middle East & North Africa (excluding high income),77385958,209521101,1.476281778,1,53,1,3,1,2,0,0,0,0,0,1,4,4,4,2,0,4,2,0,2,,,,,,,,,,2,2,2,2,3,2,1,2,2,,,,,,,,,,,,,,,,2,,2,,,,1,2,2,,2,,2,,2,2,2,,,2,2,2,2,2,,,,,,,,,,,1,2,2,,2,2,,,,,2,,,,,,,,,2,2,,,,,,,,1,2,2,1,,2,3,0,2,2,1,2,1,2,2,1,4,1,2,2,2,,,,,,,,,,,,,,,,,2,2,,,,,,,,,,,,,,,,,,,,,,1,2,,,,,,,,,,,,,,
2024,"Egypt, Arab Rep.",EGY,Middle East & North Africa (excluding high income),77385958,209741225,0.328230066,1,53,2,2,2,1,1,0,1,0,1,0,4,1,4,4,0,2,2,1,1,2,1,2,2,,2,2,2,2,,,,,,,,,,,,,,,,,,,,,,,,,2,,2,,,,2,2,2,,2,,1,,1,2,1,,,,2,1,4,2,,,,2,2,,4,2,2,,2,,1,2,2,1,2,2,,1,2,,,,,,,,,1,2,1,2,,,1,2,,2,,,,,,1,0,2,1,2,2,2,2,2,1,1,2,,,,1,,,,,,,,,,,,,,,,2,2,,,,,,,,,,,,,,,,,,,,,,1,2,,,,,,,,,,,,,,
2024,"Egypt, Arab Rep.",EGY,Middle East & North Africa (excluding high income),77385958,209819926,1.455758124,1,62,1,5,2,2,1,0,1,0,1,0,4,4,4,4,0,2,2,0,1,2,1,2,2,,2,2,2,2,,,,,,,,,,,,,,,,,,,,,,,,,2,,2,,,,2,2,2,,2,,1,,1,2,2,,,,2,1,2,2,,,,2,2,,4,2,2,,2,,1,2,2,1,2,2,,1,2,,,,,,,,,2,2,,,,,,,,2,,,,,,3,0,1,,,,,,,,,,,,,,2,2,2,2,,2,,,2,2,,2,2,,2,2,2,,,,,,,,,,,,,1,2,2,2,2,2,2,1,1,1,2,,,,,,,,,,,,,,
2024,"Egypt, Arab Rep.",EGY,Middle East & North Africa (excluding high income),77385958,210028399,2.889474023,1,25,3,5,2,2,1,1,1,1,1,1,4,4,4,4,1,4,3,1,1,2,2,3,3,1,1,2,2,1,,,,,,,,,,,,,,,,,,,,,,,,,1,2,2,3,1,2,,2,2,,2,2,2,,2,2,2,1,1,,1,3,1,2,,,,1,1,3,,2,1,2,2,,2,,2,2,,,,,2,,,,,,,,,2,2,,,,,,,,2,,,,,,3,1,1,,,,,,,,,,,,,,1,,1,1,,1,,1,1,1,1,1,2,,2,1,,1,1,3,,1,1,1,1,1,1,2,2,,,,,,,,,,1,2,,,,,,,,,,,,,,
2024,"Egypt, Arab Rep.",EGY,Middle East & North Africa (excluding high income),77385958,210068882,2.053090481,1,15,1,2,2,1,0,0,0,0,0,0,4,4,4,4,0,4,3,0,2,,,,,,,,,,2,2,2,2,2,1,2,1,2,,,,,,,,,,,,,,,,2,,2,,,,2,2,2,,2,,2,,2,2,2,,,2,2,1,4,2,,,,,,,,,,,2,,2,,2,2,,,,,2,,,,,,,,,2,2,,,,,,,,2,,,,,,3,1,2,1,2,1,2,1,1,1,1,1,1,2,1,,,,,,,,,,,,,,,,,1,,4,1,3,,1,2,1,2,1,2,2,2,,,,,,,,,,,,,,,,,,,,,,,,,
2024,"Egypt, Arab Rep.",EGY,Middle East & North Africa (excluding high income),77385958,210286588,1.360975269,1,47,1,2,2,1,1,0,1,1,1,0,4,1,4,4,0,2,3,1,1,1,1,2,2,,2,1,2,2,,,,,,,,,,,,,,,,,,,,,,,,,2,,2,,,,2,2,2,,2,,1,,2,2,1,,,,2,2,1,2,,,,2,2,,4,2,2,,2,,2,,2,1,2,2,,1,2,,,,,,,,,1,2,1,2,,,2,2,,2,,,,,,4,0,1,,,,,,,,,,,,,,2,2,1,1,,2,,,2,2,,2,2,,2,2,2,,,,,,,,,,,,,1,2,2,1,2,2,2,2,1,1,2,,,,,,,,,,,,,,
2024,"Egypt, Arab Rep.",EGY,Middle East & North Africa (excluding high income),77385958,210334953,0.341200913,2,35,2,3,1,2,0,0,0,0,1,0,4,4,4,4,0,4,2,0,2,,,,,,,,,,2,2,1,2,1,2,1,2,2,,,,,,,,,,,,,,,,2,,2,,,,2,2,2,,2,,1,,2,2,2,,,,2,2,2,2,,,,,,,,,,,2,,1,2,2,2,,,,,2,,,,,,,,,2,2,,,,,,,,2,,,,,,4,1,1,,,,,,,,,,,,,,1,,1,1,,1,,1,1,1,1,2,1,2,2,1,,1,1,3,,1,1,1,2,2,2,2,2,,,,,,,,,,1,2,,,,,,,,,,,,,,
2024,"Egypt, Arab Rep.",EGY,Middle East & North Africa (excluding high income),77385958,210389126,0.744626747,1,17,2,4,1,1,0,0,0,0,0,1,2,4,4,4,0,4,3,0,2,,,,,,,,,,2,2,1,2,2,2,1,2,2,,,,,,,,,,,,,,,,2,,1,,,,,2,2,,2,,2,2,2,2,2,,,2,2,2,4,2,,,,,,,,,,,2,,2,,2,2,,,,,1,2,2,2,1,,,,,2,2,,,,,,,,2,,,,,,5,1,1,,,,,,,,,,,,,,1,,2,1,,1,,1,1,1,1,1,1,2,2,1,,1,1,3,,1,1,2,2,1,2,1,2,,,,,,,,,,1,2,,,,,,,,,,,,,,
2024,"Egypt, Arab Rep.",EGY,Middle East & North Africa (excluding high income),77385958,210421063,1.205427032,2,18,2,5,2,2,0,0,0,0,0,0,4,4,4,4,0,4,3,0,2,,,,,,,,,,2,2,1,2,2,2,1,2,2,,,,,,,,,,,,,,,,2,,2,,,,2,2,2,,2,,2,,2,2,2,,,2,7,,3,2,,,,,,,,,,,2,,2,,2,2,,,,,2,,,,,,,,,2,2,,,,,,,,2,,,,,,3,1,1,,,,,,,,,,,,,,1,,1,1,,1,,1,1,2,,2,2,,2,1,,1,2,,2,1,1,1,2,2,2,2,2,,,,,,,,,,1,2,,,,,,,,,,,,,,
2024,"Egypt, Arab Rep.",EGY,Middle East & North Africa (excluding high income),77385958,210523425,1.60203993,1,50,1,2,2,2,0,0,0,0,1,0,4,4,4,4,0,2,3,0,2,,,,,,,,,,2,2,2,2,2,2,1,2,2,,,,,,,,,,,,,,,,2,,2,,,,2,2,2,,2,,1,,1,2,1,,,,2,1,4,2,,,,,,,,,,,2,,2,,2,1,2,2,,1,2,,,,,,,,,2,2,,,,,,,,2,,,,,,4,0,2,1,2,2,2,1,1,2,1,2,,,,1,,,,,,,,,,,,,,,,2,2,,,,,,,,,,,,,,,,,,,,,,1,2,,,,,,,,,,,,,,
2024,"Egypt, Arab Rep.",EGY,Middle East & North Africa (excluding high income),77385958,210687384,0.300959026,2,40,2,3,1,2,1,0,1,0,1,0,2,4,4,4,0,2,3,0,2,2,2,4,4,2,2,2,2,2,,,,,,,,,,,,,,,,,,,,,,,,,2,,2,,,,2,1,2,,2,,1,,2,1,2,,,,7,,3,2,,,,2,2,,4,2,2,,2,,2,,2,1,2,2,,1,1,2,2,2,1,,,,,2,2,,,,,,,,2,,,,,,4,1,1,,,,,,,,,,,,,,1,,1,1,,1,,1,2,1,1,2,2,,2,1,,1,1,2,,1,1,1,2,2,2,2,2,,,,,,,,,,1,2,,,,,,,,,,,,,,
2024,"Egypt, Arab Rep.",EGY,Middle East & North Africa (excluding high income),77385958,210795077,0.257212146,2,51,2,5,1,1,1,0,1,1,1,0,4,4,4,4,0,2,1,1,1,1,2,2,2,,1,1,1,2,,,,,,,,,,,,,,,,,,,,,,,,,2,2,2,,,,2,2,2,,2,2,2,,2,2,1,,,2,3,1,4,2,,,,2,2,,4,1,2,,1,2,1,1,1,1,2,2,,1,2,,,,,,,,,2,2,,,,,,,,2,,,,,,1,1,1,,,,,,,,,,,,,,1,,1,1,,1,,1,2,1,1,2,1,2,1,1,,1,1,2,,2,1,1,1,1,2,2,2,,,,,,,,,,1,2,,,,,,,,,,,,,,
2024,"Egypt, Arab Rep.",EGY,Middle East & North Africa (excluding high income),77385958,210999593,0.705945122,1,23,2,5,2,2,0,0,0,0,0,0,4,4,4,4,0,4,3,0,2,,,,,,,,,,2,2,1,2,2,2,1,2,2,,,,,,,,,,,,,,,,2,2,2,,,,2,2,2,,2,2,2,,2,2,2,,,2,2,1,1,2,,,,2,2,,4,2,2,,2,,2,,2,2,,,,,2,,,,,,,,,2,2,,,,,,,,2,,,,,,3,1,1,,,,,,,,,,,,,,1,,1,3,,1,,1,4,1,1,1,2,,2,1,,3,1,3,,1,1,1,1,2,2,2,2,,,,,,,,,,1,2,,,,,,,,,,,,,,
2024,"Egypt, Arab Rep.",EGY,Middle East & North Africa (excluding high income),77385958,211041057,2.803104244,2,54,1,1,2,2,0,0,0,0,1,0,4,4,4,4,0,2,3,0,2,,,,,,,,,,2,2,2,1,1,2,1,2,2,,,,,,,,,,,,,,,,2,,2,,,,2,2,2,,2,,1,,1,2,1,,,,2,1,1,2,,,,,,,,,,,2,,2,,2,1,2,2,,1,2,,,,,,,,,2,2,,,,,,,,2,,,,,,4,0,1,,,,,,,,,,,,,,2,2,1,1,,1,,2,2,2,,2,2,,2,2,2,,,,,,,,,,,,,1,1,2,1,2,2,2,1,1,1,2,,,,,,,,,,,,,,
2024,"Egypt, Arab Rep.",EGY,Middle East & North Africa (excluding high income),77385958,211041815,0.257212146,2,48,2,4,1,2,0,1,1,1,1,1,2,4,4,4,0,2,1,1,2,,,,,,,,,,2,2,1,2,2,2,2,2,2,,,,,,,,,,,,,,,,2,1,2,3,2,2,,2,2,,1,1,1,,2,1,1,,,,7,,4,2,,,,2,2,,1,2,2,,1,1,1,1,2,1,2,2,,1,1,2,2,2,1,,,,,2,2,,,,,,,,2,,,,,,4,0,1,,,,,,,,,,,,,,2,2,1,1,,2,,,3,2,,2,2,,2,2,2,,,,,,,,,,,,,1,2,2,2,2,2,2,2,1,1,2,,,,,,,,,,,,,,
